sample_id,N_predicted_mgkg,P_predicted_mgkg,K_predicted_mgkg
02010/06A/11-10-07/NIT/2,88.88179250679023,19.992108370454627,167.7697961411191
02010/06A/11-10-07/NIT/3,72.84564415055979,18.231759175454076,159.8798315084795
02010/08A/11-08-29/NIT/1,79.60687261206563,18.58785384582148,171.39086360245247
02010/08A/11-08-29/NIT/2,76.19700930542612,18.151563895807843,167.27774508194346
02010/08A/11-08-29/NIT/3,70.0067401971748,17.926875964973664,159.3511995508742
02010/10A/11-10-07/NIT/1,89.91230288370217,20.11716840616148,168.77736830024378
02010/10A/11-10-07/NIT/2,76.65890942078323,18.240459675938478,167.84746449291967
02010/10A/11-10-07/NIT/3,67.28139781148805,17.08968883277009,159.68098929321906
02010/11A/11-08-31/NIT/1,88.35598451206273,19.628931295994473,167.19997916675015
02010/11A/11-08-31/NIT/2,83.15395377671659,19.376920602786175,172.77911433487074
02010/11A/11-08-31/NIT/3,83.85414325424999,18.804760273884163,172.208632719432
02010/18A/11-10-07/NIT/1,91.44778920220098,23.793431396694565,173.23945659788788
02010/18A/11-10-07/NIT/2,79.58375241331832,18.445801836581833,171.416774192708
02010/18A/11-10-07/NIT/3,68.87870373330468,17.551939939629875,158.4335336337356
02010/30A/11-08-29/NIT/1,90.01576528034006,22.617780164402294,170.8487474399184
02010/30A/11-08-29/NIT/2,85.64116634315452,19.76475074102908,168.6222526685021
02010/30A/11-08-29/NIT/3,70.16365114513015,17.825710395673216,160.6523523635059
02012/01A/11-08-03/NIT/1,85.54489040078484,19.519635806563695,170.01198329572787
02012/01A/11-08-03/NIT/2,85.84083060680878,19.74020044270949,168.91077355798348
02012/01A/11-08-03/NIT/3,72.24590795708679,17.605812842478723,165.71738652054742
02012/02A/11-08-03/NIT/1,84.71624729141782,18.98170255537718,170.31372936871352
02012/02A/11-08-03/NIT/2,85.69899265269856,20.112466663513686,170.84251393771703
02012/02A/11-08-03/NIT/3,83.23959533095564,19.262412409772782,171.68847757057094
02012/04A/11-08-23/NIT/1,84.06763106821194,19.239698341628717,170.95138522783267
02012/04A/11-08-23/NIT/2,84.21461440831993,19.05279348519987,171.42004364606362
02012/04A/11-08-23/NIT/3,79.88417927820701,18.7923608382122,170.09252231165866
02012/06A/11-08-23/NIT/1,90.28526407837431,21.606702338184345,169.15541849203
02012/06A/11-08-23/NIT/2,91.90917396416951,22.612876256761698,169.62603113753997
02012/06A/11-08-23/NIT/3,85.50552326252604,19.911651672140096,169.2831923932586
02012/31A/11-08-23/NIT/1,84.84123317635685,19.065973408717372,170.79696693511838
02012/31A/11-08-23/NIT/2,77.57969569379509,18.017453454896035,171.02652226599614
02012/31A/11-08-23/NIT/3,68.88129167373131,18.095276831535035,159.03503887924703
02013/01A/11-08-11/NIT/1,72.3570903520165,17.584348892571544,163.96334907981156
02013/01A/11-08-11/NIT/2,65.45011192973674,16.331258723124762,155.20199569413344
02013/01A/11-08-11/NIT/3,88.51231665505541,20.793008207070148,169.75273241594817
02013/02A/11-08-11/NIT/1,89.69905503169294,21.384203495720154,170.74641590425958
02013/02A/11-08-11/NIT/2,74.03528627508311,17.61290092046802,167.1568444355681
02013/02A/11-08-11/NIT/3,89.50048820044903,22.210250541252062,165.8029045179001
02013/04A/11-10-10/NIT/1,72.38994635526916,18.477295576924366,165.2090410994611
02013/04A/11-10-10/NIT/2,67.39460214402588,16.84909658154462,158.98098034948814
02013/04A/11-10-10/NIT/3,82.58920348335994,19.37994606826825,171.58866734463723
02013/05A/11-10-23/NIT/1,93.84150267551782,22.6484054706621,189.35611062723055
02013/05A/11-10-23/NIT/2,91.48460820068911,21.599477490417318,182.30473693827784
02013/05A/11-10-23/NIT/3,90.0727394443383,21.71461965462921,165.63607411790474
02013/05B/11-10-23/NIT/1,79.92605038066547,19.171661643682523,170.40725803928413
02013/05B/11-10-23/NIT/2,91.22174152099875,22.17512969148571,188.29493809272574
02013/05B/11-10-23/NIT/3,120.25776271041647,33.183957031342636,240.11143280474923
02013/06A/11-10-23/NIT/1,108.38182261473828,27.898895945154525,207.09273110269947
02013/06A/11-10-23/NIT/2,99.35305920533615,24.431882858319863,186.768718759238
02013/06A/11-10-23/NIT/3,90.04892793691542,21.598969576251715,171.42918792353885
02013/07A/11-10-10/NIT/1,84.95129535484615,19.76373277804731,170.1044169606101
02013/07A/11-10-10/NIT/2,67.48244340177189,18.191203268593863,160.04645326714763
02013/07A/11-10-10/NIT/3,106.41646444077416,29.06016329888885,211.2097746869511
02013/08A/11-10-07/NIT/1,78.10401379256005,18.302932295609743,166.50226757880895
02013/08A/11-10-07/NIT/2,88.57600790255205,21.089405853155498,185.7542960960014
02013/08A/11-10-07/NIT/3,104.01739290386512,27.001569117907327,195.22074070714598
02013/20A/11-10-23/NIT/1,100.46219355266986,25.941418441209592,195.9739276622049
02013/20A/11-10-23/NIT/2,88.65085588421739,21.591113541019656,181.95605889704862
02013/20A/11-10-23/NIT/3,119.96716156847346,32.27019749575111,239.53723315314528
02013/20B/11-10-23/NIT/1,91.14797826246446,21.365903359801134,166.6487604710959
02013/20B/11-10-23/NIT/2,96.29929817509849,24.33562854056071,187.55146581548587
02013/20B/11-10-23/NIT/3,71.29023241120588,17.874428101099294,158.56487469545203
02014/01A/11-08-04/NIT/1,75.9948403093832,17.93337699439886,167.29841353348385
02014/01A/11-08-04/NIT/2,68.6257021914595,17.669000682812122,157.61029915565499
02014/01A/11-08-04/NIT/3,71.32580306798731,18.312481937801767,159.71376018252423
02014/03A/11-10-22/NIT/1,66.03632219193143,17.754504985673265,157.0745745862291
02014/03A/11-10-22/NIT/2,67.15124229335409,17.260414165511747,159.97195522845385
02014/03A/11-10-22/NIT/3,98.12853309300111,23.71080538265352,191.8380706192623
02014/03B/11-10-22/NIT/1,77.37919591494763,18.431774137327714,172.5610666417154
02014/03B/11-10-22/NIT/2,67.72384880515476,17.73081916024491,158.36965341935402
02014/03B/11-10-22/NIT/3,69.07041447353986,17.85682832722119,157.68538531575163
02014/04A/11-09-02/NIT/1,70.372637097734,18.073610112624554,160.7332035674605
02014/04A/11-09-02/NIT/2,68.37397830202273,17.32993925558956,158.88135587835313
02014/04A/11-09-02/NIT/3,82.92124140308808,19.1995682281739,172.6347288602817
02014/05A/11-09-02/NIT/1,71.51320799867138,18.205349332599663,162.71578325851485
02014/05A/11-09-02/NIT/2,67.8001395621448,17.50709802051442,159.54991612522372
02014/05A/11-09-02/NIT/3,73.48765485159531,17.451908313473528,164.33479751523205
02014/06A/11-09-02/NIT/1,69.76218602148134,17.93512230137541,160.86887001652067
02014/06A/11-09-02/NIT/2,68.41166916292059,17.304231491901323,159.89135877764116
02014/06A/11-09-02/NIT/3,82.78727407567466,19.162326418889542,172.99042604718503
02014/07A/11-10-10/NIT/1,82.99268755915163,19.458253032856017,172.22322409215357
02014/07A/11-10-10/NIT/2,67.6710156132332,17.643971015030832,155.52287188549516
02014/07A/11-10-10/NIT/3,89.42239225641445,20.695742200302895,166.48035818773292
02014/08A/11-09-21/NIT/1,70.9745529007652,18.362768312574236,158.1825127081599
02014/08A/11-09-21/NIT/2,71.2200173514359,18.21891628106216,157.96045416730803
02014/08A/11-09-21/NIT/3,71.41082915925803,17.842621856318306,159.31758739631562
02015/02A/11-08-15/NIT/1,68.47667141376657,18.037243082343597,159.3354027475913
02015/02A/11-08-15/NIT/2,67.9594963636592,17.37664666039002,159.7886626945215
02015/02A/11-08-15/NIT/3,75.51202515040137,17.987663329957076,163.92964177627348
02015/03A/11-08-15/NIT/1,69.52009014076715,17.669956538156793,158.75289556803776
02015/03A/11-08-15/NIT/2,68.85971066551348,17.585219978574127,157.789741711431
02015/03A/11-08-15/NIT/3,71.32966070061198,17.968067592762303,158.83926515417127
02015/04A/11-08-15/NIT/1,71.41777639151108,18.012818529787356,158.6516956295986
02015/04A/11-08-15/NIT/2,68.35936605569725,17.376890866407553,158.71538147996498
02015/04A/11-08-15/NIT/3,71.64731784481002,17.755454303571295,158.7695383350072
02015/11A/11-10-14/NIT/1,68.41820634521976,17.484237468927684,158.9447738350864
02015/11A/11-10-14/NIT/2,67.12961767995085,17.186648315134363,158.91730903307317
02015/11A/11-10-14/NIT/3,68.41581086131096,18.276817616787966,157.11575227833347
02015/13A/11-10-14/NIT/1,68.86316486884793,17.74664095447851,156.75096235231823
02015/13A/11-10-14/NIT/2,68.81821954562164,17.73810563309754,155.56055395339942
02015/13A/11-10-14/NIT/3,72.63207664596976,18.206767370913777,161.04651101860907
02015/14A/11-10-14/NIT/1,68.51571258512088,17.874476898806396,156.71349842205578
02015/14A/11-10-14/NIT/2,75.79502174240925,18.086513293538456,164.98121976063138
02015/14A/11-10-14/NIT/3,79.25609243898691,18.457926266355514,173.8403055294452
02016/01A/11-11-03/NIT/1,83.74491152104643,19.23417885123903,170.96036932747128
02016/01A/11-11-03/NIT/2,67.79224372165113,18.161404405278613,159.36300634014256
02016/01A/11-11-03/NIT/3,76.23546472189327,18.099863407696358,165.33401837947477
02016/02A/11-11-03/NIT/1,75.65699822125623,18.471438825960508,164.35862090716907
02016/02A/11-11-03/NIT/2,77.39816059706713,17.949843423185236,168.57829750408104
02016/02A/11-11-03/NIT/3,79.02408567842981,18.411632834124322,171.42002739806097
02017/01A/11-10-12/NIT/1,80.24574420701707,18.380788729828968,173.2654410879515
02017/01A/11-10-12/NIT/2,67.30786486514361,17.210351604452686,160.30425146214964
02017/01A/11-10-12/NIT/3,84.10931619480873,19.13987777517801,172.22009526389033
02017/07B/11-10-12/NIT/1,69.27119119978371,17.55794868984364,157.09621138926198
02017/07B/11-10-12/NIT/2,67.9136354087496,17.456183965093803,159.65277159295067
02017/07B/11-10-12/NIT/3,80.38370539546682,18.589803573258738,173.08016133507215
02017/11A/11-08-31/NIT/1,77.14150630982975,18.009775433740383,168.0233832885726
02017/11A/11-08-31/NIT/2,69.41012770908038,17.70118631867231,158.98538390214358
02017/11A/11-08-31/NIT/3,76.24637692003814,17.94520913583167,167.78595332947262
02017/13A/11-10-12/NIT/1,86.33769872920955,19.41851746922359,166.89041397419717
02017/13A/11-10-12/NIT/2,68.12159013144371,17.390374762864006,160.0240828076529
02017/13A/11-10-12/NIT/3,75.91563691164691,17.795883322778447,166.48834535069867
02017/25A/11-08-31/NIT/1,75.25467458154915,17.97232697186597,162.85493978140792
02017/25A/11-08-31/NIT/2,68.63999189626428,17.73630300072328,159.44746431146078
02017/25A/11-08-31/NIT/3,76.96352748725538,18.07600931710299,168.28629750632135
02017/26A/11-08-31/NIT/1,85.54950544570828,19.199241758501195,169.7360109431273
02017/26A/11-08-31/NIT/2,68.56764062809415,17.3286545133567,160.1610572403401
02017/26A/11-08-31/NIT/3,86.25917570258038,19.847857096065194,167.69039370021855
02017/28A/11-10-12/NIT/1,69.58848153884243,18.02830302648911,159.49168099214174
02017/28A/11-10-12/NIT/2,67.60555578946085,16.934570271981567,159.94795035344558
02017/28A/11-10-12/NIT/3,89.62139979630912,21.14195953305052,169.6586341477591
02018/01A/11-08-30/NIT/1,77.97089846405187,18.377889025417183,170.31818826854573
02018/01A/11-08-30/NIT/2,68.78569162796903,17.670445648843444,158.38825405648055
02018/01A/11-08-30/NIT/3,89.27436239595241,20.33442599403013,168.93170417621667
02018/02A/11-10-19/NIT/1,68.6257021914595,17.526613635944354,159.54578756424647
02018/02A/11-10-19/NIT/2,67.79622518380546,17.228077512934135,159.41882464670968
02018/02A/11-10-19/NIT/3,89.01293021498459,21.2664371340221,170.3835993238117
02018/03A/11-10-19/NIT/1,76.28473707008335,18.42653561762557,168.0282396187123
02018/03A/11-10-19/NIT/2,68.75789571196582,17.560854934484723,159.37622126420953
02018/03A/11-10-19/NIT/3,83.47598668876776,18.714984321185593,171.28341019834642
02018/04A/11-10-19/NIT/1,75.25095743266424,18.045057339804043,164.3884583761606
02018/04A/11-10-19/NIT/2,68.89365304734844,17.553466454092092,158.94667410213057
02018/04A/11-10-19/NIT/3,88.22344577167499,20.090521339380803,167.00393372103247
02018/05A/11-10-19/NIT/1,90.12267020340336,21.220930813721615,169.96693033500858
02018/05A/11-10-19/NIT/2,69.01549245805965,17.599443606701595,158.88909249219265
02018/05A/11-10-19/NIT/3,77.30066649353192,18.333895067293884,168.16477049543653
02018/06A/11-08-30/NIT/1,69.73016945291941,18.147229226232916,163.11573947648267
02018/06A/11-08-30/NIT/2,68.64294906015097,17.646724227395094,159.87907955653577
02018/06A/11-08-30/NIT/3,76.60644255301585,18.239465848977762,167.77641578561975
02018/07A/11-08-30/NIT/1,70.36875869823139,18.023737489486198,159.50278614312498
02018/07A/11-08-30/NIT/2,68.81526114761813,17.468450167195403,157.89370361597392
02018/07A/11-08-30/NIT/3,89.84653688183347,21.451949512422594,170.14116010542224
02018/08A/11-10-19/NIT/1,89.67002165821334,22.09152167782513,167.89541756988834
02018/08A/11-10-19/NIT/2,70.21657382238224,17.815006574127057,159.78078809252492
02018/08A/11-10-19/NIT/3,72.2348266839886,18.0990858871288,158.99097883363712
02020/01A/11-10-06/NIT/1,68.73695035439134,17.5022541354351,157.88265881323477
02020/01A/11-10-06/NIT/2,67.1149784927582,17.20452342651893,159.84777355624138
02020/01A/11-10-06/NIT/3,81.61957322566624,19.003072059345033,173.6113566344695
02020/03A/11-10-06/NIT/1,68.94795440027295,17.607400992359135,157.96260951621613
02020/03A/11-10-06/NIT/2,66.98354686634444,17.2079955083379,159.83487142592767
02020/03A/11-10-06/NIT/3,86.08678945287453,19.22269949554546,169.37242464869112
02020/07A/11-10-06/NIT/2,90.66626827904925,21.628011279128234,167.3270453912211
02020/07A/11-10-06/NIT/3,84.75384315659325,18.50834524548861,170.10568028292366
02020/09A/11-08-29/NIT/1,84.99349207805737,19.06255837702015,170.1091043950791
02020/09A/11-08-29/NIT/2,84.21801207158713,19.04222419741843,172.94628879653376
02020/09A/11-08-29/NIT/3,68.56063476156623,17.45126058176589,159.80075869464756
02021/01A/11-10-17/NIT/1,90.33582179290211,21.359109198568337,169.85455013090072
02021/01A/11-10-17/NIT/2,88.64936397299617,20.37780786582918,168.56424887116418
02021/01A/11-10-17/NIT/3,68.21488164365513,17.47292894558799,156.99347667883964
02021/02A/11-09-05/NIT/1,71.49552199866496,18.450794505845703,159.50943043152952
02021/02A/11-09-05/NIT/2,70.69178123416249,18.302970378426085,156.94954485215766
02021/02A/11-09-05/NIT/3,84.27630661487743,18.58516383982578,172.45111007771348
02021/06A/11-10-17/NIT/1,89.44530809735643,21.509906396079035,171.44622277216857
02021/06A/11-10-17/NIT/2,83.47320527414074,19.61538504984068,171.34985042435358
02021/06A/11-10-17/NIT/3,71.85138874651118,17.982373492235673,162.67436544870375
02021/08A/11-10-17/NIT/1,77.93434943000369,18.34559321594171,171.30441587313803
02021/08A/11-10-17/NIT/2,79.13282526819673,18.424628494560718,173.07304446897692
02021/08A/11-10-17/NIT/3,68.43855524084454,17.584668560095274,159.34495089944875
02021/09A/11-09-23/NIT/1,76.28368204555603,18.394037628680152,166.50718687376474
02021/09A/11-09-23/NIT/2,89.92187613569716,20.363376397172548,170.72545869322104
02021/09A/11-09-23/NIT/3,77.15535270682452,18.182832710998046,169.16688895560614
02021/11A/11-10-17/NIT/1,91.00999601459392,22.77292018230923,175.31282549283165
02021/11A/11-10-17/NIT/2,85.4812751108537,20.2327677194503,169.187429232597
02021/11A/11-10-17/NIT/3,68.2435416267076,17.456894865002656,157.7697633873107
02021/12A/11-10-17/NIT/1,77.37908196230299,17.977683144130726,168.36142728430858
02021/12A/11-10-17/NIT/2,77.48494310833611,18.29077251759779,168.21588241070586
02021/12A/11-10-17/NIT/3,69.14247050043157,17.59289384112512,159.3276522259733
02021/16A/11-09-23/NIT/1,76.7417769959917,18.38753842836927,168.4780744291987
02021/16A/11-09-23/NIT/2,85.0514728016933,19.05311088874093,171.49910065929836
02021/16A/11-09-23/NIT/3,78.74897473257475,18.624700309317443,173.07304446897692
03001/01A/11-08-22/NIT/1,88.96061246604896,22.136123664090594,171.87561677660284
03001/01A/11-08-22/NIT/2,89.66854693987018,22.058950381778587,171.00697154476666
03001/01A/11-08-22/NIT/3,66.53079380384436,17.539875874895618,158.89329070856755
03001/03A/11-08-22/NIT/1,85.49064777220862,19.855779650482937,167.48469811065382
03001/03A/11-08-22/NIT/2,89.14397192626744,22.01020177360535,171.4769103713667
03001/03A/11-08-22/NIT/3,93.52242486164378,24.6611270306903,175.77076929037875
03001/04A/11-08-22/NIT/1,89.17463907542904,21.60441934129226,171.12248529629827
03001/04A/11-08-22/NIT/2,89.02223371248323,21.37433237616073,171.4833718175673
03001/04A/11-08-22/NIT/3,89.45121129385166,21.556392123497236,170.41401456694294
03001/07A/11-08-22/NIT/1,89.4817963188686,22.160260396451815,171.10852829560602
03001/07A/11-08-22/NIT/2,95.7484002248203,25.00145048809664,174.38710573363224
03001/07A/11-08-22/NIT/3,87.89327612843637,21.953676063340026,171.65676968509368
03001/14A/11-08-22/NIT/1,89.14397192626744,21.80151668538831,171.4769103713667
03001/14A/11-08-22/NIT/2,88.62766923084614,20.068779868581483,168.96618057649852
03001/14A/11-08-22/NIT/3,85.65861489594481,19.910943672073,168.08036089810756
03001/15A/11-08-22/NIT/1,90.7321664314625,23.12771692255807,176.33273041182602
03001/15A/11-08-22/NIT/2,90.40827549504213,23.04170901809092,176.14749982604917
03001/15A/11-08-22/NIT/3,84.38332828743923,19.18253139663939,172.23947501278528
03001/16A/11-08-22/NIT/1,89.27973634515817,21.398959482906104,170.01302719503795
03001/16A/11-08-22/NIT/2,89.71115708268044,21.608102978604872,171.35008499687547
03001/16A/11-08-22/NIT/3,88.91164212265706,21.94889532114608,170.7475056357009
03001/17A/11-08-22/NIT/1,89.33223195285824,21.529236569967455,172.2323615955484
03001/17A/11-08-22/NIT/2,89.45121129385166,21.556392123497236,170.41401456694294
03001/17A/11-08-22/NIT/3,83.05319044446173,19.29805766811631,169.94962246213495
03002/01A/11-11-09/NIT/1,90.60162672119058,23.138725559307037,176.82283192967017
03002/01A/11-11-09/NIT/3,95.54189414719905,24.682939413825654,173.83057282187255
03002/03A/11-11-09/NIT/1,91.12883633057903,23.984149527341206,175.29185251450278
03002/03A/11-11-09/NIT/2,90.16244398582126,23.967154634678213,175.1226640040995
03002/03A/11-11-09/NIT/3,89.55007507711316,22.94345127147565,175.53512365997685
03002/04A/11-09-25/NIT/1,89.04860664016697,21.772693690951012,171.70412941714588
03002/04A/11-09-25/NIT/2,84.48157599839695,19.285995675696693,168.24606696701719
03002/04A/11-09-25/NIT/3,90.05677635196446,23.540618107698343,174.84023584277801
03002/05A/11-09-18/NIT/1,83.28455709682733,19.188709492798072,170.10351437055192
03002/05A/11-09-18/NIT/2,87.98261593830081,21.985537297564097,171.401796053421
03002/05A/11-09-18/NIT/3,79.28365376316879,19.03015669248966,171.32540371744508
03002/06A/11-09-25/NIT/1,65.32652162341772,18.19304106040113,157.11130047564652
03002/06A/11-09-25/NIT/2,89.51965190320685,21.31320388102018,171.11896649622182
03002/06A/11-09-25/NIT/3,89.41535461459138,21.934660363097606,171.23292764382197
03002/12B/11-09-25/NIT/1,88.86613093631115,22.1161008305243,171.1046267351943
03002/12B/11-09-25/NIT/2,100.01386036964475,26.153437700781016,195.88853046768375
03002/12B/11-09-25/NIT/3,99.39173364065046,25.784602071078474,193.45189860817916
03003/01A/11-10-06/NIT/1,81.51148754622433,19.18420575551787,173.14731691922992
03003/01A/11-10-06/NIT/2,91.38172379761491,23.21369768271018,176.31190791475663
03003/01A/11-10-06/NIT/3,70.52297361040618,18.298634061133733,165.41480672919357
03003/02A/11-10-06/NIT/1,99.94573778278821,25.97465733975547,195.17829592684492
03003/02A/11-10-06/NIT/2,90.16967745881784,23.10663419765621,176.67504570271424
03003/02A/11-10-06/NIT/3,82.53826647350643,19.211858076215474,172.10042226834136
03003/03A/11-10-06/NIT/1,94.93156336861638,24.974855913656963,182.97705527484612
03003/03A/11-10-06/NIT/2,87.82218773844137,20.69649016238429,168.31011612840007
03003/03A/11-10-06/NIT/3,79.42610189447991,18.556947767804065,171.8580931962693
03003/03B/11-10-06/NIT/1,89.88348900826509,22.84983496536248,177.4543696827775
03003/03B/11-10-06/NIT/2,65.71877374258402,17.082217277906846,155.07843258469015
03003/03B/11-10-06/NIT/3,65.42113923726123,17.04032824208085,155.6829549513328
03003/05A/11-10-06/NIT/1,96.5619629260133,25.964410849330473,187.5330282806182
03003/05A/11-10-06/NIT/2,91.56017033033756,23.744450873361295,176.24345614875617
03003/05A/11-10-06/NIT/3,63.349537698715125,16.020924703591543,151.11032888633665
03003/08A/11-10-06/NIT/1,90.6259937077648,23.681429049502302,175.8820523405291
03003/08A/11-10-06/NIT/2,88.06756771925774,20.588851564808433,167.31493145085258
03003/08A/11-10-06/NIT/3,62.58087608002719,16.31979144659675,150.41317183698033
03003/09A/11-10-06/NIT/1,100.5895609774648,25.971417303203296,196.06622758922603
03003/09A/11-10-06/NIT/2,96.80579245979045,25.743504677357624,189.22136072873604
03003/09A/11-10-06/NIT/3,88.64136582396061,20.7408625285789,169.9922537443983
03003/11A/11-10-06/NIT/1,94.82767697417061,24.837914810030146,176.86177752550057
03003/11A/11-10-06/NIT/2,62.335385032124066,15.959697978044375,153.49466989580318
03003/11A/11-10-06/NIT/3,66.39396044702191,17.2556831873806,158.8301538761566
03004/01A/11-09-27/NIT/1,88.97253001894873,22.002292392925966,170.65143218781904
03004/01A/11-09-27/NIT/2,85.7857349172479,20.055760710532542,170.9942181846935
03004/01A/11-09-27/NIT/3,63.20237907145846,15.861196667258787,152.39631371390547
03004/02A/11-09-27/NIT/1,88.96061246604896,21.760823205829503,171.3471889464175
03004/02A/11-09-27/NIT/2,87.70268991028662,20.265724871939927,168.35155242399205
03004/02A/11-09-27/NIT/3,62.77479068599592,15.279697537974291,156.6408212422273
03004/02B/11-09-27/NIT/1,83.13290377076918,19.20698938699945,171.94620796577257
03004/02B/11-09-27/NIT/2,82.51930950498259,19.16279566535198,172.1624368594014
03004/02B/11-09-27/NIT/3,62.55329027922277,15.308347582508578,156.715004581248
03004/03A/11-09-27/NIT/1,92.36336977880644,23.465760691260318,173.66746120754402
03004/03A/11-09-27/NIT/2,94.865754803766,25.176552763609365,183.5961230761378
03004/03A/11-09-27/NIT/3,88.20332445939984,20.707366669442134,170.09585742819712
03004/06A/11-09-27/NIT/1,89.14397192626744,22.260609087724582,171.4769103713667
03004/06A/11-09-27/NIT/2,63.06006920818875,16.545505334232217,151.41019407204314
03004/06A/11-09-27/NIT/3,63.17608981474057,15.388367584162017,153.73081160660837
03004/08A/11-09-27/NIT/1,89.51405241030542,23.355941334735018,176.00556011423348
03004/08A/11-09-27/NIT/2,89.47753337171282,23.413143300429635,175.9083283220273
03004/08A/11-09-27/NIT/3,62.77479068599592,15.279697537974291,156.6408212422273
03004/12A/11-09-27/NIT/1,96.47049896961762,24.604005273429802,174.07714776962192
03004/12A/11-09-27/NIT/2,96.63914678122902,24.288712631970203,180.89340767410766
03004/12A/11-09-27/NIT/3,62.14605026022176,15.472663704758565,157.39747024486618
03004/15A/11-09-27/NIT/1,100.45336764627662,26.531001766966693,189.32050367302472
03004/15A/11-09-27/NIT/2,96.36864776292776,24.584048776905032,174.34487659956463
03004/15A/11-09-27/NIT/3,64.25340152362168,16.50827055876044,151.76104019142423
03004/18A/11-10-13/NIT/1,89.7041209012501,21.569025915777093,170.0598931059666
03004/18A/11-10-13/NIT/2,88.51341404695656,21.903793039834614,171.34102321224614
03004/18A/11-10-13/NIT/3,64.58004152508018,16.47572812095835,154.14246146065582
03004/19A/11-10-19/NIT/1,89.52355559214082,23.13949602957717,172.32502989298683
03004/19A/11-10-19/NIT/2,88.7292396592362,21.948363319863155,173.56749708565783
03004/19A/11-10-19/NIT/3,61.73863663466631,15.489441843086656,157.4398616266797
03005/05A/11-10-09/NIT/1,95.24186331977309,25.31913856183417,183.44512461416772
03005/05A/11-10-09/NIT/2,70.18116553139883,17.855991658128985,159.56744100250884
03005/05A/11-10-09/NIT/3,67.21181344919468,17.372609665715444,157.03699521820994
03005/07A/11-10-09/NIT/1,90.4274121325661,23.935879781548824,175.4951556657222
03005/07A/11-10-09/NIT/2,95.39425789045747,25.32511938671048,183.91911893513998
03005/07A/11-10-09/NIT/3,67.38583683930572,17.45339834462391,158.75797905036657
03005/08A/11-10-09/NIT/1,100.0827578502759,26.034814334941967,195.06811316573086
03005/08A/11-10-09/NIT/2,101.83289249582974,26.954142984476707,197.54034615760793
03005/08A/11-10-09/NIT/3,90.69622023535088,23.113219847823466,177.53587638093344
03005/20A/11-10-09/NIT/1,95.95268605035665,24.86015142427749,176.52253213684875
03005/20A/11-10-09/NIT/2,95.04888136145989,25.19437159900564,183.14990303378698
03005/20A/11-10-09/NIT/3,69.00871195807137,18.085965125833592,161.71093697812628
03005/21A/11-10-09/NIT/1,83.37213926798829,19.32773073517193,171.34052012090436
03005/21A/11-10-09/NIT/2,68.03340423155113,18.216520428467984,158.1395777254091
03005/21A/11-10-09/NIT/3,67.58903193232877,17.63853798750478,157.30419233798105
03005/22A/11-10-09/NIT/1,95.61641885330478,26.01259211111271,182.65718996081793
03005/22A/11-10-09/NIT/3,82.99615883884785,19.270568976347224,170.16093417444924
03005/26A/11-10-09/NIT/1,70.13137301778367,18.01587072033485,160.86410376174828
03005/26A/11-10-09/NIT/2,101.04026889305347,25.947992769493393,196.77646213006486
03005/26A/11-10-09/NIT/3,83.95744883694839,19.58287469404525,169.4962371391712
03005/31A/11-10-09/NIT/1,102.92033368480121,27.21447133091195,199.35014670287208
03005/31A/11-10-09/NIT/2,89.49136019826591,21.866607845451128,172.50878012349372
03006/01A/11-10-18/NIT/1,94.52243643737091,24.726144788246835,182.9508413368398
03006/02A/11-10-18/NIT/2,65.73369631888471,17.66883837924171,158.15037971370097
03006/02A/11-10-18/NIT/3,63.243316355427126,16.026320443430055,152.85728903158827
03006/11A/11-09-23/NIT/1,89.8820148534788,21.91044006219541,171.25880048480363
03006/11B/11-09-23/NIT/1,90.22389563402824,21.663471227105067,170.08337153442722
03006/11B/11-09-23/NIT/2,62.65387400161029,16.343447156918106,151.15288179293162
03006/11B/11-09-23/NIT/3,62.10121202685384,15.899846046150126,154.8991776520265
03006/11C/11-09-23/NIT/2,63.193366800147054,15.478575113961556,154.13338715888943
03006/11C/11-09-23/NIT/3,67.99463500290763,17.343280959192366,159.4945473686291
03006/26A/11-09-23/NIT/1,95.3904469178543,24.762450850173728,174.6076669204235
03006/26A/11-09-23/NIT/2,70.16627555444036,18.376151025885488,162.95973080687716
03006/26A/11-09-23/NIT/3,64.21343435390203,16.16663120082473,150.84182111252102
03006/27A/11-10-18/NIT/1,89.74976602538113,23.948720104244043,175.4951556657222
03006/27A/11-10-18/NIT/2,76.46525517094706,17.756382752230262,170.67777274305817
03006/27A/11-10-18/NIT/3,62.55329027922277,15.308347582508578,156.715004581248
03006/28A/11-10-18/NIT/1,89.6581877908714,24.155423463027912,175.73805043587544
03006/28A/11-10-18/NIT/2,82.95930165628094,19.247971562851244,170.6892372821113
03006/28A/11-10-18/NIT/3,62.55329027922277,15.308347582508578,156.715004581248
03008/01A/11-09-26/NIT/1,87.62624313890736,21.10369698500661,168.95461205533624
03008/01A/11-09-26/NIT/2,82.91982057804958,19.20377784120377,171.63284342424743
03008/01A/11-09-26/NIT/3,62.7753587130373,15.674864584821073,152.99609643605658
03008/01B/11-09-26/NIT/1,89.77818229599525,22.88092947109387,176.6604221415994
03008/01B/11-09-26/NIT/2,90.90015593648471,23.158347310262467,175.17923968585896
03008/01B/11-09-26/NIT/3,62.63881462631368,15.733674344054345,153.89324056595476
03008/06A/11-09-26/NIT/1,89.8820148534788,21.90797842041492,171.25880048480363
03008/06A/11-09-26/NIT/2,87.3364739974737,21.04063659737476,168.52864822292693
03008/06A/11-09-26/NIT/3,62.91018984179667,15.840432340698511,152.03548072153086
03008/07A/11-10-19/NIT/1,90.2456473461436,22.988187803555203,175.51338083019195
03008/07A/11-10-19/NIT/2,87.49224048470067,20.761381422622147,167.5185594563812
03008/07A/11-10-19/NIT/3,62.8173116167311,15.054405825540792,156.2557824084046
03008/12A/11-10-19/NIT/2,88.94278232849182,22.01020177360535,171.4769103713667
03008/12A/11-10-19/NIT/3,62.239007170403944,15.3062670258145,156.9154156267425
03008/12B/11-10-19/NIT/1,90.38246965557208,21.9030562476663,169.91446759703737
03008/12B/11-10-19/NIT/3,61.988117383004784,15.087234403863548,155.65227198150566
03008/14A/11-09-26/NIT/1,87.54773096582109,21.086200422150387,168.3565163466304
03008/14A/11-09-26/NIT/2,88.816535231103,21.665182288131117,171.6426704446953
03008/14A/11-09-26/NIT/3,62.98014962361119,15.756620584341553,151.94403212795376
03008/16A/11-09-26/NIT/1,89.52355559214082,22.73024700722909,172.32502989298683
03008/16A/11-09-26/NIT/2,89.68130658920948,23.841421929079264,175.7595269152059
03008/16A/11-09-26/NIT/3,62.71724942288395,15.724885215831295,152.30092310352356
03008/16B/11-09-26/NIT/1,88.45724989520158,21.83330871626531,171.54209780274624
03008/16B/11-09-26/NIT/2,89.83762398213942,23.275676164644057,176.03883953094888
03008/16B/11-09-26/NIT/3,64.79553858918406,15.973859630799975,152.2753217107821
03008/22A/11-09-26/NIT/1,95.82637927264216,25.192748923969038,177.28204605717852
03008/22A/11-09-26/NIT/2,67.53963837057809,17.660845101256417,156.03515612795744
03008/22A/11-09-26/NIT/3,91.44778920220098,24.16676617872397,173.77757328276678
03009/02A/11-09-17/NIT/1,88.95037453481346,21.6406791992358,171.3671198455052
03009/02A/11-09-17/NIT/2,90.52904741700519,23.737773034449734,175.9083283220273
03009/02A/11-09-17/NIT/3,63.83748582208167,17.766262595978578,157.64433176813355
03009/03A/11-09-17/NIT/1,90.18020915091104,22.620006107506427,172.54738221929867
03009/03A/11-09-17/NIT/2,90.90550610035801,23.622364383583857,175.60025322903138
03009/03A/11-09-17/NIT/3,65.59238962976997,17.31418970886156,157.04311959826728
03009/06A/11-09-17/NIT/1,88.74786898844594,22.11589471554476,171.26008287289775
03009/06A/11-09-17/NIT/2,89.7776012642633,22.045710482400974,170.89439516345809
03009/06A/11-09-17/NIT/3,68.62275096815226,18.282825142815266,162.02237729222495
03009/07A/11-10-18/NIT/1,96.19239698573845,24.67984313372251,173.63027728013245
03009/07A/11-10-18/NIT/2,62.68295133980878,15.44795635380893,156.00129447528954
03009/07A/11-10-18/NIT/3,62.77479068599592,15.279697537974291,156.6408212422273
03009/08A/11-10-18/NIT/1,96.57771001463117,25.11908247002984,182.4648253972872
03009/08A/11-10-18/NIT/2,82.42333066255223,20.304373311096892,170.4818600798724
03009/08A/11-10-18/NIT/3,63.067064705574374,16.46973154149552,152.5069668499849
03009/12A/11-11-05/NIT/1,94.35870911196695,23.994407704527287,176.06144354102602
03009/12A/11-11-05/NIT/2,94.7279105239508,24.372465143893233,176.19914714360502
03009/12A/11-11-05/NIT/3,69.88375973878932,18.13272418053609,161.1524385013275
03010/01A/11-09-12/NIT/1,85.10814175517747,20.086120588090534,166.8185040384342
03010/01A/11-09-12/NIT/2,89.54554687970625,20.902747614789,170.2287970433565
03010/01A/11-09-12/NIT/3,72.44030803788434,18.554695226254875,165.49304322730362
03010/05A/11-09-12/NIT/1,89.10630571599005,22.034428563089712,171.48921723623792
03010/05A/11-09-12/NIT/2,83.809215099884,19.18253139663939,173.22660538012784
03010/05A/11-09-12/NIT/3,62.14605026022176,15.472663704758565,157.39747024486618
03010/06A/11-09-12/NIT/1,74.84967106090627,17.9894504625266,168.22852607358465
03010/06A/11-09-12/NIT/2,78.51513454321666,18.25918844075407,171.62201705118233
03010/06A/11-09-12/NIT/3,63.448161060660134,15.937714115774364,153.04121296891327
03010/09A/11-10-19/NIT/1,83.53674678564595,19.21270224060638,173.48885981275873
03010/09A/11-10-19/NIT/2,71.57811672475667,18.49189126297357,165.27071429164644
03010/09A/11-10-19/NIT/3,62.33375732974431,15.002838738249796,154.91996542823546
03010/09B/11-09-12/NIT/1,89.38608506905392,21.9207216562093,172.50878012349372
03010/09B/11-09-12/NIT/2,88.1766051924681,20.688011518829846,170.02704847285204
03010/09B/11-09-12/NIT/3,63.56665899311509,16.559165758569545,149.68612773999106
03010/09C/11-10-19/NIT/1,74.0541727915883,17.714922101641896,168.33189628974694
03010/09C/11-10-19/NIT/2,62.70753456058355,16.17131809569296,147.83447961291327
03010/09C/11-10-19/NIT/3,63.0141936489949,16.46763910972093,150.01655390217627
03010/11A/11-09-12/NIT/1,85.04771652253574,19.898190279763394,168.82621772180735
03010/11A/11-09-12/NIT/2,80.94666990729367,18.994786543750312,172.18079603411078
03010/11A/11-09-12/NIT/3,61.80113318951798,15.55813709942351,157.6433660070962
03010/12A/11-09-12/NIT/1,72.62390519071785,17.947391656260617,165.91209499556297
03010/12A/11-09-12/NIT/2,70.69245812534108,18.73244387021014,162.8388506014388
03010/12A/11-09-12/NIT/3,63.088930651604535,15.074172082289284,156.5174506745216
03010/12B/11-09-12/NIT/1,81.51148754622433,19.18420575551787,173.60728048812578
03010/12B/11-09-12/NIT/2,77.03507202247685,18.01137396440817,170.1522411167011
03010/12B/11-09-12/NIT/3,66.20354346659637,17.237978411761514,157.78700468430665
03012/01A/11-10-16/NIT/1,95.13721812146677,25.320516959974494,182.64958949794897
03012/01A/11-10-16/NIT/2,95.34461472651618,24.832349576894956,184.60143179691647
03012/01A/11-10-16/NIT/3,99.60292928212654,26.186005337961216,193.19707897775905
03012/02A/11-10-16/NIT/2,94.09588828999249,24.749495631864956,176.64423055275367
03012/02A/11-10-16/NIT/3,67.50709624289036,17.80477221210366,157.8426292327225
03012/03A/11-10-16/NIT/1,94.865754803766,24.877937182440125,183.34626122098317
03012/03A/11-10-16/NIT/2,94.91127958420294,24.92173257345858,176.1920722860685
03012/03A/11-10-16/NIT/3,70.60957506562922,18.42075042361297,162.14084534217878
03012/04A/11-10-16/NIT/1,83.84860951012017,19.380138837381857,170.16093417444924
03012/04A/11-10-16/NIT/2,67.5004329441508,17.161382963888787,156.8614600160311
03012/04A/11-10-16/NIT/3,94.40660437570716,24.886809916155674,183.36401932163741
03012/05A/11-10-16/NIT/2,89.76688878709898,21.846621697286285,171.31095110231405
03012/05A/11-10-16/NIT/3,66.19992624651,17.63407969869645,158.1725550390777
03012/06A/11-10-16/NIT/1,94.25872765624706,24.72561768763138,176.6757114566661
03012/06A/11-10-16/NIT/2,89.14397192626744,22.29618942844388,172.00244215109407
03012/06A/11-10-16/NIT/3,71.59898115933684,18.303215025959172,164.45616120238046
03012/07A/11-10-16/NIT/1,89.74535677656539,24.119046853924132,175.71722793880602
03012/07A/11-10-16/NIT/2,65.3847547976594,17.538204038549722,158.24558892404096
03012/07A/11-10-16/NIT/3,62.8173116167311,15.054405825540792,156.2557824084046
03012/11A/11-10-16/NIT/1,91.38866960964161,23.592324984328265,174.3195375187709
03012/11A/11-10-16/NIT/2,61.90648374278269,15.472231468052714,158.06215735404038
03012/11A/11-10-16/NIT/3,62.64987340457527,15.848604502098405,152.53931879188988
03014/02A/11-09-30/NIT/1,89.86068908006233,23.894075820975882,175.9122130381415
03014/02A/11-09-30/NIT/2,66.2940295834455,16.99052150400031,160.87672792366507
03014/02A/11-09-30/NIT/3,66.85993797210918,16.47823048277821,158.1623190655511
03014/03A/11-09-30/NIT/1,87.59147007290852,21.106260465057044,167.7482757798525
03014/03A/11-09-30/NIT/2,66.85531120952508,17.16694269087606,160.09585576843233
03014/03A/11-09-30/NIT/3,65.210372578981,16.130268408135695,153.70572246098592
03014/03C/11-09-30/NIT/1,94.20220902226673,24.50450838055231,176.06685022618313
03014/03C/11-09-30/NIT/2,89.8613839073348,23.425983623124853,176.4238318803275
03014/03C/11-09-30/NIT/3,88.45644343611873,22.00924516210817,171.7922829954173
03014/03D/11-08-23/NIT/1,89.99011645108625,23.615726252519416,175.98188410051776
03014/03D/11-08-23/NIT/2,89.45121129385166,21.770100410963597,170.41401456694294
03014/03D/11-08-23/NIT/3,67.57215290655556,17.78608297469957,158.13944783478513
03014/04A/11-08-23/NIT/1,94.7279105239508,24.372465143893233,176.19914714360502
03014/04A/11-08-23/NIT/2,91.89186145371299,23.902761275350784,177.0530598591382
03014/04A/11-08-23/NIT/3,67.65575315875967,17.31153058021233,159.09323653688048
03014/17B/11-08-23/NIT/1,95.28990267368,25.68063501461131,184.83112515358707
03014/17B/11-08-23/NIT/2,94.9780426120454,25.534280815208948,183.19521840517424
03014/17B/11-08-23/NIT/3,82.9865668305783,19.487325829789636,171.1928696212017
03014/18A/11-08-23/NIT/1,100.17297766278011,26.269619401621785,195.0977602467026
03014/18A/11-08-23/NIT/2,103.07847415663669,27.810392351521745,199.35014670287208
03014/18A/11-08-23/NIT/3,84.0950392125432,19.53286378653694,169.97223066770465
03014/19A/11-08-23/NIT/1,90.28393604449,24.035787627272473,175.29185251450278
03014/19A/11-08-23/NIT/2,90.36634764080411,22.940401400857002,175.75167500158662
03014/24A/11-08-23/NIT/3,94.09588828999249,24.749495631864956,176.64423055275367
03014/29A/11-08-23/NIT/1,84.38332828743923,19.40223288429187,172.23947501278528
03014/29A/11-08-23/NIT/2,95.73596150993329,24.586839173726045,173.45335076131113
03014/29A/11-08-23/NIT/3,95.36317193950012,24.20484000613534,173.92159835287012
03016/02A/11-09-14/NIT/1,74.03528627508311,17.61290092046802,168.14397480291066
03016/02A/11-09-14/NIT/2,88.86976088319953,20.349025784009488,167.7318977084303
03016/02A/11-09-14/NIT/3,88.8070136862191,21.54992844820901,172.153202599946
03016/03A/11-09-14/NIT/1,67.6791576331237,17.763459420242146,159.68912430793213
03016/03A/11-09-14/NIT/2,95.10390325928968,25.159260323714978,183.03153394408108
03016/03A/11-09-14/NIT/3,89.87478414758931,23.681429049502302,175.69391115286325
03016/04A/11-09-14/NIT/1,66.6045353510879,17.21140230787831,159.2639319528503
03016/04A/11-09-14/NIT/2,88.93395719065418,20.138248168103736,168.854568182603
03016/05A/11-09-14/NIT/1,89.09310716866202,21.6722557820643,170.88030878531706
03016/05A/11-09-14/NIT/2,80.63362348112915,18.808643244147458,172.56434391035052
03016/05A/11-09-14/NIT/3,96.54848748800201,25.99393048072393,187.74423050499868
03016/09A/11-09-14/NIT/1,96.20949757968376,26.034483126989105,187.50200582205596
03016/09A/11-09-14/NIT/2,67.33261625476202,17.590248796891448,159.1273302785697
03016/09A/11-09-14/NIT/3,88.22344577167499,19.94594662047089,167.5499230570978
03016/11A/11-09-14/NIT/1,88.93395719065418,20.138248168103736,168.854568182603
03016/11A/11-09-14/NIT/2,73.58033334526978,18.42085501313044,160.36455654934127
03016/11A/11-09-14/NIT/3,91.12883633057903,23.984154565891362,174.75373582962388
03017/01A/11-08-24/NIT/1,89.68783405879499,23.097386494901667,175.51338083019195
03017/01A/11-08-24/NIT/2,74.95977086443611,17.427366984788424,164.01135241074576
03017/01A/11-08-24/NIT/3,94.64113540293283,24.716681709864712,174.8964736474123
03017/02A/11-08-24/NIT/1,91.66544545954953,23.430121003701753,176.24345614875617
03017/02A/11-08-24/NIT/2,67.92443998091223,17.798746117996984,158.36071244966928
03017/02A/11-08-24/NIT/3,95.22151786437517,25.312000456379973,188.6578513741063
03017/03A/11-08-24/NIT/1,99.11239456090279,26.041521769332288,192.3528619461023
03017/03A/11-08-24/NIT/2,67.52748489556308,17.56022725932599,156.78288477275296
03017/03A/11-08-24/NIT/3,88.8365596368274,21.2393984345229,171.1862557011494
03017/05A/11-08-24/NIT/1,89.29150562139459,21.18186575282751,170.92171600869057
03017/05A/11-08-24/NIT/2,70.16769377653354,18.13272418053609,161.48359716111602
03017/05A/11-08-24/NIT/3,88.9453666324358,21.490893722040063,171.35659997637228
03017/08A/11-08-24/NIT/1,91.15566270853212,23.67935479166447,175.39103413421782
03017/08A/11-08-24/NIT/2,84.36927929806471,19.243600171306944,169.79500827064808
03017/08A/11-08-24/NIT/3,89.49894441505664,22.893769793789087,173.29904086905336
03019/04A/11-10-25/NIT/1,85.21440892135199,19.528024171374838,169.8322756107344
03019/04A/11-10-25/NIT/2,67.51744194172282,17.670879780309598,158.3141040844583
03019/04A/11-10-25/NIT/3,91.15566270853212,23.735356904867622,175.9559874991402
03019/05A/11-10-25/NIT/1,95.39943008634391,25.914050738593566,184.47048355230007
03019/05A/11-10-25/NIT/2,95.0917663603275,25.596380247850686,182.74537028877452
03019/05A/11-10-25/NIT/3,95.71287127814664,24.338713906229096,173.97562628221047
03020/01A/11-08-25/NIT/1,96.32398987241037,24.270843536205966,181.31859701276804
03020/01A/11-08-25/NIT/2,89.03728854746004,21.508432788852797,172.08208940635078
03020/01A/11-08-25/NIT/3,89.01184115620312,21.099428373177336,170.4944964673683
03020/01B/11-08-25/NIT/1,89.89344578114695,23.147015983585543,174.24617550914465
03020/01B/11-08-25/NIT/2,90.87537851541542,23.793419593448217,173.51180461669176
03020/01B/11-08-25/NIT/3,83.9916291182749,18.938627628590627,169.58333003538493
03020/02A/11-11-05/NIT/2,66.84869771721362,17.253472024164754,160.413849335097
03020/02A/11-11-05/NIT/3,96.02050879602041,24.52838391699851,180.66448877849635
03020/02B/11-11-05/NIT/1,84.25207962966068,19.53236637916366,169.94962246213495
03020/02B/11-11-05/NIT/2,68.80403320774657,17.662776736597213,158.73235768955053
03020/02B/11-11-05/NIT/3,95.60894760483468,25.51422017545455,189.2874618128602
03021/01A/11-10-25/NIT/2,99.18429233930452,25.90504508196396,192.56140183461395
03021/01A/11-10-25/NIT/3,69.62915715973976,17.952572649000427,158.88023577467757
03021/02A/11-10-25/NIT/1,89.04704853010406,21.616936759882424,171.29141254499277
03021/02A/11-10-25/NIT/2,87.59147007290852,20.815767716705135,167.7482757798525
03021/02A/11-10-25/NIT/3,69.69340547884461,18.077714915929437,161.73873289346577
03022/01A/11-08-28/NIT/1,94.7157384499023,25.86687852364675,189.54976429685775
03022/01A/11-08-28/NIT/2,95.11222566315861,23.843966958885336,175.29420497731766
03022/01A/11-08-28/NIT/3,91.66544545954953,23.51291560066945,177.0530598591382
03022/05A/11-09-03/NIT/1,99.62757244607376,25.61709652552847,194.0655757001782
03022/05A/11-09-03/NIT/2,104.44352016877544,28.19288133822038,200.84889873663008
03022/05A/11-09-03/NIT/3,94.68455625836526,25.30033243297437,183.83780308889072
03022/06A/11-09-04/NIT/1,75.95515517345112,18.3092112618318,166.0845129162436
03022/06A/11-09-04/NIT/2,69.34643974069924,17.713508978392664,159.72042595170325
03022/06A/11-09-04/NIT/3,67.32138373631571,17.538290835763217,157.22080990910374
03022/08A/11-09-03/NIT/1,89.48165156628623,22.555324309800316,175.96832646930122
03022/08A/11-09-03/NIT/2,68.48270315925308,17.565531555071377,159.1062431839858
03022/08A/11-09-03/NIT/3,67.44174010105077,16.980961357781343,160.39261208134766
03022/09B/11-09-03/NIT/1,88.33267962762483,20.452735801749302,167.68513608978094
03022/09B/11-09-03/NIT/2,94.25872765624706,24.310901375904585,176.4258496015115
03022/09B/11-09-03/NIT/3,67.35134180399763,17.310928347962122,159.8729103427129
03022/10A/11-08-28/NIT/1,95.04888136145989,25.558091568730536,183.14990303378698
03022/10A/11-08-28/NIT/2,94.56482614095653,24.37225985401728,175.80844892660858
03022/10A/11-08-28/NIT/3,80.69456562315085,18.77878261102077,172.71791652909226
03022/21B/11-09-04/NIT/1,89.74535677656539,23.906562932218876,175.67308865579386
03022/21B/11-09-04/NIT/2,67.52233754211734,17.532320018779,159.54178842997837
03022/21B/11-09-04/NIT/3,67.16476447434533,17.68453045842157,158.83796707349399
03022/23A/11-11-05/NIT/1,99.12394132684871,26.084425884920694,192.19931564657537
03022/23A/11-11-05/NIT/2,86.36155823653074,19.948488106275708,169.2587858879411
03022/23A/11-11-05/NIT/3,67.11695046192119,17.214904421719222,159.74864907643072
03022/25A/11-10-01/NIT/1,94.52243643737091,24.726144788246835,182.9508413368398
03022/25A/11-10-01/NIT/2,70.01078282857817,18.129010012934234,162.21240338178242
03022/25A/11-10-01/NIT/3,69.10399976657887,17.651511135063824,159.37353309210752
03022/26A/11-10-01/NIT/1,99.62757244607376,25.61709652552847,194.0655757001782
03022/26A/11-10-01/NIT/2,72.73787147754986,17.905554589426014,161.1039250574077
03022/26A/11-10-01/NIT/3,67.87062909552783,17.791583104771004,158.52611011715672
03024/01A/11-10-19/NIT/1,94.49744895090016,24.69932482945123,176.3753016487016
03024/01A/11-10-19/NIT/2,97.95673018069424,26.07298138227115,190.75918369022548
03024/01A/11-10-19/NIT/3,65.74178149144241,17.668940893581524,156.77300261973275
03024/02A/11-09-13/NIT/1,90.13236793241103,21.27327046760577,170.0287644274237
03024/02A/11-09-13/NIT/2,87.49224048470067,20.77952099927467,167.5185594563812
03024/02A/11-09-13/NIT/3,62.88304303065875,15.68639700879632,152.50282846317864
03024/02B/11-10-19/NIT/1,89.21451220088166,21.267812169209833,171.0657753629781
03024/02B/11-10-19/NIT/2,84.48157599839695,19.69190967488395,168.24606696701719
03024/02B/11-10-19/NIT/3,66.8024859274551,18.21808485527002,156.64410313325297
03024/03A/11-09-13/NIT/1,91.88004589075453,23.984149527341206,175.47999370216863
03024/03A/11-09-13/NIT/2,89.16334787675292,22.043710823788572,171.35659997637228
03024/03A/11-09-13/NIT/3,66.02105436697889,17.42468349375204,158.00422152582652
03024/05A/11-09-13/NIT/1,84.23777128857918,19.369703893968282,169.93868419643672
03024/05A/11-09-13/NIT/2,78.5463769864095,18.29530406870265,172.5592162621746
03024/05A/11-09-13/NIT/3,61.73863663466631,15.489441843086656,157.4398616266797
03024/05B/11-09-13/NIT/1,83.76923937080868,19.18849164120973,171.40510431587916
03024/05B/11-09-13/NIT/2,62.01862615743791,15.590657121311656,157.83334712372815
03024/05B/11-09-13/NIT/3,83.18593068278888,19.070069096353397,172.59166039114078
03024/09A/11-09-13/NIT/1,75.52285604297853,17.86121639611501,168.09857489979294
03024/09A/11-09-13/NIT/2,70.0077601203747,18.519090145554326,162.25975871324812
03024/09A/11-09-13/NIT/3,62.77479068599592,15.279697537974291,156.6408212422273
03024/12A/11-09-13/NIT/1,86.59990747073557,20.240358296466926,169.84509570184713
03024/12A/11-09-13/NIT/2,88.71334087913257,21.46866123197079,171.9606585933682
03024/12A/11-09-13/NIT/3,62.84737312513547,15.832773954193799,152.0590082948747
03024/14A/11-09-13/NIT/1,80.30901869842354,18.646270270315608,171.7385995993088
03024/14A/11-09-13/NIT/2,89.19615163872368,21.73952952036169,170.0627891564246
03024/14A/11-09-13/NIT/3,62.72144407391276,15.840429384311312,152.8460265131629
03025/05A/11-10-21/NIT/1,89.47335101739675,21.784612826040583,170.08047548396922
03025/05A/11-10-21/NIT/2,75.52393137900292,17.788623857879436,171.94200279631926
03025/05A/11-10-21/NIT/3,96.22398475275472,24.63737907596622,173.53833426130467
03025/06A/11-10-22/NIT/1,61.798805351770675,16.5296108407161,152.655183228982
03025/06A/11-10-22/NIT/2,62.77479068599592,15.279697537974291,156.6408212422273
03025/06A/11-10-22/NIT/3,99.20526910716995,25.99926337967901,192.7370562746281
03025/07A/11-10-21/NIT/1,95.23529030283352,25.867525007835535,185.17341601783377
03025/07A/11-10-21/NIT/2,64.52764883666158,16.12522519538087,153.57665167772458
03025/07A/11-10-21/NIT/3,99.82682189163029,25.898380546411328,197.48189275477986
03025/09A/11-10-22/NIT/1,101.76067257023807,27.11279006897448,197.64255946046063
03025/09A/11-10-22/NIT/2,100.4006851250474,25.86277336684532,197.20389942199571
03025/09A/11-10-22/NIT/3,95.5838861981935,25.438809701514355,184.50138118545115
03026/04A/11-11-03/NIT/1,91.70993546035864,23.0051038599892,177.1719718430941
03026/04A/11-11-03/NIT/2,88.90198475335339,21.49618671699029,171.79381056264813
03026/04A/11-11-03/NIT/3,100.93308487923763,26.077998398863,194.42850493086058
03026/05A/11-11-03/NIT/1,89.87478414758931,23.681429049502302,176.25886451778567
03026/05A/11-11-03/NIT/2,69.86762608593254,17.834828903839718,159.52139500971688
03026/05A/11-11-03/NIT/3,62.7504195743383,15.866534534838275,152.3161005518996
04001/02A/11-10-12/NIT/1,95.42821570639425,25.515064963645322,185.88722245211866
04001/02A/11-10-12/NIT/2,96.34257994867673,25.429950503395023,189.51342806401178
04001/02A/11-10-12/NIT/3,96.57146557600683,24.677662386541815,174.17741705614597
04001/03A/11-10-12/NIT/1,99.02541200958272,25.95923066581243,192.69640462227198
04001/03A/11-10-12/NIT/2,99.78136358475273,25.90733617409384,191.8442542087747
04001/03A/11-10-12/NIT/3,95.51369707393289,24.625465533943675,175.90657227168157
04001/05A/11-11-16/NIT/1,98.64732997258115,25.822899332249854,192.8074348621047
04001/05A/11-11-16/NIT/2,95.25461172849043,25.295947942430676,183.92429013447682
04001/05A/11-11-16/NIT/3,95.42893129428695,26.041880133415344,182.01339459321767
04001/06A/11-11-16/NIT/1,94.04113544957599,24.46148343168026,175.72663000736657
04001/06A/11-11-16/NIT/2,95.59818384847718,25.67718682280068,184.56693414922333
04001/06A/11-11-16/NIT/3,90.60774616965021,21.210735066373935,170.08337153442722
04001/07A/11-11-16/NIT/1,95.52755976364006,25.544085824048718,185.92599712262304
04001/07A/11-11-16/NIT/2,101.47573979052096,27.158017390445213,197.56689891678022
04001/07A/11-11-16/NIT/3,100.01259397257921,26.050888609620703,194.0814890198125
04001/10A/11-11-16/NIT/1,95.41545585627567,26.071399764808792,182.22459681759815
04001/10A/11-11-16/NIT/2,89.81730914305787,21.078667978154844,170.78996575186133
04001/10A/11-11-16/NIT/3,74.85419817699793,18.01609320427239,162.17314387482426
04001/11A/11-11-28/NIT/1,95.42751561527882,25.68819576694264,184.26461879236163
04001/11A/11-11-28/NIT/2,97.5869045097951,25.873737849496827,192.6338648757388
04001/11A/11-11-28/NIT/3,89.04570250777239,21.212354448598003,171.1470884983548
04001/12A/11-11-28/NIT/1,99.60292928212654,26.04662777269136,193.19707897775905
04001/12A/11-11-28/NIT/2,95.2197372073829,24.88153947104601,176.3559757230294
04001/12A/11-11-28/NIT/3,96.87887893219401,25.90684308548989,183.23958528653935
04001/14A/11-11-16/NIT/1,95.00552342879432,24.63299870291976,174.38464161998493
04001/14A/11-11-16/NIT/2,91.6938988471786,23.686139973068624,175.3702116371484
04001/14A/11-11-16/NIT/3,91.6938988471786,23.686139973068624,175.3702116371484
04001/15A/11-11-16/NIT/1,100.1770740330282,25.984013451493222,192.2965814993008
04001/15A/11-11-16/NIT/2,100.96209759617771,25.99547192356793,194.7787292378878
04001/15A/11-11-16/NIT/3,96.64435423511276,25.67913295729993,183.7142938358053
04001/16A/11-11-16/NIT/1,113.12276576022542,31.626487575169783,225.6324584956288
04001/16A/11-11-16/NIT/2,102.38291534498853,27.871437138481415,199.65383961134282
04001/16A/11-11-16/NIT/3,107.29959396526372,27.493812971975416,213.2442160409121
04001/17A/11-11-16/NIT/1,95.48814140033782,25.493035485897014,186.42901401781654
04001/17A/11-11-16/NIT/2,95.00552342879432,24.87392635157639,174.38464161998493
04001/17A/11-11-16/NIT/3,95.52941462827827,24.360456848256913,173.7381225606216
04002/01A/11-11-21/NIT/1,94.18659272799772,24.728107585096435,176.81078696657303
04002/01A/11-11-21/NIT/2,94.48652121288788,24.320937385029023,175.94079399131098
04002/01A/11-11-21/NIT/3,101.17378088815957,26.421146663058206,200.20466354070695
04003/01A/11-11-18/NIT/1,89.99818774565217,21.319533700528023,169.4010119057505
04003/01A/11-11-18/NIT/2,97.76728265746566,24.87651868988582,191.30474814567603
04003/01A/11-11-18/NIT/3,77.12858945673791,18.32448963266945,168.7685427593747
04003/02A/11-11-18/NIT/1,95.95333053193151,24.448188701976505,176.1373893797262
04003/02A/11-11-18/NIT/2,91.15566270853212,23.574506044543472,175.39103413421782
04003/02A/11-11-18/NIT/3,95.97568683416759,23.694466436530128,185.23384806346186
04003/03A/11-11-18/NIT/1,89.91687873652977,22.53126662287029,175.6813322754875
04003/03A/11-11-18/NIT/2,96.51847985392997,24.674404839651643,175.79439854057875
04003/03A/11-11-18/NIT/3,96.44871738227447,23.10256567131876,184.60698627072733
04003/04A/11-11-18/NIT/1,88.64178691913473,21.512976270537465,171.09560777973243
04003/04A/11-11-18/NIT/2,89.87379944563746,22.540983764810495,175.35935879234856
04003/04A/11-11-18/NIT/3,75.97228453812825,18.10227418863452,165.07573950184818
04003/07A/11-11-18/NIT/1,92.09213238537963,23.27370988985142,174.3638056906406
04003/07A/11-11-18/NIT/2,92.26815921042244,23.561090696976077,173.64598472821356
04003/07A/11-11-18/NIT/3,96.65694510296844,25.432684610829657,181.38992451622383
04003/09A/11-11-18/NIT/1,83.71415890211738,18.982041195310412,171.15652526347853
04003/09A/11-11-18/NIT/2,85.91994563322883,19.4564779769691,170.53554459042172
04003/09A/11-11-18/NIT/3,92.84348124374365,22.38881969229752,182.84678657352111
04003/10A/11-11-18/NIT/1,83.71415890211738,18.982041195310412,171.15652526347853
04003/10A/11-11-18/NIT/2,89.78982167600655,20.716780147038957,169.29694552332566
04003/10A/11-11-18/NIT/3,86.93218051092076,19.672073602929636,169.40768312991443
04003/11A/11-11-18/NIT/1,83.03735340223467,19.53236637916366,171.42120707969767
04003/11A/11-11-18/NIT/2,99.79747187380033,25.210961752568576,192.4505668643637
04003/11A/11-11-18/NIT/3,89.04455146938501,20.709136026723723,170.51912496302563
04003/12A/11-11-18/NIT/1,77.33291805942842,18.404954396596704,168.47108299296175
04003/12A/11-11-18/NIT/2,90.7539692269302,21.97572614091676,167.86616706345
04003/12A/11-11-18/NIT/3,96.5302739752736,23.852332868451175,188.3255727483635
04003/13A/11-11-18/NIT/1,89.18196083804885,21.519744528431364,170.41948881053804
04003/13A/11-11-18/NIT/2,88.31265481464688,21.589093555793845,169.4369652561423
04003/13A/11-11-18/NIT/3,97.35357758220631,23.391307583498577,184.78286641731316
04003/14A/11-11-18/NIT/1,115.87427416826417,30.824523131986762,220.3624118203616
04003/14A/11-11-18/NIT/2,120.44817936197207,32.93338388512927,244.01046699895264
04003/14A/11-11-18/NIT/3,92.3061713711485,23.227598412604326,173.65747201675626
04004/02A/11-11-24/NIT/1,95.87191421076714,25.706314341633455,182.7228663072957
04004/02A/11-11-24/NIT/2,101.67592042343348,25.91879106579536,197.10896590390567
04004/02A/11-11-24/NIT/3,100.01079759032224,26.12666646097315,189.0794139658723
04004/03A/11-11-24/NIT/1,102.47277957115985,27.823255842865496,197.43473767862903
04004/03A/11-11-24/NIT/2,100.1393433534894,25.76563479674289,191.8000646571846
04004/03A/11-11-24/NIT/3,100.53257293206313,26.158515109896268,193.27033254054766
04004/06A/11-11-24/NIT/1,95.8113413388415,24.81661523181512,176.6389599212662
04004/06A/11-11-24/NIT/2,95.41404017726755,25.50628771603201,184.47582101674212
04004/06A/11-11-24/NIT/3,97.4345320472512,25.998329546517706,192.74926936908227
04004/07A/11-11-24/NIT/1,94.86135910831634,24.410538520118056,176.79675399167692
04004/07A/11-11-24/NIT/2,95.10390325928968,25.227577708525445,183.03153394408108
04004/07A/11-11-24/NIT/3,96.28498603594282,25.95084421776811,183.44770079340034
04004/08A/11-11-24/NIT/1,100.70965545919107,27.167691334580535,196.08357800866006
04004/08A/11-11-24/NIT/2,94.86649756836987,25.538224504118734,184.57203090668395
04004/08A/11-11-24/NIT/3,100.39456845645557,26.16820479204125,195.19160387493463
04004/09A/11-11-24/NIT/1,100.92214405695579,26.209549617071485,195.55327004279243
04004/09A/11-11-24/NIT/2,100.1770740330282,25.984013451493222,192.2965814993008
04004/09A/11-11-24/NIT/3,91.12883633057903,23.77166560563595,174.75373582962388
04004/10A/11-11-24/NIT/1,102.47617536462431,27.428285740071903,201.4206886965097
04004/10A/11-11-24/NIT/2,112.63629841430149,29.711045750656055,224.28744335859304
04004/10A/11-11-24/NIT/3,99.24602570918638,25.991649332505595,192.9066578919791
04004/13A/11-11-24/NIT/1,102.92033368480121,27.21447133091195,199.35014670287208
04004/13A/11-11-24/NIT/2,113.45391374577078,31.066036380346624,222.9473539682486
04004/13A/11-11-24/NIT/3,95.82637927264216,24.771140339179116,176.74392937229962
04004/14A/11-11-24/NIT/1,102.783647179536,27.787997492205815,199.68710450459852
04004/14A/11-11-24/NIT/2,104.56455855860122,28.525709246679117,200.9179515924811
04004/14A/11-11-24/NIT/3,95.67979601272549,25.656440430141796,183.00918687960439
04004/15A/11-11-24/NIT/1,102.20476202760285,27.009227792825666,197.28223042068808
04004/15A/11-11-24/NIT/2,101.30574648571077,27.15713798222612,198.69757756180417
04004/15A/11-11-24/NIT/3,89.0308900229894,21.409587618277882,170.91550317378045
04004/16A/11-11-24/NIT/1,100.73755108518891,26.325517395132312,196.71991661630454
04004/16A/11-11-24/NIT/2,102.56868859786147,27.306566774039478,197.60421188001956
04004/16A/11-11-24/NIT/3,89.48994324357255,21.935376335934347,172.54101755596528
04004/17A/11-11-24/NIT/1,95.37344360257302,25.62578059051336,182.6682361352971
04004/17A/11-11-24/NIT/2,90.17354718109596,23.207901544272435,174.99368477815202
04004/17A/11-11-24/NIT/3,78.05897797588254,18.77571678590316,171.4416021487044
04004/18A/11-11-24/NIT/1,97.05312028104044,25.786921223793133,188.0142778315581
04004/18A/11-11-24/NIT/2,89.38545820275168,21.39339860124842,170.72068379992476
04004/18A/11-11-24/NIT/3,78.97722549157666,18.968559460542384,171.7965176635424
04004/19A/11-11-24/NIT/1,100.5895609774648,25.9670214587431,196.06622758922603
04004/19A/11-11-24/NIT/2,94.84247976187093,25.050190317930433,182.23747270389478
04004/19A/11-11-24/NIT/3,89.96636238209906,23.575385322214633,174.95703898084332
04004/20A/11-11-24/NIT/1,105.17231493239207,28.236973643348176,203.63113153409972
04004/20A/11-11-24/NIT/2,101.22329196324357,27.249021393205854,199.5601445164064
04004/20A/11-11-24/NIT/3,91.12883633057903,23.823303705567216,174.75373582962388
04004/23A/11-11-24/NIT/1,95.5523544559553,24.629105047682014,173.59989404414657
04004/23A/11-11-24/NIT/2,95.96380168918331,24.64106555168561,173.80675991468573
04004/23A/11-11-24/NIT/3,89.43318617639638,21.465125370729194,170.48170050797242
04005/06B/11-11-28/NIT/1,97.66082992051008,25.832357513173296,191.19025734655523
04005/06B/11-11-28/NIT/2,102.51606795819303,27.879579578927956,199.35029735815968
04005/06B/11-11-28/NIT/3,99.68438198829314,26.15745698869456,194.83804774412633
04005/08A/11-11-28/NIT/1,96.70793936815826,25.975518761167937,188.15837703690335
04005/08A/11-11-28/NIT/2,101.04026889305347,25.947992769493393,196.77646213006486
04005/08A/11-11-28/NIT/3,100.65966220625978,26.032212057621745,196.77646213006486
04005/09A/11-11-28/NIT/1,103.35327399225652,27.872795018457392,203.17311514917074
04005/09A/11-11-28/NIT/2,112.27689457279924,30.504338830712737,223.51367257003605
04005/09A/11-11-28/NIT/3,109.6464888587724,30.247472094948545,216.37048522079053
04012/01A/11-11-23/NIT/1,95.56262959106441,25.484844469534945,185.7999859856887
04012/01A/11-11-23/NIT/2,101.1098753343365,27.113477891205257,198.201060719688
04012/01A/11-11-23/NIT/3,90.60947826936935,22.93117177858787,176.18764963753236
04012/02A/11-11-23/NIT/1,96.81389125113371,25.75775742818467,187.82537956262348
04012/02A/11-11-23/NIT/2,95.95268605035665,25.101079072934116,176.52253213684875
04012/02A/11-11-23/NIT/3,96.5828239467036,26.057877084921568,185.8701737456508
04012/04A/11-11-24/NIT/1,96.90389033275152,25.813847193627666,188.0735975819777
04012/04A/11-11-24/NIT/2,100.13524698324132,26.253132814974574,194.56821953416662
04012/04A/11-11-24/NIT/3,99.60781465184941,26.341894398307698,188.6634058841444
04012/04B/11-11-24/NIT/1,99.39173364065046,25.904089706722484,193.45189860817916
04012/04B/11-11-24/NIT/2,99.44410481835578,26.37779023483486,194.6828682900546
04012/04B/11-11-24/NIT/3,96.39177925773188,26.050574589373454,183.18732675587498
04012/06A/11-11-23/NIT/1,101.5339089711782,27.022119591500523,197.11245554287942
04012/06A/11-11-23/NIT/2,95.73063207449768,24.915840023357188,176.0591139291782
04012/06A/11-11-23/NIT/3,77.4763978811891,18.346871664660693,169.0870115758621
04012/07A/11-11-23/NIT/1,102.92432744353232,28.064882527180725,201.1250040426078
04012/07A/11-11-23/NIT/2,101.04026889305347,25.947992769493393,196.77646213006486
04012/07A/11-11-23/NIT/3,99.60292928212654,26.10178604983287,193.19707897775905
04012/09A/11-11-23/NIT/1,95.4071389843781,26.00066342710816,182.5379192292922
04012/09A/11-11-23/NIT/2,95.64634531670337,24.89324980351999,180.08179188905407
04012/09A/11-11-23/NIT/3,102.83582666171067,27.71574460451691,198.2112603545939
04012/11A/11-11-24/NIT/1,91.41530558820203,23.941343956283514,175.55670803754
04012/11A/11-11-24/NIT/2,90.34397258835774,21.751931643361733,171.88306855441496
04012/11A/11-11-24/NIT/3,100.61075237332736,25.868938396607835,198.0918310843768
04012/13A/11-11-23/NIT/1,101.14940881167679,27.197655036072288,198.61521141909316
04012/13A/11-11-23/NIT/2,99.68933578435615,25.980198218106285,192.62837731342765
04012/13A/11-11-23/NIT/3,101.01785283147981,27.02155233696421,198.61521141909316
04012/15A/11-11-23/NIT/1,100.98202762886129,26.033873359085245,197.50257965766437
04012/15A/11-11-23/NIT/2,101.05932204072026,27.235207291842773,196.90723403697962
04012/15A/11-11-23/NIT/3,95.24841259320027,25.474143115473016,183.19425570277602
04012/17A/11-11-23/NIT/1,102.52255436629558,27.766732260500877,198.8536298607559
04012/17A/11-11-23/NIT/2,96.845333901312,26.516026041648477,191.06152534650704
04012/17A/11-11-23/NIT/3,95.02134015038412,24.609041496730296,176.76087667608388
04012/20A/11-11-23/NIT/1,89.96636238209906,23.948720104244043,175.4951556657222
04012/20A/11-11-23/NIT/2,83.76923937080868,19.356840367224624,171.40510431587916
04012/20A/11-11-23/NIT/3,95.20446836032816,25.6266195680974,183.33345731177738
04013/01A/11-11-22/NIT/1,101.17976677919181,26.313958068922663,197.85639957308055
04013/01A/11-11-22/NIT/2,109.22889283629807,29.386915672341647,215.77464598822
04013/01A/11-11-22/NIT/3,112.38411088878236,31.33002350631335,226.05195857702162
04013/03A/11-11-21/NIT/1,112.06231913460773,31.53305486328415,225.60771935383448
04013/03A/11-11-21/NIT/2,113.3397914260677,31.73661759180212,224.68990082021153
04013/03A/11-11-21/NIT/3,96.14399223555903,25.41042367238147,183.4292045099219
04013/04A/11-11-22/NIT/1,108.63775707182883,29.23225037407227,217.1086865593457
04013/04A/11-11-22/NIT/2,104.56498831043453,28.136781466598674,208.66834875298602
04013/04A/11-11-22/NIT/3,113.11154641686205,31.536726120518967,224.76160632431382
04013/05A/11-11-22/NIT/1,113.0548690237121,31.42460234076795,229.02731425699037
04013/05A/11-11-22/NIT/2,103.76028970609467,25.972629017536565,193.15271062781684
04013/05A/11-11-22/NIT/3,112.40691313369747,31.286028906217698,227.0331660008611
04013/06A/11-11-22/NIT/1,101.30485649777765,27.106214858977804,197.37392432784722
04013/06A/11-11-22/NIT/3,91.45430339646491,23.502743158721227,176.3691639499495
04013/07A/11-11-22/NIT/1,101.21936589766636,27.210398998158926,195.60575476830914
04013/07A/11-11-22/NIT/2,103.12404373021685,27.91483630725357,200.24746070850435
04013/07A/11-11-22/NIT/3,95.59748375736176,26.036729070590166,183.3000144305024
04013/08A/11-11-22/NIT/1,100.5895609774648,25.887198015074947,196.06622758922603
04013/08A/11-11-22/NIT/2,104.42740946981884,28.010233115168017,206.44993911038299
04013/08A/11-11-22/NIT/3,95.47394607973202,26.171224912560763,185.0538053879176
04013/11A/11-11-22/NIT/1,97.20667707243318,26.50855538027334,190.98238274898196
04013/11A/11-11-22/NIT/2,97.59285485708686,26.525602825398856,191.0226485860482
04013/11A/11-11-22/NIT/3,99.3974538177335,24.96296009311722,181.47522260006446
04013/13A/11-11-22/NIT/1,96.429244189928,26.055692964889108,183.98581747827924
04013/13A/11-11-22/NIT/2,96.85058550283323,24.129019113201185,175.7131546439826
04013/13A/11-11-22/NIT/3,88.77416976626868,22.256715268220262,170.13658190728052
04013/15A/11-11-22/NIT/1,100.6272916570036,26.18979595795363,196.5627444313422
04013/15A/11-11-22/NIT/2,102.1081174195693,27.075817924902456,197.35702519691358
04013/15A/11-11-22/NIT/3,95.04888136145989,25.305965740059015,183.14990303378698
04013/16A/11-11-22/NIT/1,101.04026889305347,26.07270779309906,196.77646213006486
04013/16A/11-11-22/NIT/2,101.04026889305347,26.027816213161547,196.77646213006486
04013/16A/11-11-22/NIT/3,102.26751056424354,27.053329728015374,199.0507186693567
04014/12A/11-11-21/NIT/2,118.628506274121,32.569980425694105,234.56785593822755
04014/12A/11-11-21/NIT/3,112.10140037976838,31.03647513549655,225.61101532676471
04014/13A/11-11-21/NIT/1,117.23762978603848,32.38726801764564,233.6935936306027
04014/13A/11-11-21/NIT/2,102.55176505622163,27.72154126053712,198.283408620968
04014/13A/11-11-21/NIT/3,102.37748323568299,27.541785121940105,198.00166465508883
04014/14A/11-11-21/NIT/1,94.52699915845072,24.65605413431009,179.13712436722497
04014/14A/11-11-21/NIT/2,114.32973647326757,31.36091384241701,227.4889230010111
04014/14A/11-11-21/NIT/3,108.9213485021691,29.664616736049236,218.33797096073417
04014/15A/11-11-22/NIT/1,101.91570301336702,27.08349155518872,198.4447867668614
04014/15A/11-11-22/NIT/2,99.64065996166532,26.404383992711555,193.6935958198752
04014/15A/11-11-22/NIT/3,88.94278232849182,22.260609087724582,171.4769103713667
04014/17A/11-11-22/NIT/1,102.52255436629558,27.766732260500877,198.8536298607559
04014/17A/11-11-22/NIT/2,95.04494510692244,25.123832587328454,177.79584435554963
04014/17A/11-11-22/NIT/3,85.91248334818279,19.906806452368034,168.4661948477134
04014/19A/11-11-22/NIT/1,94.04477292175095,24.387427805729253,177.70066052616116
04014/19A/11-11-22/NIT/2,94.2695862123231,24.48731096972416,175.4999975040901
04014/19A/11-11-22/NIT/3,88.80801953721591,21.703384439491092,172.44653130239365
04014/20A/11-11-22/NIT/1,101.09705272025904,27.27886738286364,197.40375087909578
04014/20A/11-11-22/NIT/2,99.56838890159905,25.94134388755874,194.2954947669605
04014/20A/11-11-22/NIT/3,88.82733591754439,21.92027406684574,171.19284475732363
04015/01A/11-11-28/NIT/1,96.39177925773188,25.8992719120999,183.72544344075385
04015/01A/11-11-28/NIT/2,96.3867771785891,26.061758088947624,183.83537684610647
04015/01A/11-11-28/NIT/3,85.56521597929678,19.8163913659839,168.24046127397634
04015/02A/11-11-28/NIT/1,90.9353587721992,23.45826728755816,175.3133289938332
04015/02A/11-11-28/NIT/2,89.75000356222056,23.468872961431703,175.73898933036455
04015/02A/11-11-28/NIT/3,88.65763303389436,22.157329581892245,171.78938694495932
04015/04A/11-10-12/NIT/1,95.71546572297648,25.82371145628986,185.91496816843016
04015/04A/11-10-12/NIT/2,99.76443451222886,26.172453141747468,193.83491314195132
04015/04A/11-10-12/NIT/3,95.8339592065235,25.224929954369713,177.1754048096168
04015/06A/11-11-28/NIT/1,101.07921614799004,27.032014543161747,195.1052384608935
04015/06A/11-11-28/NIT/2,95.57200975924256,25.702605488408327,185.45735567876793
04015/06A/11-11-28/NIT/3,96.29732089023145,25.99991801450498,184.4988023283347
04015/08A/11-11-28/NIT/1,102.268677368437,27.538104977226464,197.0958099178387
04015/08A/11-11-28/NIT/2,102.24575258031133,27.725307128064124,197.4800801553499
04015/08A/11-11-28/NIT/3,100.47639227735881,26.223773844940393,192.97691263778583
04015/09A/11-11-17/NIT/1,95.74878013396703,25.74738111459357,185.50007023982377
04015/09A/11-11-17/NIT/2,99.96954637458316,26.233956173213226,195.9064991727374
04015/09A/11-11-17/NIT/3,100.90823600053604,26.96316347707289,194.30533435500703
04015/10A/11-11-17/NIT/1,101.49002217566002,27.517307797977338,195.96211693759173
04015/10A/11-11-17/NIT/2,100.35683777691678,26.124544701020387,194.69508703281846
04015/10A/11-11-17/NIT/3,100.29038491098505,25.88062272384367,191.9996778441245
04015/11A/11-11-17/NIT/1,100.16508299873534,26.087642728105717,192.7764050990047
04015/11A/11-11-17/NIT/2,100.25476835531195,26.23665024192341,194.71046464211722
04015/11A/11-11-17/NIT/3,111.23718944350195,30.282408971620594,221.14269417760252
04015/14A/11-11-17/NIT/1,95.58391357017696,25.82358952920377,184.1750026682998
04015/14A/11-11-17/NIT/2,99.90442802239069,26.064118613858685,191.9366978190692
04015/14A/11-11-17/NIT/3,100.92288207586613,26.16328908129863,195.30168887896494
04015/15A/11-11-17/NIT/1,110.51128128382629,30.18394668327056,219.73365743938936
04015/15A/11-11-17/NIT/2,103.26324786238808,27.63813506372742,202.12867991143563
04015/15A/11-11-17/NIT/3,99.89270168420164,26.33290636628307,192.9458559642442
04015/17A/11-11-28/NIT/1,96.03867115981497,25.10848663829088,183.49194320155033
04015/17A/11-11-28/NIT/2,95.1729493556969,24.673871100256864,176.53175479725442
04015/17A/11-11-28/NIT/3,89.51023400458111,22.916784627829156,176.1983927654508
04015/18A/11-11-17/NIT/1,101.66462444061767,27.187046319535398,196.2859091551951
04015/18A/11-11-17/NIT/2,103.14725516355934,27.866646450706494,199.81223733091937
04015/18A/11-11-17/NIT/3,100.71777021351183,26.124544701020387,194.92125353860962
04015/20A/11-11-17/NIT/1,96.94647392709096,26.083761655822048,190.202234974367
04015/20A/11-11-17/NIT/2,101.1298267942115,25.941384884250173,192.9341937985994
04015/20A/11-11-17/NIT/3,97.60423723887361,26.353457285146103,192.19134706228542
04017/02A/11-11-23/NIT/1,112.99268288570907,31.067024077624847,224.93301693815638
04017/02A/11-11-23/NIT/2,96.74971685885596,25.501700246100622,183.6363362045312
04017/02A/11-11-23/NIT/3,65.88944468956377,18.00651829453736,157.11737928626079
04017/02B/11-11-23/NIT/1,112.99602226769126,31.312751605038233,226.78969054850015
04017/02B/11-11-23/NIT/2,109.3007215467779,29.507343494830923,218.30743458043182
04017/02B/11-11-23/NIT/3,63.230788854930296,16.360748151241776,153.41679162394286
04017/07A/11-11-23/NIT/1,96.37119502827015,25.010357862076493,173.91774995727243
04017/07A/11-11-23/NIT/2,75.63828683939134,18.012055509790518,166.4281724091872
04017/07A/11-11-23/NIT/3,72.08780267319587,18.467210053787802,164.90282986171044
04017/10A/11-11-23/NIT/1,95.3132514636135,24.147062561706857,174.52628005847856
04017/10A/11-11-23/NIT/2,89.38054474857329,23.349216010190975,175.9779993844036
04017/10A/11-11-23/NIT/3,89.69604946663632,22.01834361610256,171.68430954815014
04017/10B/11-11-23/NIT/1,95.52941462827827,25.011856209320158,174.27623924550048
04017/10B/11-11-23/NIT/2,95.14127790081851,24.782485036529554,174.2090966724452
04017/10B/11-11-23/NIT/3,87.26501196400413,20.839375654877184,167.52086130371967
04017/11A/11-11-23/NIT/1,96.26443949047076,25.298136226479095,183.87418031735172
04017/11A/11-11-23/NIT/2,100.70965545919107,27.453802690812008,196.08357800866006
04017/11A/11-11-23/NIT/3,95.79746766347886,24.461581504382064,173.788948457178
04017/13A/11-11-23/NIT/1,94.94303522231547,24.557719027742042,176.604966911062
04017/13A/11-11-23/NIT/2,95.73063207449768,24.83497999384943,176.59723061405708
04017/13A/11-11-23/NIT/3,75.58334585434783,17.83846547379267,164.49063056294133
04017/14A/11-11-23/NIT/1,94.73866795234291,24.741589804636266,175.3748983529756
04017/14A/11-11-23/NIT/2,91.19774190536522,23.46303466774074,177.54045592432007
04017/14A/11-11-23/NIT/3,87.1607824588972,20.760983325342817,168.51227015150474
04017/15A/11-11-23/NIT/1,95.23476800134956,25.243149619956082,177.3458406757074
04017/15A/11-11-23/NIT/2,91.47631731177519,23.290696726534936,177.54045592432007
04017/15A/11-11-23/NIT/3,89.14397192626744,22.184962651964117,172.00244215109407
04017/16A/11-11-23/NIT/1,95.73063207449768,24.83497999384943,176.59723061405708
04017/16A/11-11-23/NIT/2,89.29903815906953,21.498143099918227,172.62904840774436
04017/16A/11-11-23/NIT/3,67.6142463377636,17.702437598750844,158.58262795623753
04017/16B/11-11-23/NIT/1,96.07591811269303,25.058666021452044,183.31650563186665
04017/16B/11-11-23/NIT/2,89.15014509673087,21.86487098753859,171.91407884689875
04017/16B/11-11-23/NIT/3,69.3124562738859,18.64941982964667,162.17456671290844
04017/17A/11-11-23/NIT/1,96.34028199279656,25.59980331306631,183.6506164841331
04017/17A/11-11-23/NIT/2,101.25833204978493,26.49448178448266,195.5801221871737
04017/17A/11-11-23/NIT/3,84.64673551128989,19.42488888256103,170.10543488709013
04017/17B/11-11-23/NIT/1,90.49632000892076,23.552803150232226,172.15199955764587
04017/17B/11-11-23/NIT/2,96.87430655113035,26.09149923511594,184.1804782726966
04017/17B/11-11-23/NIT/3,88.68297739602221,21.87150949237768,170.35607706595894
04018/02A/11-11-21/NIT/1,96.66093909113788,24.437792266607726,180.08062820830884
04018/02A/11-11-21/NIT/2,88.46779055189675,21.974011110178306,170.79577065172649
04018/02A/11-11-21/NIT/3,83.13163744672936,19.27344084902474,167.56390811107124
04018/04A/11-11-21/NIT/1,90.76810459329515,23.445426964862943,175.3133289938332
04018/04A/11-11-21/NIT/2,99.56922746624262,25.94798924148473,192.41014104986291
04018/04A/11-11-21/NIT/3,89.37984992130082,23.291452250653084,175.98188410051776
04018/06A/11-11-21/NIT/1,99.21029609491941,26.712908519438546,189.3457930891732
04018/06A/11-11-21/NIT/2,96.89630285143745,24.517455963038124,174.96731772520607
04018/06A/11-11-21/NIT/3,88.5557213734593,21.8321465587486,169.39553620149238
04018/09A/11-11-21/NIT/1,90.17671840945368,23.139703224381027,171.88306855441496
04018/09A/11-11-21/NIT/2,85.25553793097006,19.61738186331751,170.4124207257327
04018/09A/11-11-21/NIT/3,109.36321963402546,30.05230640770964,213.52257325385264
04018/10A/11-11-21/NIT/1,102.78219217126512,27.713621429477218,198.84277315138897
04018/10A/11-11-21/NIT/2,114.38130538168791,31.962596990365196,228.69877956029282
04018/10A/11-11-21/NIT/3,105.64300655158331,26.522869262374314,191.6481674726468
04018/11A/11-11-21/NIT/1,89.4562672740519,22.077859543682383,168.59893380391426
04018/11A/11-11-21/NIT/2,101.38576745452792,27.52436435252117,196.64404519598574
04018/11A/11-11-21/NIT/3,96.57628095986739,26.015321217271012,185.86835185607558
04020/06A/11-11-23/NIT/1,110.18591472750686,29.577461293247165,219.90662556901734
04020/06A/11-11-23/NIT/2,85.40270076812341,19.32805829381735,169.70051147640058
04020/06A/11-11-23/NIT/3,96.25368092989149,25.26298824906522,183.55667109943832
04021/01A/11-11-23/NIT/1,100.13524698324132,26.213805106783735,196.06622758922603
04021/01A/11-11-23/NIT/2,102.5873615339135,27.920542476809377,199.33301721703893
04021/01A/11-11-23/NIT/3,96.70776248756738,26.089315499360545,184.7131193531787
04022/01A/11-11-28/NIT/1,101.93017159266891,27.133340148144494,198.54700006971413
04022/01A/11-11-28/NIT/2,112.92038496060634,30.978738903279098,225.1184352807672
04022/01A/11-11-28/NIT/3,85.54343088837258,19.94184586804504,169.29574899345866
04022/03A/11-11-28/NIT/1,114.05310786623885,31.93530673280628,226.46454633903522
04022/03A/11-11-28/NIT/2,114.28178880265838,32.167316217897145,228.02085696855087
04022/03A/11-11-28/NIT/3,107.22584593368079,28.871242594872864,206.85417915286936
04022/04A/11-11-28/NIT/1,112.71378096300516,31.391858742775995,226.82194430062665
04022/04A/11-11-28/NIT/2,113.71211125105187,31.733471081509986,227.36293108152438
04022/04A/11-11-28/NIT/3,100.7724961032631,27.427220895972997,192.64864863368734
05004/01A/11-10-31/NIT/1,90.33787519011615,21.502517536600706,169.75347802920456
05004/01A/11-10-31/NIT/2,84.1386123338721,19.449451593507337,169.68032310621007
05004/01A/11-10-31/NIT/3,70.16769377653354,18.13272418053609,160.1096098353719
05004/03A/11-10-31/NIT/1,89.04721871783356,21.540317133791394,171.10852829560602
05004/03A/11-10-31/NIT/2,88.19775198678077,20.69679132916798,168.8381901111808
05004/03A/11-10-31/NIT/3,68.25663360336237,17.623163043757952,158.47519810211168
05004/05A/11-10-31/NIT/1,110.91268089358714,29.356339737189796,220.54186367841308
05004/05A/11-10-31/NIT/2,104.22101968942802,27.547419559326283,209.4171722560059
05004/05A/11-10-31/NIT/3,70.75275570787832,17.927625558243864,162.72705209920426
05004/06A/11-10-12/NIT/1,81.35642479610206,19.142833752757195,173.03799397599224
05004/06A/11-10-12/NIT/2,71.08244764582476,17.854042983460324,158.99383476988126
05004/06A/11-10-12/NIT/3,68.39722207901119,17.365838333312535,159.45430623614627
05004/08B/11-10-30/NIT/1,68.07562834456526,17.517136097071,157.38068647190002
05004/08B/11-10-30/NIT/2,66.98168945691414,17.065020823994878,160.55540670586825
05004/08B/11-10-30/NIT/3,63.43530445903629,15.100157043126261,156.38161983852083
05004/09A/11-10-30/NIT/1,82.72170206622756,19.6632293228156,170.08957751910518
05004/09A/11-10-30/NIT/2,75.24027859614081,17.65056296496337,165.11896340197083
05004/09A/11-10-30/NIT/3,66.26303490147463,17.27647120154602,160.58468869349798
05005/01A/11-11-24/NIT/1,69.37643493509931,17.48315544530171,159.80490660291042
05005/01A/11-11-24/NIT/2,67.44913580042804,16.94230895882947,159.76809395948374
05005/01A/11-11-24/NIT/3,67.39460214402588,16.84909658154462,158.98098034948814
05005/02A/11-11-23/NIT/1,68.78325065545268,17.609209720898505,159.37787883756351
05005/02A/11-11-23/NIT/2,68.94795641697682,17.33200506090329,160.0764724729698
05005/02A/11-11-23/NIT/3,67.70949058732772,17.072712682671945,160.68182526424872
05005/03A/11-11-24/NIT/1,68.22690126550984,17.656376035089718,159.22865094573004
05005/03A/11-11-24/NIT/2,67.06304134049593,16.885121816791553,158.62496433491484
05005/03A/11-11-24/NIT/3,62.38286496575132,15.726836106448795,152.66978207154924
05005/04A/11-11-24/NIT/1,70.68532829767987,17.768178124113636,159.25763333405501
05005/04A/11-11-24/NIT/2,67.57994626702668,17.29620063182466,159.8688308644087
05005/04A/11-11-24/NIT/3,63.03573640698975,15.909190161568988,151.56076811158604
05006/04B/11-10-13/NIT/1,66.8070879358901,17.086544226725564,161.2637694241458
05006/04B/11-10-13/NIT/2,63.24222459324379,15.00044722399158,155.20851979352366
05006/04B/11-10-13/NIT/3,62.45289366216243,15.06656329250797,156.44125887706585
05006/07A/11-10-13/NIT/1,67.43015882429066,17.414083644230335,157.95061923729293
05006/07A/11-10-13/NIT/2,64.07205789865776,15.883154592641713,152.1571598660938
05006/07A/11-10-13/NIT/3,63.32103910246294,16.01921861688619,151.61445870833018
05006/17A/11-10-12/NIT/1,66.76207140038818,16.839374614496073,160.5632466735925
05006/17A/11-10-12/NIT/2,62.33195446550169,15.679279731498422,153.38476160650126
05006/17A/11-10-12/NIT/3,62.89586920926245,15.04552055383849,155.3161548546387
05008/05A/11-10-04/NIT/1,89.04759503875536,21.03488305725798,172.50460833086942
05008/05A/11-10-04/NIT/2,77.38644949056464,18.502551655026465,171.4911328055446
05008/05A/11-10-04/NIT/3,70.57046181843009,18.168153547152695,161.78220100109277
05008/07A/11-10-04/NIT/1,89.99413691972511,22.97971200146959,174.9851934810126
05008/07A/11-10-04/NIT/2,103.31665413407798,27.506300834820117,203.03735197254514
05008/07A/11-10-04/NIT/3,97.01433583002007,24.15271574807969,187.62314734270194
05008/10A/11-10-04/NIT/1,90.20958001977314,23.07496750093755,177.27323167194496
05008/10A/11-10-04/NIT/2,70.16365114513015,18.017180612738944,160.6523523635059
05008/10A/11-10-04/NIT/3,71.81124314767631,18.316085959407168,159.84941311049113
05008/12A/11-10-04/NIT/1,95.83406876096957,23.86549454301084,187.23551463892423
05008/12A/11-10-04/NIT/2,93.61581478018552,22.69661746066979,186.28598092539355
05008/12A/11-10-04/NIT/3,91.24530672105936,21.957378900431163,184.75128354432806
05008/15A/11-10-04/NIT/1,87.94275591134594,20.69679132916798,168.61077563504801
05008/15A/11-10-04/NIT/2,85.10177956105271,19.145833137082263,170.02739820213733
05008/15A/11-10-04/NIT/3,65.48871291598617,17.51670178308949,155.46959713780475
05008/20A/11-10-04/NIT/1,69.83848249700942,18.211288357932265,160.69879282160528
05008/20A/11-10-04/NIT/2,75.98798994413794,18.11511451132974,164.95096316395788
05008/20A/11-10-04/NIT/3,74.77201712334731,17.862472674553427,162.51355640368976
05008/27A/11-10-04/NIT/1,83.82941074401458,19.209219498179753,171.42120707969767
05008/27A/11-10-04/NIT/2,84.71719628181415,19.131634065869594,169.88343030491112
05008/27A/11-10-04/NIT/3,71.29902701010741,18.361452220958594,158.7007120304431
05008/28A/11-10-04/NIT/1,102.31769165526232,25.858328995873805,189.78732873999874
05008/28A/11-10-04/NIT/2,89.71584572693307,22.961507525569054,174.95380057098228
05008/28A/11-10-04/NIT/3,77.15611409164454,18.015979241056232,169.68556254680925
05009/01A/11-09-17/NIT/1,88.8070136862191,21.337444526503752,171.6150859150671
05009/01A/11-09-17/NIT/2,85.38932902167608,19.128942419468014,170.82908268461577
05009/01A/11-09-17/NIT/3,69.53244414869012,17.624157910079877,156.0316170450076
05009/02A/11-11-13/NIT/1,94.57075322814431,24.24369112486821,176.484247406717
05009/02A/11-11-13/NIT/2,90.01792139158339,23.241110336272953,175.5890668838765
05009/02A/11-11-13/NIT/3,68.66590061024499,17.10740326471071,159.5326353778926
05009/04A/11-09-18/NIT/1,95.530447536069,24.682359260106228,176.2699350513274
05009/04A/11-09-18/NIT/2,89.27832776345255,21.385798305427283,168.90575402583661
05009/04A/11-09-18/NIT/3,67.70861208528467,17.6649969094028,155.94072416285294
05009/05A/11-09-17/NIT/1,95.66944575464775,25.715141330079252,183.9907749527537
05009/05A/11-09-17/NIT/2,94.35381822757952,24.169137060906724,176.3317057492204
05009/05A/11-09-17/NIT/3,76.57089536563295,17.967735166307445,168.64412503810027
05009/07A/11-09-17/NIT/1,91.81450877869783,22.990156745973056,173.5079199005776
05009/07A/11-09-17/NIT/2,79.52839852334085,18.533651453144856,172.38564086946334
05009/07A/11-09-17/NIT/3,68.65288981550366,17.75595969434017,159.88495433260073
05009/08A/11-09-18/NIT/1,96.54210771031855,26.04131559516826,187.75476871863094
05009/08A/11-09-18/NIT/2,94.86649756836987,25.538224504118734,184.57203090668395
05009/08A/11-09-18/NIT/3,79.49550451577674,18.34633938134579,171.33329860030307
05009/14A/11-09-17/NIT/1,95.0200811214785,25.559277770474164,184.33526851359443
05009/14A/11-09-17/NIT/2,90.81126266818808,23.495308533882156,175.45101638271004
05009/14A/11-09-17/NIT/3,67.96719731857227,18.48067178274344,160.1257447067283
05009/15A/11-09-18/NIT/1,95.23529030283352,25.88443012460431,185.17341601783377
05009/15A/11-09-18/NIT/2,95.39089683413978,25.026157802781253,183.03153394408108
05009/15A/11-09-18/NIT/3,77.31870028196745,18.314461433528916,168.8644622269637
05009/20A/11-11-13/NIT/1,105.40887295077395,28.11539763728955,201.34302043530795
05009/20A/11-11-13/NIT/2,112.97817288170005,30.389450911703385,222.86609391873478
05009/20A/11-11-13/NIT/3,88.57352495840671,21.703093236595066,171.08664682309015
05009/24A/11-09-17/NIT/1,94.80521324019456,24.474964782980717,182.7648044929454
05009/24A/11-09-17/NIT/2,89.01341083417772,21.484706358979302,170.8119683119966
05009/24A/11-09-17/NIT/3,79.14593102214842,18.707476764398113,172.10084440528865
05010/01A/11-10-30/NIT/1,104.74962018222553,28.253763840765284,202.4076413424127
05010/01A/11-10-30/NIT/2,95.22297548913457,24.560988763353134,174.30073731655244
05010/01A/11-10-30/NIT/3,89.59097386723859,20.856714811062186,169.70216956114484
05010/02A/11-11-13/NIT/1,109.52525986772636,30.422895108243342,218.145901960977
05010/02A/11-11-13/NIT/2,97.04138074648009,25.764261052213392,184.87534929119983
05010/02A/11-11-13/NIT/3,89.01341083417772,21.5895551061003,170.8119683119966
05010/03A/11-11-13/NIT/1,112.66469108611425,30.75765827970027,227.97385215762645
05010/03A/11-11-13/NIT/2,88.68583202750969,19.977397307779587,168.854568182603
05010/03A/11-11-13/NIT/3,96.33581955972814,24.98299377194059,175.33132356251386
05010/09A/11-10-02/NIT/1,77.46002127968765,17.986306063460276,169.02180586281148
05010/09A/11-10-02/NIT/2,83.64438411800988,18.45126317171881,172.395532833574
05010/09A/11-10-02/NIT/3,96.94421817336494,23.382470458811344,184.0540588712635
05010/12A/11-10-02/NIT/1,102.47466414161413,25.37258614983728,192.70434154164204
05010/12A/11-10-02/NIT/2,90.59092164530908,21.47790521058076,167.3187089152669
05010/12A/11-10-02/NIT/3,97.72105624189889,23.59336042386495,186.7765387753556
05010/13A/11-10-02/NIT/1,90.59092164530908,21.47790521058076,167.3187089152669
05010/13A/11-10-02/NIT/2,100.66924038352487,26.988715637999547,192.16261010747573
05010/13A/11-10-02/NIT/3,112.18550506716097,31.23346776358237,221.0753683124685
05010/14A/11-10-02/NIT/1,97.3311047737166,23.882187331275695,173.91355768979625
05010/14A/11-10-02/NIT/2,101.58115500880815,25.839522398105732,192.34466131987884
05010/14A/11-10-02/NIT/3,91.19546930672747,21.246190869371365,166.5420113135402
05011/01B/11-11-20/NIT/1,97.90618653227044,26.225751755072718,191.51979276208547
05011/01B/11-11-20/NIT/2,96.1374325411807,25.448642553176683,181.31489347732128
05011/01B/11-11-20/NIT/3,104.00102477267947,27.583027527143347,205.9560558434109
05011/05A/11-10-01/NIT/1,112.91947800766864,31.561919680523435,226.54733193141826
05011/05A/11-10-01/NIT/2,116.80885035661468,31.30091319156607,219.1620192828985
05011/05A/11-10-01/NIT/3,108.76183205725148,28.567041814506343,210.74609078663516
05011/06A/11-10-01/NIT/1,108.99770990924465,29.03547594608763,213.3175136666894
05011/06A/11-10-01/NIT/2,97.96662370782208,24.374876797879555,190.78110759997853
05011/07A/11-10-01/NIT/1,103.69222626256341,27.183750134314995,192.39649512985235
05011/07A/11-10-01/NIT/2,121.55862088637642,32.58768162184026,237.05655683081167
05011/07A/11-10-01/NIT/3,127.50613465332755,34.92061712215717,245.8824525726845
05011/10A/11-10-01/NIT/1,98.83049999748474,24.623219940106274,194.7017791469766
05011/10A/11-10-01/NIT/2,121.7901208996234,33.161790538194644,236.94209035992824
05011/10A/11-10-01/NIT/3,113.26898765210105,31.75261936212392,228.5308771141329
05011/12A/11-10-01/NIT/1,108.57136970294185,27.354176965173114,213.37155600041953
05011/12A/11-10-01/NIT/2,128.2007344960143,35.879552645157666,248.04996797721722
05011/12A/11-10-01/NIT/3,104.38123693028963,28.256762875014186,210.43928307385758
05011/14A/11-10-30/NIT/1,106.32250782738562,27.75031372810444,202.85384937570754
05011/14A/11-10-30/NIT/2,83.00297309293224,19.07973948749914,172.61399458281048
05011/14A/11-10-30/NIT/3,89.16852075056633,21.3204470211648,170.89107123865998
05011/17A/11-10-30/NIT/1,89.34964245844836,21.088614613927046,169.47724906013062
05011/17A/11-10-30/NIT/2,91.94616537785377,23.5768701843644,171.36547925963774
05011/17A/11-10-30/NIT/3,104.2705103455359,26.58660157994252,192.22564129007205
05011/18A/11-10-01/NIT/1,97.22668255281017,25.461841507792567,182.03342411476058
05011/18A/11-10-01/NIT/2,97.22735302317652,24.726716092545793,174.85838622121062
05011/18A/11-10-01/NIT/3,88.89316873302037,21.64013448541843,170.03565364859665
05011/20B/11-10-30/NIT/1,101.60389865003724,27.249021393205854,198.69757756180417
05011/20B/11-10-30/NIT/2,96.36320589017765,25.716872779463273,183.87001820417592
05011/20B/11-10-30/NIT/3,69.43740244159862,18.226199217298355,160.1891707058535
05013/02A/11-10-29/NIT/1,95.45677370887427,25.623761466348157,184.86471012610642
05013/02A/11-10-29/NIT/2,89.6984187254579,21.80061493262749,172.09674300550782
05013/02A/11-10-29/NIT/3,67.96719731857227,18.30245636005493,160.1257447067283
05013/04A/11-10-29/NIT/1,99.83778174744076,26.192971414586655,194.5836354257738
05013/04A/11-10-29/NIT/2,94.35381822757952,24.169137060906724,176.3317057492204
05013/04A/11-10-29/NIT/3,99.19037769539891,26.155785548175043,193.19243659407866
05013/06A/11-10-29/NIT/1,89.9908112783587,23.735356904867622,175.39103413421782
05013/06A/11-10-29/NIT/2,69.03680430146143,17.623163043757952,158.47519810211168
05013/09B/11-10-29/NIT/1,101.25035195399923,26.050076986318,197.56259735337196
05013/09B/11-10-29/NIT/2,90.47328370181914,22.972096555430532,175.5995790828382
05013/09B/11-10-29/NIT/3,70.16769377653354,18.13272418053609,161.09674020271447
05013/12A/11-10-29/NIT/1,110.12734589809305,29.00647472041533,218.50315035323175
05013/12A/11-10-29/NIT/2,94.4504621060634,23.48793238592163,175.70070994219367
05013/12A/11-10-29/NIT/3,68.9634932647297,17.61286486136527,158.63937010081392
05013/16A/11-10-29/NIT/1,102.37514031739816,27.110119691270636,199.6332902543874
05013/16A/11-10-29/NIT/2,90.79981934334474,23.42523269711913,176.4238318803275
05013/16A/11-10-29/NIT/3,67.31746224238496,17.45364186602624,158.72630622527308
05013/22B/11-10-29/NIT/1,101.6625660061642,27.560332308243602,198.31221535849585
05013/22B/11-10-29/NIT/2,88.7248010841747,21.70779198597607,171.4769103713667
05013/22B/11-10-29/NIT/3,69.43740244159862,18.226199217298355,160.1891707058535
05013/28A/11-10-29/NIT/1,109.99051612170767,30.991974595715828,223.25032011051073
05013/28A/11-10-29/NIT/2,89.73262515142217,22.608799870975044,171.6640936181193
05013/28A/11-10-29/NIT/3,75.25095743266424,18.032217017108827,164.3884583761606
05014/01A/11-10-15/NIT/1,107.31964604868566,27.54576854191078,214.11925518862884
05014/01A/11-10-15/NIT/2,89.96636238209906,23.575385322214633,174.95703898084332
05014/01A/11-10-15/NIT/3,76.4855325265104,18.45185041605431,166.48791173356562
05014/02A/11-10-15/NIT/1,91.12883633057903,23.6108147453118,174.75373582962388
05014/02A/11-10-15/NIT/2,88.77134459290845,21.56331650642693,172.64817333516626
05014/02A/11-10-15/NIT/3,79.44683308978848,18.41794828174961,172.12140121605395
05014/05A/11-10-15/NIT/1,103.10045307283043,28.108919358962954,200.43137487396237
05014/05A/11-10-15/NIT/2,99.56513109599454,26.100307069213954,195.17829592684492
05014/05A/11-10-15/NIT/3,90.23641494085477,22.842504929847856,176.31817399343188
05014/11A/11-10-15/NIT/1,95.00887545255726,25.291606961016225,184.3865730855166
05014/11A/11-10-15/NIT/2,95.17673162891008,25.52922752595472,184.39220810175206
05014/11A/11-10-15/NIT/3,79.56308477454081,18.547855356552322,171.02861879647259
05014/15A/11-10-15/NIT/1,97.90509930333415,26.04149881031375,192.25646587422878
05014/15A/11-10-15/NIT/2,90.52904741700519,23.686139973068624,175.3702116371484
05014/15A/11-10-15/NIT/3,89.2295197176641,20.015646619202577,170.22169555815782
05014/20A/11-10-15/NIT/1,90.4455475725737,23.497935103228873,176.99775969605454
05014/20A/11-10-15/NIT/2,91.12883633057903,23.6108147453118,174.75373582962388
05014/20A/11-10-15/NIT/3,83.83012662665892,19.12760466564959,171.43579845241922
05014/22A/11-10-16/NIT/1,103.6474043066428,26.02583661076846,189.5455204762319
05014/22A/11-10-16/NIT/2,76.58602426888446,18.158661661672845,168.50784307142254
05014/22A/11-10-16/NIT/3,76.65108822326748,18.021929054173025,166.66496096843971
05014/24A/11-10-16/NIT/1,98.06834992487516,25.54270005772679,184.83324177037164
05014/24A/11-10-16/NIT/2,97.11681859835123,25.655233174892484,185.65641615530853
05014/24A/11-10-16/NIT/3,108.14147153294138,28.54681522805038,211.81841679884928
05015/01A/11-10-13/NIT/1,89.80803961093382,21.46114644778528,170.16978363910133
05015/01A/11-10-13/NIT/2,88.46923567079178,20.494291971377162,168.854568182603
05015/03A/11-10-13/NIT/1,81.93759764490277,19.41318328254906,172.62015012078328
05015/03A/11-10-13/NIT/2,89.83757028172424,23.946566863104177,175.35261987393213
05015/03A/11-10-13/NIT/3,90.4691898077253,23.49764157154596,177.68614857013105
05015/07A/11-11-29/NIT/1,84.58690551640963,19.68071410737029,169.94835913982138
05015/07A/11-11-29/NIT/2,92.51032773866187,23.023049554577046,173.9538795409589
05015/07A/11-11-29/NIT/3,88.57207421464376,19.95168448762432,168.85168613016072
05015/13A/11-11-29/NIT/1,88.75550650903507,20.05728203959744,169.613907436971
05015/13A/11-11-29/NIT/2,89.18524735665387,20.608975003937445,167.37779118080127
05015/13A/11-11-29/NIT/3,83.7148747847617,18.900426362780244,171.17111663620014
05016/01B/11-11-29/NIT/1,90.00781100512629,21.315733838420478,170.7266891263334
05016/01B/11-11-29/NIT/2,91.10157424910368,23.312264340726994,175.06993072267844
05016/01B/11-11-29/NIT/3,103.34043252679733,27.728522233504794,203.5406783399538
05016/01C/11-11-29/NIT/1,71.91701346478773,18.158240258964103,158.16757903825564
05016/01C/11-11-29/NIT/2,89.21460043195333,21.642904442467866,170.8119683119966
05016/01C/11-11-29/NIT/3,88.85342370186622,20.141492052079272,167.8514808971128
05016/03A/11-11-15/NIT/1,72.59323639265212,18.158240258964103,158.16757903825564
05016/03A/11-11-15/NIT/2,91.64909723021664,23.00058266466102,174.52292470152972
05016/03A/11-11-15/NIT/3,79.30180308661008,18.542202791648016,170.991793619196
05016/04A/11-11-15/NIT/1,79.16360484166047,18.764774326500135,170.18574774514244
05016/04A/11-11-15/NIT/2,91.57470677173606,23.573665098518923,173.65913259194232
05016/04A/11-11-15/NIT/3,83.36617048169954,19.173950175934888,172.24928222040788
05016/05A/11-11-20/NIT/1,77.54840663549759,18.160517157731203,169.7007163268856
05016/05A/11-11-20/NIT/2,91.44827331962183,23.14208576185462,174.8958927771118
05016/05A/11-11-20/NIT/3,86.37036788703368,20.03738546675688,169.73581971779663
05016/06A/11-11-20/NIT/1,76.14478526695451,18.121677547943296,168.64412503810027
05016/06A/11-11-20/NIT/2,125.27300970476652,35.5331806551843,248.27426509291237
05016/06A/11-11-20/NIT/3,89.81242037820783,21.56067906371187,171.13315742117723
05016/11A/11-11-20/NIT/1,81.93759764490277,19.41318328254906,172.62015012078328
05016/11A/11-11-20/NIT/2,96.80229950067339,25.491102074498343,184.3459773256906
05016/11A/11-11-20/NIT/3,89.43163069305949,21.78441403855111,170.35277408370425
05016/14A/11-11-20/NIT/1,69.76218602148134,17.72067270343847,160.86887001652067
05016/14A/11-11-20/NIT/2,91.43005488771645,23.158957438459353,174.61000353913593
05016/14A/11-11-20/NIT/3,96.61654030548645,23.324757931714462,173.83430394998666
05017/02A/11-10-13/NIT/1,90.49180522544548,23.577145780864715,174.33502156468265
05017/02A/11-10-13/NIT/2,89.14388781549049,21.584850888030104,172.30898182166214
05017/02A/11-10-13/NIT/3,89.92939741532822,21.083936338424444,170.2316930938145
05017/05A/11-10-13/NIT/1,88.38833365081778,20.098658800656153,167.2605743848081
05017/05A/11-10-13/NIT/2,93.16176092999739,24.107658507624997,179.7633516400242
05017/05A/11-10-13/NIT/3,88.48678573885742,22.675114395609455,172.3045030109287
05017/06A/11-10-02/NIT/1,83.22260552076204,19.395371525073404,171.44802884978807
05017/06A/11-10-02/NIT/2,90.83897376541877,22.832823510269744,173.5184162559947
05017/06A/11-10-02/NIT/3,85.57224353840571,19.213505018181383,169.33940361483715
05017/08B/11-10-02/NIT/1,67.94986002456487,18.087162782458456,159.8354888854129
05017/08B/11-10-02/NIT/2,86.25228164753176,19.241642987427642,170.43481338449186
05017/08B/11-10-02/NIT/3,84.12560778881063,19.08847596549523,173.0783722300433
05017/14B/11-10-02/NIT/1,90.94702126545407,21.04018837581992,181.39596628978316
05017/14B/11-10-02/NIT/2,81.1714987234923,18.96138314742257,173.8507138013538
05017/14B/11-10-02/NIT/3,78.80446334726585,18.459504924220294,174.15346779775635
05017/18A/11-10-02/NIT/1,69.92412880985974,17.580520542833213,156.63532509006149
05017/18A/11-10-02/NIT/2,95.58105292784494,24.613608293969044,174.29179194180387
05017/18A/11-10-02/NIT/3,96.72063756251394,25.434600905050242,183.46294721481289
05018/02A/11-10-14/NIT/1,66.38522020362234,17.51125684470129,159.09500186056576
05018/02A/11-10-14/NIT/2,92.93576616056559,23.89828014381556,173.96571447043263
05018/02A/11-10-14/NIT/3,65.58377796430271,17.808851338484644,158.2381217296227
05018/16A/11-10-14/NIT/1,67.72433247276881,17.266717781405223,157.28004291479354
05018/16A/11-10-14/NIT/2,101.77203112083343,27.133340148144494,198.54700006971413
05018/16A/11-10-14/NIT/3,89.7776012642633,21.874837053998643,170.89439516345809
05018/21A/11-10-14/NIT/1,83.9963887831598,19.141860517552608,170.77125967959714
05018/21A/11-10-14/NIT/2,95.48658246449303,24.549251429522595,176.27939522991875
05018/21A/11-10-14/NIT/3,96.91332385551685,26.05168231832668,192.44536344878486
05018/29A/11-10-14/NIT/1,91.93007822650387,23.071537111897644,173.77175421776084
05018/29A/11-10-14/NIT/2,97.55588994699728,25.90153094039508,191.58879342573871
05018/29A/11-10-14/NIT/3,99.31327809997931,25.905845823147292,192.52451808690105
05018/30A/11-10-14/NIT/1,95.57086922228733,24.43608462765201,176.34736875890246
05018/30A/11-10-14/NIT/2,91.74571681804578,22.93085610994771,172.9023370250522
05018/45A/11-10-14/NIT/1,95.68039269274074,25.364709044498017,189.233425306435
05018/45A/11-10-14/NIT/2,95.4901728207128,24.635936053689132,173.89735083166246
05018/45A/11-10-14/NIT/3,96.07591811269303,24.84896465575451,183.31650563186665
05018/62A/11-10-14/NIT/1,96.09120720139988,26.10843408918309,181.4583835936744
05018/62A/11-10-14/NIT/2,68.5849394976226,18.286099253144567,162.4800161920821
05018/62A/11-10-14/NIT/3,95.00552342879432,24.71307549125224,174.38464161998493
05018/63A/11-10-14/NIT/1,89.66403360916166,21.622577201098014,171.25880048480363
05018/63A/11-10-14/NIT/2,69.25526565587893,17.59483725195081,159.7598535131938
05018/63A/11-10-14/NIT/3,102.31658630278714,25.636501075385848,189.1715324715964
05019/04B/11-11-29/NIT/1,84.7750566977165,19.371057504061245,169.9547869602552
05019/04B/11-11-29/NIT/2,69.7127040219345,18.137217396897977,161.17630107319607
05019/04B/11-11-29/NIT/3,85.61937041592445,19.73044625129049,169.7666992818538
05019/08A/11-11-29/NIT/1,72.28602108122864,17.965370795435756,161.90879191444932
05019/08A/11-11-29/NIT/2,62.31243455462863,15.802986522787652,154.08700608489335
05019/08A/11-11-29/NIT/3,89.9908112783587,23.3001552300279,175.39103413421782
05019/13A/11-11-29/NIT/1,89.28861401973158,21.386668853340346,172.32699574508487
05019/13A/11-11-29/NIT/2,89.81730914305787,21.06239183674061,170.78996575186133
05019/13A/11-11-29/NIT/3,84.39672452646197,19.038399177510225,170.5259664646225
05020/01A/11-10-05/NIT/1,92.71911852718101,23.092858026331204,171.8322174066253
05020/01A/11-10-05/NIT/2,119.66076562297927,32.588137884741066,233.69455008264535
05020/01A/11-10-05/NIT/3,91.7114954243652,22.995826334557563,174.1745593274666
05020/02A/11-10-05/NIT/1,88.58678163731024,21.464287561922053,170.94666196587573
05020/02A/11-10-05/NIT/2,73.85167892114949,17.62748363106519,167.8032546804205
05020/02A/11-10-05/NIT/3,104.7298739234769,28.271281588370247,205.12739190830658
05020/05A/11-10-05/NIT/1,82.00935026772089,18.83244441793101,171.2312419888041
05020/05A/11-10-05/NIT/2,83.01092088564606,18.844048426578706,171.2104922038565
05020/05A/11-10-05/NIT/3,126.9785825614364,36.108411556163084,248.93342528733262
05020/09A/11-10-05/NIT/1,113.41086833109613,31.93176178763214,226.8094337487348
05020/09A/11-10-05/NIT/2,85.27126629377385,19.879019910683798,169.7402105382858
05020/09A/11-10-05/NIT/3,89.60374550936386,21.60677819033299,169.9893162540939
05020/12A/11-10-05/NIT/1,91.04769989603645,21.59357433704157,168.92533065183048
05020/12A/11-10-05/NIT/2,85.11563852033983,19.342355812607163,170.10595278675842
05020/12A/11-10-05/NIT/3,97.34631487696991,25.87917625841921,184.7481710988529
05020/15A/11-10-05/NIT/1,110.64099290237075,30.14894212749908,220.32526075114217
05020/15A/11-10-05/NIT/2,96.87946656426477,25.92031274380302,184.11290289036666
05020/15A/11-10-05/NIT/3,116.81769821166512,32.7463869943382,230.97165920351117
05020/16A/11-10-05/NIT/1,96.44058110947263,24.185131812742735,173.53833426130467
05020/16A/11-10-05/NIT/2,83.18210166930868,19.406570681133186,172.02324611915645
05020/16A/11-10-05/NIT/3,97.3165244378058,25.714570195297654,183.66035070140654
05020/17A/11-10-05/NIT/1,95.24850804835452,23.84889823953856,173.9441208740141
05020/17A/11-10-05/NIT/2,96.05316235329873,24.510217891560874,173.35232995001869
05020/17A/11-10-05/NIT/3,105.69973790538963,28.63588679899858,206.2237533273695
05021/02A/11-10-11/NIT/1,112.3700534508993,29.861513361673712,221.6514162820478
05021/02A/11-10-11/NIT/2,95.3904469178543,24.340842265383806,174.0695502355446
05021/02A/11-10-11/NIT/3,96.18143398786454,25.64751909156823,183.3484587660459
05021/03A/11-10-11/NIT/1,100.55419949808545,26.15599113572929,194.91027677024263
05021/03A/11-10-11/NIT/2,91.87653704445837,22.982086305095468,174.13965650140594
05021/03A/11-10-11/NIT/3,100.3836707361553,25.85060829121074,191.88370686225397
05021/07A/11-10-11/NIT/1,96.68067391550278,24.610292499087624,174.96731772520607
05021/07A/11-10-11/NIT/2,89.42181143752204,21.627249733990666,170.37658318521903
05021/07A/11-10-11/NIT/3,96.62134815338874,25.544407172167094,182.89151005757597
05021/08B/11-10-12/NIT/1,91.81450877869783,23.347845613059828,173.5079199005776
05021/08B/11-10-12/NIT/2,76.01844233089012,18.328611221717434,166.04078038387016
05021/08B/11-10-12/NIT/3,96.59858206896085,24.471379312217927,169.60968639906417
05021/16A/11-10-11/NIT/1,96.1297501086308,24.401466002617084,173.7318097499586
05021/16A/11-10-11/NIT/2,89.98543242695611,21.63413513552295,168.8201407671679
05021/16A/11-10-11/NIT/3,94.80643210393096,24.575221258491286,174.98932332559332
05021/19B/11-10-11/NIT/1,100.4507822395313,26.265432117634887,196.62062038483205
05021/19B/11-10-11/NIT/2,96.04262956641112,25.45448874363539,183.41639302108433
05021/19B/11-10-11/NIT/3,109.873133276513,29.291218347232228,216.70160844258086
05021/20A/11-10-11/NIT/1,108.52184446644164,28.219162421518003,214.06723789236813
05021/20A/11-10-11/NIT/2,90.02657012631308,22.3299871269932,167.07218261274298
05021/20A/11-10-11/NIT/3,95.72285120149823,25.81039458069569,183.65020282127313
05021/22A/11-10-11/NIT/1,96.02016612091269,24.114500617607607,173.86722390772601
05021/22A/11-10-11/NIT/2,82.54966471761152,19.112442833471253,171.3256353265359
05021/22A/11-10-11/NIT/3,91.74571681804578,23.096102297704704,173.44045370993106
05021/30A/11-10-11/NIT/1,96.60282262086004,24.990699803857748,173.72491238611534
05021/30A/11-10-11/NIT/2,91.05179265785765,23.227191642234754,174.43993625889513
05021/30A/11-10-11/NIT/3,66.05132703626934,18.160440582848075,157.63184194619137
06001/01A/11-10-12/NIT/1,62.77479068599592,15.279697537974291,156.6408212422273
06001/01A/11-10-12/NIT/2,62.77479068599592,15.279697537974291,156.6408212422273
06001/01A/11-10-12/NIT/3,94.09588828999249,24.749495631864956,176.64423055275367
06001/02A/11-10-12/NIT/1,90.10165634966764,23.202204069558913,175.4007237285356
06001/02A/11-10-12/NIT/2,70.16769377653354,18.13272418053609,160.1096098353719
06001/02A/11-10-12/NIT/3,95.42170388144991,25.411194550614315,184.99072126304077
06002/02A/11-09-29/NIT/1,90.50523379139464,23.84171811598318,175.35261987393213
06002/02A/11-09-29/NIT/2,91.13103605262258,24.062128806386216,176.7960333405345
06002/02A/11-09-29/NIT/3,90.47328370181914,23.098690962349714,176.6531993260173
06002/03A/11-09-29/NIT/1,85.45333380007715,19.61452106510908,169.2839575850387
06002/03A/11-09-29/NIT/2,89.67094146513804,22.913786359252626,175.7194259886605
06002/03A/11-09-29/NIT/3,95.2926108371516,24.623027480373473,176.79675399167692
06002/05A/11-09-29/NIT/1,88.75888742268413,21.695681006140607,172.48814724493937
06002/05A/11-09-29/NIT/2,83.9573351530173,19.35830161972739,171.93733109428985
06002/05A/11-09-29/NIT/3,90.90167663805347,23.701468968022493,174.84023584277801
06002/06A/11-09-29/NIT/1,78.4827405346103,18.521164464063588,171.29840306050752
06002/06A/11-09-29/NIT/2,90.35089959605452,23.45263824840502,175.22909299989064
06002/06A/11-09-29/NIT/3,69.70370791499995,17.90634452724159,158.51254055147385
06003/01A/11-10-09/NIT/1,100.4000517770117,26.100307069213954,195.17829592684492
06003/01A/11-10-09/NIT/2,66.48352282202542,17.096919333177812,159.63236597249733
06003/01A/11-10-09/NIT/3,94.52243643737091,24.726144788246835,182.9508413368398
06003/02A/11-10-09/NIT/1,70.3183237131684,18.23013691955576,163.52268702944204
06003/02A/11-10-09/NIT/2,72.45407453198958,18.223114761651207,161.06880655190614
06003/02A/11-10-09/NIT/3,96.55558314832982,26.011795963774812,187.54356649425048
06003/03A/11-10-09/NIT/1,67.77590046341292,17.80857163250972,157.8392061074841
06003/03A/11-10-09/NIT/2,62.55279806482857,15.910061252383288,152.02663656296286
06003/03A/11-10-09/NIT/3,94.2695862123231,24.17744340511836,175.4999975040901
06003/04A/11-10-09/NIT/1,64.46161497933196,16.029032676120853,153.53880675228478
06003/04A/11-10-09/NIT/2,75.36330895318662,17.871810997131362,161.45485775977372
06003/04A/11-10-09/NIT/3,66.70265563582346,17.316878596058977,159.99130785717088
06003/05A/11-10-09/NIT/1,95.86717594956873,25.648169481326565,190.10733317909902
06003/05A/11-10-09/NIT/2,89.30559191913217,21.732077570469528,169.65015550312228
06003/05A/11-10-09/NIT/3,68.22881826247061,17.789855487215327,158.1510956947923
06003/06A/11-10-09/NIT/1,102.09229618150192,27.063629298249484,198.0988474168353
06003/06A/11-10-09/NIT/2,89.28234805833874,22.720078610769722,173.29904086905336
06003/06A/11-10-09/NIT/3,69.50845509213987,18.06075481386993,161.76166975682648
06003/07A/11-10-09/NIT/1,100.5525306443814,26.02400097977461,195.6102498891323
06003/07A/11-10-09/NIT/2,95.32617295205388,25.63097659810796,185.15168205851913
06003/07A/11-10-09/NIT/3,70.7808904916272,17.73519574178209,159.1155317404907
06003/08A/11-10-09/NIT/1,101.69775829648222,27.15713798222612,198.69757756180417
06003/08A/11-10-09/NIT/2,87.62624313890736,21.10369698500661,168.95461205533624
06003/08A/11-10-09/NIT/3,67.04414532742243,17.65581303669723,159.2041263073182
06004/01A/11-10-16/NIT/1,90.28977573785282,22.97492787404355,174.61465959037068
06004/01A/11-10-16/NIT/2,91.91463765238517,23.094079187919153,174.11448835145694
06004/01A/11-10-16/NIT/3,89.10345623684815,21.904562516209733,167.61253152943502
06004/02A/11-10-16/NIT/1,115.59348952931455,31.350080642829244,227.38631836236024
06004/02A/11-10-16/NIT/2,110.15581452719262,30.916241105151965,215.88887680532193
06004/02A/11-10-16/NIT/3,76.68325974203756,18.197621633268373,164.2209823210399
06004/03A/11-10-16/NIT/1,109.954960163197,30.465382938695942,217.28647213963674
06004/03A/11-10-16/NIT/2,121.07472558633476,32.8473133617012,237.76564187219108
06004/03A/11-10-16/NIT/3,88.38602919400007,22.136123664090594,172.13045743994994
06004/04A/11-10-16/NIT/1,100.74898930342444,26.621084993682224,194.21771412559005
06004/04A/11-10-16/NIT/2,97.04019719678384,25.877339045933354,185.13203037319994
06004/04A/11-10-16/NIT/3,88.5592507579003,22.05452439542434,170.9358995125328
06004/05A/11-10-16/NIT/1,90.64896252125196,23.73826131630671,173.51180461669176
06004/05A/11-10-16/NIT/2,93.85769437794524,23.440219042964944,170.64198450995448
06004/05A/11-10-16/NIT/3,93.40122454302008,23.31108872446535,175.92425255588742
06004/07A/11-10-16/NIT/1,96.21391332266582,25.70127737698129,185.99091618593857
06004/07A/11-10-16/NIT/2,93.47292915889317,23.35488512851074,172.74651450610557
06004/07A/11-10-16/NIT/3,72.752956610044,18.115391444370477,162.843217950828
06004/08A/11-10-16/NIT/1,90.69604318037342,21.681499151208826,169.74464740623282
06004/08A/11-10-16/NIT/2,117.26786245133356,32.58347421380105,231.07236886356085
06004/08A/11-10-16/NIT/3,111.58005888453732,31.0907837787856,223.20394004456946
06005/01A/11-11-12/NIT/1,94.59449198679093,24.97330203435632,183.59795713658752
06005/01A/11-11-12/NIT/2,91.70993546035864,23.348818541446445,177.71008852797297
06005/01A/11-11-12/NIT/3,78.26840208673924,18.329797092443037,171.48712175719902
06005/02A/11-11-12/NIT/1,94.95560295290768,24.816148907147916,174.98932332559332
06005/02A/11-11-12/NIT/2,94.04179265568227,24.689758882304982,176.5231697991695
06005/02A/11-11-12/NIT/3,100.37928960117269,26.053592360856136,195.19929490042
06005/04A/11-11-12/NIT/1,90.28393604449,23.984149527341206,175.29185251450278
06005/04A/11-11-12/NIT/2,69.00992216284682,18.14059908809386,158.46067590665936
06005/04A/11-11-12/NIT/3,67.6676686895109,17.421296444962927,157.97206711566898
06005/05A/11-11-12/NIT/1,85.32486575083676,19.654615509439893,169.44615756400353
06005/05A/11-11-12/NIT/2,81.51148754622433,19.18420575551787,172.62015012078328
06005/05A/11-11-12/NIT/3,69.26557047254644,18.21470121353723,159.13940860323655
06005/07A/11-11-12/NIT/1,99.60292928212654,26.10178604983287,193.19707897775905
06005/07A/11-11-12/NIT/2,74.22534033185215,17.75766450658391,168.3689621664267
06005/07A/11-11-12/NIT/3,66.63587627215007,17.147915443901734,159.10824011092754
06006/01A/11-09-19/NIT/1,95.42893129428695,25.993646570673018,182.01339459321767
06006/01A/11-09-19/NIT/2,101.29756478759477,27.225223559124228,198.54700006971413
06006/01A/11-09-19/NIT/3,90.92924671436866,23.450359977307283,175.39103413421782
06006/02A/11-09-19/NIT/1,105.08607787308571,28.230435017240122,201.69778391664383
06006/02A/11-09-19/NIT/2,100.98922081192528,27.174412537424327,196.19699949614082
06006/02A/11-09-19/NIT/3,95.73063207449768,24.622496072144173,176.0591139291782
06006/03A/11-09-19/NIT/1,94.12837553178329,24.705255941970936,177.569071971608
06006/03A/11-09-19/NIT/2,89.89888259065579,22.639843397971912,176.36059962811527
06006/03A/11-09-19/NIT/3,73.67886842504838,18.37676415341733,160.5891427712608
06006/04A/11-09-19/NIT/1,96.3657242280526,25.959915527431402,187.75527667947787
06006/04A/11-09-19/NIT/2,98.64732997258115,26.059078532920157,192.8074348621047
06006/04A/11-09-19/NIT/3,90.08723116732749,21.389806426098087,169.99398020107955
06006/05A/11-09-19/NIT/1,95.42751561527882,25.68819576694264,184.26461879236163
06006/05A/11-09-19/NIT/2,95.71480348702484,25.647111448888964,190.2227376724425
06006/05A/11-09-19/NIT/3,90.12859959917584,21.138115835262827,171.1160623551024
06006/06A/11-09-19/NIT/1,100.13491992688738,26.140144297919957,193.80397041348013
06006/06A/11-09-19/NIT/2,116.58175147210903,32.566309434800004,231.65002886554137
06006/06A/11-09-19/NIT/3,78.85760159580748,18.885854422412212,171.82670053915047
06006/07A/11-09-19/NIT/1,113.11359027785285,31.551264109308267,228.14456765868422
06006/07A/11-09-19/NIT/2,94.94303522231547,24.716992302257566,176.11098950919532
06006/07A/11-09-19/NIT/3,69.19265559720864,18.115336654427164,161.25323433736295
06006/08A/11-09-19/NIT/1,95.520101054582,25.79924863145501,183.0201319338169
06006/08A/11-09-19/NIT/2,95.14059057308033,24.95508329656557,183.62431846219707
06006/08A/11-09-19/NIT/3,89.99011645108625,23.481654326324374,175.4437674156389
06007/01A/11-09-23/NIT/1,101.16244367081036,26.233657671502158,193.6138074922337
06007/01A/11-09-23/NIT/2,91.0054310656967,22.999059966700525,174.64112300098006
06007/01A/11-09-23/NIT/3,76.98850806753633,18.387443679195755,168.13473500743171
06007/03A/11-09-23/NIT/1,99.39173364065046,25.945063697851463,193.00726402735742
06007/03A/11-09-23/NIT/2,99.49587997783972,26.344307982451216,194.83574713429252
06007/03A/11-09-23/NIT/3,100.13524698324132,25.9670214587431,194.56821953416662
06007/04A/11-09-23/NIT/1,95.88280510187862,25.716819197356404,183.5729912557501
06007/04A/11-09-23/NIT/2,91.0054310656967,22.894211219579528,174.64112300098006
06007/04A/11-09-23/NIT/3,76.12474055291274,18.402979920320703,167.75433860939253
06007/05A/11-09-23/NIT/1,101.05932204072026,27.235207291842773,196.90723403697962
06007/05A/11-09-23/NIT/2,96.49884249037271,25.62725497946547,186.53599724332506
06007/05A/11-09-23/NIT/3,80.79796065875105,18.868488560305238,172.78807829208145
06007/06A/11-09-23/NIT/1,96.26443949047076,24.95508329656557,183.33606363247284
06007/06A/11-09-23/NIT/2,100.09692073700914,27.032185392465106,194.18001026320385
06007/06A/11-09-23/NIT/3,90.75429922278396,22.83528023767672,175.11470207993952
06007/07A/11-09-23/NIT/1,101.87439343505214,27.00052442276525,196.69848213985873
06007/07A/11-09-23/NIT/2,96.32547521063886,25.704189928119238,185.03526463354098
06007/07A/11-09-23/NIT/3,77.82010637354624,18.768487423963833,170.18885070537735
06007/08A/11-09-23/NIT/1,95.37344360257302,25.705857378845838,182.37998130557284
06007/08A/11-09-23/NIT/2,100.34035884559562,26.550815047110632,196.6728294353725
06007/08A/11-09-23/NIT/3,88.42409445879754,21.827652546407595,171.12248529629827
06007/12A/11-09-23/NIT/1,102.27813507386162,27.674651855371483,198.82573540328153
06007/12A/11-09-23/NIT/2,96.63309975156427,25.99240396626171,187.28417484021938
06007/12A/11-09-23/NIT/3,95.42751561527882,25.47676808463856,184.26461879236163
06008/01A/11-11-19/NIT/1,89.19415507064035,22.74391099079569,175.02253766628635
06008/01A/11-11-19/NIT/2,88.82972768554724,20.07304449400873,168.46764200851106
06008/01A/11-11-19/NIT/3,88.58160252240275,20.44192861997738,168.46764200851106
06008/02A/11-11-19/NIT/1,89.81730914305787,21.078667978154844,170.78996575186133
06008/02A/11-11-19/NIT/2,79.98674778781877,18.41794828174961,171.89398673992116
06008/02A/11-11-19/NIT/3,83.47895773517085,19.293480057556128,171.805919254465
06008/03A/11-11-19/NIT/1,89.19554210963356,21.461830992216687,171.32816635473526
06008/03A/11-11-19/NIT/2,83.37213926798829,19.32773073517193,171.34052012090436
06008/03A/11-11-19/NIT/3,96.20949757968376,26.034483126989105,187.50200582205596
06008/04A/11-11-19/NIT/1,88.69627233366265,20.142389151129958,168.5808846030595
06008/04A/11-11-19/NIT/2,72.83822877064036,17.57447108809267,161.73175540150922
06008/04A/11-11-19/NIT/3,67.79462485524152,17.467608798422656,157.68381806636427
06009/01A/11-09-18/NIT/1,103.0657515640187,27.84189502849407,199.01648222448975
06009/01A/11-09-18/NIT/2,94.25872765624706,24.72561768763138,176.6757114566661
06009/01A/11-09-18/NIT/3,65.46746650685638,17.555616838471824,159.06950169966663
06009/02B/11-09-18/NIT/1,89.48165156628623,22.85135375447899,173.14506188163404
06009/02B/11-09-18/NIT/2,68.38147419503635,17.64370488706569,158.79899054330005
06009/02B/11-09-18/NIT/3,65.62763129852097,17.362989791438373,159.3942506025158
06009/03A/11-09-18/NIT/1,106.83757970730947,27.95574424360457,207.16188428858052
06009/03A/11-09-18/NIT/2,120.20739950757606,33.0323072192412,234.35029907636678
06009/03A/11-09-18/NIT/3,105.03455639611157,26.090212945059523,194.2230995114086
06009/04A/11-09-18/NIT/1,104.80998719987068,27.56123886858871,200.92576995704755
06009/04A/11-09-18/NIT/2,90.87771269444293,22.96149134943136,170.80856714745084
06009/04A/11-09-18/NIT/3,82.90494980908615,19.70297906550093,171.77645189412874
06009/05A/11-09-18/NIT/1,103.3971751995634,28.078703101548637,209.0253693535051
06009/05A/11-09-18/NIT/2,92.02860421422386,22.747959207454016,173.84333847538792
06009/05A/11-09-18/NIT/3,75.77758993181047,18.303353787699614,165.87437767426562
06009/06B/11-09-18/NIT/1,109.05177884162039,28.679279199155683,211.73892229894145
06009/06B/11-09-18/NIT/2,88.69281472644623,20.571093895757937,170.4900419091082
06009/06B/11-09-18/NIT/3,88.99495658501752,20.60723709596226,168.86677921621092
06009/07C/11-09-18/NIT/1,88.98473532134317,21.52053722673628,171.12573695958085
06009/07C/11-09-18/NIT/2,71.25905253808205,18.128804792047386,162.2156971206933
06009/07C/11-09-18/NIT/3,73.52972600694831,18.43513952310671,160.28232861614583
06009/08A/11-09-18/NIT/1,90.18058719346422,21.58998061301377,168.10529986634734
06009/08A/11-09-18/NIT/2,90.05735337688297,21.519146773467998,169.05288806408709
06009/08A/11-09-18/NIT/3,75.28633577739019,18.2686939470348,161.80718782533884
06010/01A/11-09-20/NIT/1,94.95959237225917,25.73700125981355,181.98718065521138
06010/01A/11-09-20/NIT/2,90.55674901609311,23.43223200710836,173.53548063040748
06010/01A/11-09-20/NIT/3,79.66342742323194,18.892916243749482,171.84898464238853
06010/02A/11-09-20/NIT/1,94.95560295290768,24.816148907147916,174.98932332559332
06010/02A/11-09-20/NIT/2,95.04888136145989,25.19437159900564,183.14990303378698
06010/02A/11-09-20/NIT/3,94.99801205313264,25.926544900176964,182.51170529128595
06010/03A/11-09-20/NIT/1,95.17407870827059,25.28735511348634,182.70596525619143
06010/03A/11-09-20/NIT/2,98.64732997258115,25.907118620378203,192.8074348621047
06010/03A/11-09-20/NIT/3,87.54773096582109,21.04520451550032,167.15037670466847
06010/04A/11-09-20/NIT/1,100.44186457811433,26.403470328262152,195.4632962276209
06010/04A/11-09-20/NIT/2,95.91915879131614,24.65735828045963,175.9738015477504
06010/04A/11-09-20/NIT/3,69.91291090117464,18.120185706574038,163.32950450074472
06010/05A/11-09-20/NIT/1,100.65966220625978,26.07270779309906,196.77646213006486
06010/05A/11-09-20/NIT/2,94.865754803766,24.877937182440125,183.34626122098317
06010/05A/11-09-20/NIT/3,89.71858352695449,22.87125799064241,172.37097437256048
06010/06A/11-09-20/NIT/1,98.64732997258115,26.059078532920157,192.8074348621047
06010/06A/11-09-20/NIT/2,91.58264925451122,23.53327504675079,173.77757328276678
06010/06A/11-09-20/NIT/3,76.14487329690046,17.60525511161391,165.92983413382777
06010/07A/11-09-20/NIT/1,88.84110043082356,21.63746395074349,171.54209780274624
06010/07A/11-09-20/NIT/2,96.12383592804623,24.78165560689374,181.53091780378034
06010/07A/11-09-20/NIT/3,84.38332828743923,19.40223288429187,172.23947501278528
06010/08A/11-09-20/NIT/1,95.17673162891008,25.52922752595472,185.41003260247294
06010/08A/11-09-20/NIT/2,91.28044553589181,23.941343956283514,175.55670803754
06010/08A/11-09-20/NIT/3,69.5794962053995,18.109404153000906,162.02501556610505
06011/01A/11-10-15/NIT/1,90.51621846803299,21.338118820680055,170.0287644274237
06011/01A/11-10-15/NIT/2,88.6018948910057,20.32626826071009,169.10008703045938
06011/01A/11-10-15/NIT/3,66.92074857885842,17.693554146347417,158.6977556143625
06011/02A/11-10-15/NIT/1,105.05557897859642,28.021169409869582,203.94043340956907
06011/02A/11-10-15/NIT/2,119.06443039010064,32.50042799698361,230.0119601536808
06011/02A/11-10-15/NIT/3,83.93821117999214,18.94697331774915,170.82465686753008
06011/04A/11-10-15/NIT/1,120.39830624915088,32.42176832965068,237.75132829502914
06011/04A/11-10-15/NIT/2,96.61069167006747,24.68265841501284,174.210510164679
06011/04A/11-10-15/NIT/3,109.07645755293515,29.240388865411365,214.86682568219177
06011/05A/11-10-15/NIT/1,95.46875184592294,24.86698900490187,173.73148259869973
06011/05A/11-10-15/NIT/2,112.08016202728334,31.248360244039926,226.1237800557865
06011/05A/11-10-15/NIT/3,95.49745031781258,24.589151902364353,174.4675197793692
06011/06A/11-10-15/NIT/1,108.95598127380667,29.858950777455707,219.09237255153735
06011/06A/11-10-15/NIT/2,101.50726705162437,27.014869286327464,197.3729088189145
06011/06A/11-10-15/NIT/3,93.81469716275602,24.619160220349034,176.50764146239868
06011/07A/11-10-15/NIT/2,96.82638406660865,25.904280427504574,191.17129917016322
06011/07A/11-10-15/NIT/3,109.3527743735623,30.58524191966338,220.93094512850163
06011/08A/11-10-15/NIT/1,96.24438662779293,24.572175973305953,173.10161235169616
06011/08A/11-10-15/NIT/2,80.84375431368682,19.006904469590115,171.66964746743483
06011/08A/11-10-15/NIT/3,73.97488289057644,18.08190287537527,162.3607446315946
06011/09A/11-10-15/NIT/1,103.82087185931536,26.858844094586736,201.43377026203243
06011/09A/11-10-15/NIT/2,89.76944907958185,21.2627873281238,170.26635069088965
06011/09A/11-10-15/NIT/3,89.4039699342698,21.38272233701762,171.02300558605256
06012/01A/11-10-18/NIT/1,95.05118200274346,24.98327216165773,176.34675031183465
06012/01A/11-10-18/NIT/2,98.77292988002468,25.900322912310546,191.73605652286957
06012/01A/11-10-18/NIT/3,96.88044794501734,25.723944405502156,186.93469120330926
06012/02A/11-10-11/NIT/1,98.02934103937467,25.912418609653297,192.56868680336964
06012/02A/11-10-11/NIT/2,101.51525406221695,26.99456138013704,196.91933390815112
06012/02A/11-10-11/NIT/3,96.11711553385454,24.701024040908504,176.3866339236579
06012/03A/11-10-18/NIT/1,112.82822937715751,31.32412150586025,226.66659294865147
06012/03A/11-10-18/NIT/2,101.57536936434597,27.30085971880548,198.60487602320396
06012/03A/11-10-18/NIT/3,95.76950283098375,25.864342558783537,184.0572799043512
06012/04A/11-10-18/NIT/1,105.28114402396152,28.236465914612804,202.66561333744806
06012/04A/11-10-18/NIT/2,113.82181777694869,31.317857124227196,225.39284573156934
06012/04A/11-10-18/NIT/3,101.58670602915886,26.99456138013704,196.91933390815112
06012/05A/11-10-11/NIT/1,99.40781250870279,25.964612620642395,192.4299794671032
06012/05A/11-10-11/NIT/2,95.76950283098375,25.488984140172967,185.36335923479632
06012/05A/11-10-11/NIT/3,86.11392746503633,19.68392903646772,168.30777537424035
06012/06A/11-10-11/NIT/1,99.64750873456929,26.088855954814644,194.90001534829346
06012/06A/11-10-11/NIT/2,99.39173364065046,26.070713427309947,193.45189860817916
06012/06A/11-10-11/NIT/3,90.47328370181914,23.05564207840395,175.5995790828382
06012/07A/11-10-18/NIT/1,95.53830079166168,25.75465958720873,183.46377125151585
06012/07A/11-10-18/NIT/2,89.87478414758931,23.681429049502302,175.69391115286325
06012/07A/11-10-18/NIT/3,90.52904741700519,23.686139973068624,175.3702116371484
06013/01A/11-10-05/NIT/1,88.94097322604289,21.521335253178837,171.55066102249495
06013/01A/11-10-05/NIT/2,87.73536573094607,20.627488976382946,167.7318977084303
06013/01A/11-10-05/NIT/3,91.0054310656967,23.12800340398252,174.64112300098006
06013/04A/11-10-05/NIT/1,90.49577501182803,22.85443974830147,175.23438081377714
06013/04A/11-10-05/NIT/2,89.89333740133368,21.14385605602505,170.92171600869057
06013/04A/11-10-05/NIT/3,89.36340581762774,20.95493182487829,170.0627891564246
06014/01A/11-09-25/NIT/1,99.44937903781805,26.108145667460644,193.00165487628522
06014/01A/11-09-25/NIT/2,91.12883633057903,23.563147355623443,174.75373582962388
06014/01A/11-09-25/NIT/3,95.48814140033782,25.52080656412196,186.42901401781654
06014/02A/11-09-25/NIT/1,95.987451862149,24.416906572981297,180.88477007923692
06014/02A/11-09-25/NIT/2,95.54189414719905,24.59901271017308,173.29245613699365
06014/02A/11-09-25/NIT/3,77.03507202247685,18.557318419625393,168.25108699251032
06014/03A/11-09-25/NIT/1,99.58335114417154,25.94084595390142,192.62602603479536
06014/03A/11-09-25/NIT/2,89.76439528419526,23.261965707212873,175.39103413421782
06014/03A/11-09-25/NIT/3,89.83944886660296,21.093180393231833,170.45932271934558
06014/04A/11-09-25/NIT/1,105.04984432432593,28.32918581963153,202.18095113918423
06014/04A/11-09-25/NIT/2,100.98202762886129,26.033873359085245,197.50257965766437
06014/04A/11-09-25/NIT/3,76.32800840975703,17.76547194638198,164.36320609433156
06014/05A/11-09-25/NIT/1,104.93813370009073,28.71617563719238,200.86111579988275
06014/05A/11-09-25/NIT/2,102.76978108230303,27.741897515446897,200.8558912478408
06014/05A/11-09-25/NIT/3,90.13986504695022,23.533892783154304,175.05870831197566
06014/07A/11-09-25/NIT/1,112.93299686321267,31.004267488930306,225.22595820602223
06014/07A/11-09-25/NIT/2,96.4871379479046,24.99178912638597,183.41433908302082
06014/07A/11-09-25/NIT/3,83.0735394360904,19.379743110360906,171.737494944262
06014/09A/11-09-25/NIT/1,100.13524698324132,25.9670214587431,194.60124340458643
06014/09A/11-09-25/NIT/2,100.5895609774648,25.887198015074947,196.06622758922603
06014/09A/11-09-25/NIT/3,94.96061645784582,24.496912854777424,175.52332685614712
06014/11A/11-09-25/NIT/1,96.02967429179184,25.812564336769224,183.95145781846972
06014/11A/11-09-25/NIT/2,91.3064710560677,23.525341319008177,174.3586975783983
06014/11A/11-09-25/NIT/3,99.39173364065046,25.778439977264004,193.00726402735742
06015/01A/11-10-12/NIT/1,77.16484498346891,18.21111218235184,167.8529552328116
06015/01A/11-10-12/NIT/2,95.63868385631262,25.947959297750604,183.03951804518877
06015/01A/11-10-12/NIT/3,66.80579290268638,17.327639706914233,156.44612316473228
06015/02A/11-10-12/NIT/1,100.58397625689152,25.935932802181814,196.77646213006486
06015/02A/11-10-12/NIT/2,89.23723436153264,22.981376659616316,175.88262783430417
06015/02A/11-10-12/NIT/3,90.78316501025655,24.06647406508726,172.97583281410635
06015/03A/11-10-12/NIT/1,66.62597476288046,17.33060851435109,155.67775975883077
06015/03A/11-10-12/NIT/2,72.6119702532972,17.59269734752697,163.16985642684327
06015/03A/11-10-12/NIT/3,67.90402697329554,17.70886159532961,158.45827402952406
06015/04A/11-10-12/NIT/1,100.13524698324132,25.9670214587431,194.60124340458643
06015/04A/11-10-12/NIT/2,100.69311617551485,27.02155233696421,198.61521141909316
06015/04A/11-10-12/NIT/3,92.18455660039008,24.16676617872397,173.77757328276678
06015/05A/11-10-12/NIT/1,95.50089329157295,25.567737571134327,183.05983905650507
06015/05A/11-10-12/NIT/2,95.47743809730851,25.084281883572924,183.4977835728869
06015/05A/11-10-12/NIT/3,102.09229618150192,26.979410010121132,198.0988474168353
06016/01A/11-11-15/NIT/1,100.61075237332736,25.868938396607835,198.0918310843768
06016/01A/11-11-15/NIT/2,95.67419635431317,24.800325405150925,176.63728812473792
06016/01A/11-11-15/NIT/3,82.22555617474919,19.382257057021764,172.54678267742347
06016/02A/11-10-10/NIT/1,99.39173364065046,26.070713427309947,193.45189860817916
06016/02A/11-10-10/NIT/2,98.92879171799918,25.864526872191142,191.59672669453758
06016/02A/11-10-10/NIT/3,95.76850545281486,25.79724666576396,183.0283830621589
06016/03A/11-10-10/NIT/1,99.39173364065046,26.070713427309947,193.45189860817916
06016/03A/11-10-10/NIT/2,89.27740434278347,21.424713529875785,171.5352190127489
06016/03A/11-10-10/NIT/3,84.38332828743923,19.40223288429187,172.23947501278528
06016/04A/11-10-07/NIT/1,91.12883633057903,23.92815245268821,174.75373582962388
06016/04A/11-10-07/NIT/2,110.90503252974716,30.699480280630905,220.93294934002435
06016/04A/11-10-07/NIT/3,91.55451061057143,23.452690451700548,173.66746120754402
06016/11A/11-10-07/NIT/1,91.89186145371299,23.902761275350784,175.70533946387727
06016/11A/11-10-07/NIT/2,96.25763100147744,24.98026500226378,176.74392937229962
06016/11A/11-10-07/NIT/3,94.78858842822955,24.7993722876149,174.23209996248832
06016/12A/11-10-07/NIT/1,96.73520970762193,25.068208132762276,183.44330232621198
06016/12A/11-10-07/NIT/2,95.82637927264216,24.98026500226378,176.74392937229962
06016/12A/11-10-07/NIT/3,89.95307520641279,21.27391712293705,172.35749339850273
06019/01A/11-09-22/NIT/1,91.89186145371299,23.690277353645527,175.70533946387727
06019/01A/11-09-22/NIT/2,89.25543361662095,20.241544222964517,170.11292199690092
06019/01A/11-09-22/NIT/3,76.09295837141393,18.392837472482274,166.43026738916663
06019/02B/11-09-22/NIT/1,96.50683355089872,25.610112011207157,189.70161781968224
06019/02B/11-09-22/NIT/2,88.08706856410193,20.579620245221303,167.4368389623866
06019/02B/11-09-22/NIT/3,79.40159545159848,18.807883942182066,170.19324075041695
06019/05A/11-09-22/NIT/1,100.13524698324132,25.9670214587431,194.60124340458643
06019/05A/11-09-22/NIT/2,102.95971136624789,27.753755085389944,199.2821337499631
06019/05A/11-09-22/NIT/3,110.76809992981936,29.467274936799253,214.10712008995327
06019/07A/11-09-22/NIT/1,95.25461172849043,25.01941166888145,183.92429013447682
06019/07A/11-09-22/NIT/2,88.66693861362906,21.379771087850887,171.36838643921288
06019/07A/11-09-22/NIT/3,83.5751305512241,19.250679731876772,171.43579845241922
06019/08A/11-09-22/NIT/1,96.97511749755846,26.005315120306264,187.92471203941474
06019/08A/11-09-22/NIT/2,95.89029118292014,25.617457083786967,189.56911636436197
06019/08A/11-09-22/NIT/3,89.37993545053926,21.587831329572932,171.04022361641776
06019/09A/11-09-22/NIT/1,94.91433675042585,24.680855994589425,174.54264338659982
06019/09A/11-09-22/NIT/2,89.74621441965415,22.49278633167283,172.0907843352622
06019/09A/11-09-22/NIT/3,78.39109491445997,18.137186446232523,170.00524055517357
06019/10A/11-09-22/NIT/1,95.2553903434455,25.36983637456989,183.38549580096785
06019/10A/11-09-22/NIT/2,89.36072003782097,22.398630286361254,172.82502621113295
06019/10A/11-09-22/NIT/3,81.43107669744481,19.29185770577526,173.32197446069216
07001/03A/11-10-27/NIT/1,103.58997614882155,27.960738343601694,200.6732042888178
07001/03A/11-10-27/NIT/2,102.65183173330203,27.599557599650456,201.08336738390662
07001/03A/11-10-27/NIT/3,89.89333740133368,21.14385605602505,170.92171600869057
07001/05A/11-08-25/NIT/1,101.56800511408674,27.02155233696421,197.7526444644909
07001/05A/11-08-25/NIT/2,97.85489307216996,25.871591190784923,192.03605569616056
07001/05A/11-08-25/NIT/3,89.4513011777615,21.61461540513126,171.7236098472209
07003/03A/11-09-28/NIT/1,95.20756446942194,25.404478042868252,184.93962401133402
07003/03A/11-09-28/NIT/2,94.37292224156144,24.71535180461468,182.8909261705822
07003/03A/11-09-28/NIT/3,88.60995961898186,21.563745826855072,171.45679794579
07003/03B/11-09-28/NIT/1,95.41191747723418,25.355096591569787,189.37555004428103
07003/03B/11-09-28/NIT/2,95.23898750643447,25.39020039518787,184.9597266276485
07003/03B/11-09-28/NIT/3,90.50523379139464,23.84171811598318,176.16222358431418
07003/04A/11-09-28/NIT/1,100.4000517770117,26.100307069213954,195.17829592684492
07003/04A/11-09-28/NIT/2,99.43699996552832,26.07621382131168,190.51379391509397
07003/04A/11-09-28/NIT/3,89.16007016211451,21.703539889204244,171.2443850375257
07003/04B/11-09-28/NIT/1,95.44422004246438,24.36773294906037,177.34986434443843
07003/04B/11-09-28/NIT/2,90.52904741700519,23.686139973068624,176.17981534753048
07003/04B/11-09-28/NIT/3,85.49779305010345,19.666521422542647,169.98158518483157
07003/10A/11-08-29/NIT/1,89.87478414758931,23.681429049502302,175.4459669500241
07003/10A/11-08-29/NIT/2,90.92924671436866,23.092463639818302,175.39103413421782
07003/10A/11-08-29/NIT/3,85.03989620154589,19.952570280869235,167.6930497141815
07003/10B/11-08-29/NIT/1,98.66811329832773,25.576115857361646,193.63469909101815
07003/10B/11-08-29/NIT/2,100.4000517770117,25.97465733975547,195.17829592684492
07003/10B/11-08-29/NIT/3,85.95905217978195,20.10554654821389,169.31745611976189
07003/12A/11-09-28/NIT/1,90.60162672119058,22.94754486174936,175.7692116864911
07003/12A/11-09-28/NIT/2,84.65178531886598,19.3935762243004,170.05969008686722
07003/12A/11-09-28/NIT/3,74.35439628669691,17.964518070821423,162.262989075353
07003/14A/11-08-29/NIT/1,89.87266865264947,22.6436789359599,176.0704355480631
07003/14A/11-08-29/NIT/2,88.19780455511247,20.541500594491414,167.34600608804186
07003/14A/11-08-29/NIT/3,83.03735340223467,19.53236637916366,171.42120707969767
07003/15A/11-08-29/NIT/1,93.16544919721701,24.22055578302363,175.72663000736657
07003/15A/11-08-29/NIT/2,89.85603081729728,22.59556665813632,175.18473606555713
07003/15A/11-08-29/NIT/3,89.74535677656539,23.828150936708656,175.9887149643092
07003/17B/11-10-19/NIT/2,90.20958001977314,23.35483400922196,176.73511498706605
07003/18A/11-10-19/NIT/1,91.89186145371299,23.690277353645527,176.51494317425932
07003/18A/11-10-19/NIT/2,90.3038275240454,21.64560792148777,169.99398020107955
07003/18A/11-10-19/NIT/3,84.39100297049409,19.388210006611384,172.94537281517782
07003/18B/11-10-19/NIT/1,95.59349995273864,25.045916104112646,174.47552502722218
07003/18B/11-10-19/NIT/2,89.68312688496935,21.498991875065666,170.93977730670008
07003/18B/11-10-19/NIT/3,83.07147390410775,19.706569814289995,171.81852654299072
07005/08A/11-08-13/NIT/1,85.89030297830533,19.533746773281056,168.3352152993476
07005/08A/11-08-13/NIT/2,83.21820919870594,19.25372198653943,170.10568028292366
07005/08A/11-08-13/NIT/3,84.59392490296362,19.676666709734146,169.9883334315231
07005/11A/11-09-19/NIT/1,89.76404037056797,21.37477607121151,170.42749195739444
07005/11A/11-09-19/NIT/2,89.39928842925671,20.33700488734941,170.02421944145132
07005/11A/11-09-19/NIT/3,70.21657382238224,17.85251388409252,159.78078809252492
07005/14B/11-09-19/NIT/1,75.8796585449254,17.773638322373895,165.57209568053892
07005/14B/11-09-19/NIT/2,70.00535083112383,18.0727539244647,160.46135891254787
07005/14B/11-09-19/NIT/3,67.34132185108099,17.20323278321579,160.59789704794423
07005/14C/11-09-19/NIT/1,83.47320527414074,19.61538504984068,171.34985042435358
07005/14C/11-09-19/NIT/2,70.19391910110947,18.251170699005623,159.72042815299884
07005/14C/11-09-19/NIT/3,67.02750160952094,17.114376256314184,159.66364493062252
07005/17A/11-08-13/NIT/1,96.23450492948403,25.76995815962735,186.98248319282237
07005/18A/11-08-13/NIT/1,89.63042298053743,21.60020893316153,171.32150665369394
07005/18A/11-08-13/NIT/2,75.36330895318662,18.41775545234859,161.45485775977372
07005/18A/11-08-13/NIT/3,68.26840383115312,17.703821401784868,159.16204622228602
07005/25A/11-08-13/NIT/1,82.73832798632743,19.574402873988888,171.09523728697351
07005/25A/11-08-13/NIT/2,79.50920204841778,18.44702932060403,172.52957975319117
07005/27A/11-09-19/NIT/1,77.23328141206672,18.06810407772591,168.36142728430858
07005/27A/11-09-19/NIT/2,70.91381433187608,18.104018107994644,159.04534906770684
07005/27A/11-09-19/NIT/3,69.15800936488834,17.598357710131257,156.71361740571254
07005/28A/11-09-19/NIT/1,84.60194443991695,18.872833665094966,169.618748488692
07005/28A/11-09-19/NIT/2,69.58848153884243,18.049675958285384,159.49168099214174
07005/28A/11-09-19/NIT/3,67.30786486514361,17.210351604452686,160.30425146214964
07006/06A/11-08-24/NIT/1,83.52907210259109,19.111969286419704,172.02324611915645
07006/06A/11-08-24/NIT/2,66.39545491463815,17.06961789875086,157.13733065687396
07006/06A/11-08-24/NIT/3,61.64178402949746,15.515481021506256,157.35471896658893
07006/10A/11-08-24/NIT/1,89.4334586074359,21.770698985107398,170.78706970140334
07006/10A/11-08-24/NIT/2,77.3569034137402,18.2029339526642,173.5340215313939
07006/10A/11-08-24/NIT/3,62.18858317444189,15.897814914756191,152.93607146541234
07006/11A/11-08-24/NIT/1,82.97144174720817,19.466742511481375,169.94962246213495
07006/11A/11-08-24/NIT/2,69.34585109163213,18.250284065555224,162.84126275692333
07006/11A/11-08-24/NIT/3,66.45619056054996,17.411877990110874,155.73425536344516
07006/20A/11-08-24/NIT/1,89.76840174027988,21.677577591394982,170.30734711884597
07006/20A/11-08-24/NIT/2,75.54943062942627,17.916606010975354,169.98786519093136
07006/20A/11-08-24/NIT/3,68.08002295808096,17.402177045450394,159.33090080720532
07006/20B/11-08-24/NIT/1,76.31833437645078,18.06688316322491,168.30586520568895
07006/20B/11-08-24/NIT/2,72.5511524509078,17.59269734752697,163.16985642684327
07006/20B/11-08-24/NIT/3,74.47534466873529,17.61081643865065,168.66341151578268
07006/25A/11-10-14/NIT/1,95.52941462827827,24.56958151134158,174.23209996248832
07006/25A/11-10-14/NIT/2,94.92192081876196,24.605183052694482,174.5162301745381
07006/25A/11-10-14/NIT/3,88.25670658199328,20.388876294715654,167.49472183407005
07006/25B/11-10-14/NIT/1,94.39579048097401,24.487898970391633,180.1497654180378
07006/25B/11-10-14/NIT/2,94.35870911196695,24.255985206120798,175.52332685614712
07006/25B/11-10-14/NIT/3,82.12499609457883,18.832777362597316,172.77846095017847
07006/27A/11-10-14/NIT/1,95.53357649259327,25.75282388329278,182.80892970943646
07006/27A/11-10-14/NIT/2,91.89186145371299,23.690277353645527,175.70533946387727
07006/27A/11-10-14/NIT/3,76.6982176552528,18.253543557077275,168.10956752140848
07006/27B/11-10-14/NIT/1,95.54329140482416,25.23321901931345,183.5055282650533
07006/27B/11-10-14/NIT/3,81.45808358299112,18.77299093489926,172.27203037761913
07007/03A/11-10-27/NIT/1,94.98176990289431,25.246355300145414,183.00532000607475
07007/03A/11-10-27/NIT/2,94.4458106513335,24.362732298235873,176.31560966938602
07007/03A/11-10-27/NIT/3,88.27925814832383,20.357700597229243,167.1290456876693
07007/07A/11-10-27/NIT/1,95.06864229814643,25.8813162764252,184.5471766193176
07007/07A/11-10-27/NIT/2,96.03867115981497,25.16011969967199,183.49194320155033
07007/07A/11-10-27/NIT/3,81.39333179882557,19.047871648157003,172.38229103688357
07008/01A/11-09-07/NIT/1,99.01551934728549,25.980898950801336,192.21104044632077
07008/01A/11-09-07/NIT/2,95.52941462827827,24.730432371665728,174.23209996248832
07008/01A/11-09-07/NIT/3,77.30901293848576,18.131003489368727,168.3235595825647
07008/02A/11-09-07/NIT/1,97.57302901971786,25.92716985280575,191.38199809069536
07008/02A/11-09-07/NIT/2,97.4572929042671,25.790812256518887,189.74851261350946
07008/02A/11-09-07/NIT/3,68.17293529458045,17.54895308126817,159.50245099646375
07008/04A/11-09-07/NIT/1,102.8826030052624,27.766732260500877,198.8536298607559
07008/04A/11-09-07/NIT/2,103.2253878290745,28.021589797710106,200.60114975177103
07008/04A/11-09-07/NIT/3,95.19490070743949,24.747833648453508,176.3445426560917
07008/06B/11-09-07/NIT/1,100.5895609774648,25.971417303203296,196.06622758922603
07008/06B/11-09-07/NIT/2,89.8490703469107,21.6514314798006,171.65966573555167
07008/06B/11-09-07/NIT/3,67.4175402179129,18.14261273410867,155.95272933432406
07008/10A/11-09-05/NIT/1,100.5895609774648,25.971417303203296,196.06622758922603
07008/10A/11-09-05/NIT/2,95.00552342879432,24.71307549125224,174.38464161998493
07008/10A/11-09-05/NIT/3,75.28853079990999,17.780420155431454,161.65710513448826
07008/11A/11-09-05/NIT/1,102.92033368480121,27.810392351521745,199.35014670287208
07008/11A/11-09-05/NIT/2,99.39173364065046,25.945063697851463,193.45189860817916
07008/11A/11-09-05/NIT/3,87.86670131232538,20.535622167661234,168.0462491469441
07008/13A/11-09-05/NIT/1,104.86256961934639,28.50941878643589,202.89554916415565
07008/13A/11-09-05/NIT/2,100.5895609774648,26.146135866932763,196.06622758922603
07008/13A/11-09-05/NIT/3,89.68783405879499,23.097386494901667,172.15199955764587
07008/15A/11-09-05/NIT/1,95.48814140033782,25.493035485897014,186.42901401781654
07008/15A/11-09-05/NIT/2,95.67940225057477,24.783346932468323,176.0591139291782
07008/15A/11-09-05/NIT/3,89.43110855759959,21.481469004669773,171.0657753629781
07009/03A/11-10-13/NIT/2,94.95560295290768,24.575221258491286,174.98932332559332
07009/03A/11-10-13/NIT/3,87.80272704125592,21.15182428983267,167.57614390355596
07009/04A/11-09-16/NIT/1,94.48652121288788,24.320937385029023,175.94079399131098
07009/04A/11-09-16/NIT/2,89.48165156628623,22.6626346987018,175.96832646930122
07009/04A/11-09-16/NIT/3,75.41274696639049,17.777143398798277,162.02203016088518
07009/06A/11-10-13/NIT/1,94.89413911680948,25.143560364588243,182.2269766010063
07009/06A/11-10-13/NIT/2,94.9344277408902,24.36773294906037,178.67615068823116
07009/06A/11-10-13/NIT/3,88.60493000753571,20.11149912335137,167.63112248747782
07012/02A/11-10-13/NIT/1,105.7737968716482,28.372845910652398,202.6774679813004
07012/02A/11-10-13/NIT/2,103.7164247723557,27.908820988650547,201.05593304755288
07012/02A/11-10-13/NIT/3,90.50269034315073,23.397184696087944,175.51663214505268
07012/05A/11-08-23/NIT/1,96.54848748800201,25.99393048072393,187.74423050499868
07012/05A/11-08-23/NIT/2,95.57634833869558,25.329680746594807,183.28524696431273
07012/05A/11-08-23/NIT/3,88.6263238540168,21.38327066050394,169.90359297574037
07012/08A/11-08-23/NIT/1,89.74535677656539,23.632212117703308,175.69461481222734
07012/08A/11-08-23/NIT/2,89.69888076816086,21.25093515963288,170.59107297617484
07012/08A/11-08-23/NIT/3,76.6982176552528,18.421514516441707,167.1365507684541
07012/11A/11-10-13/NIT/1,90.06432728083921,22.92916995216787,177.75460033613152
07012/11A/11-10-13/NIT/2,87.81453662846143,20.83681946672986,167.49959379033905
07012/11A/11-10-13/NIT/3,72.13974627565496,18.111861079490517,162.31319492261514
07013/02A/11-10-13/NIT/1,95.4071389843781,25.750954737956075,182.8261740590165
07013/02A/11-10-13/NIT/2,90.92924671436866,23.366814454333866,175.9291508190967
07013/02A/11-10-13/NIT/3,78.8657611477267,18.689513190078483,170.16130245837505
07013/04A/11-08-23/NIT/1,95.88627658913059,24.492276382208107,180.9910770182883
07013/04A/11-08-23/NIT/2,91.12883633057903,23.77166560563595,174.75373582962388
07013/04A/11-08-23/NIT/3,72.84728679162855,18.158674622421632,162.05699526296294
07014/01A/11-08-18/NIT/1,99.11426610104635,26.160697025246737,193.95011608174522
07014/01A/11-08-18/NIT/2,98.04648011209527,25.896627080733836,192.3618914683263
07014/01A/11-08-18/NIT/3,83.76923937080868,19.485018574284165,171.40510431587916
07014/06A/11-08-18/NIT/1,98.6378251458602,25.784602071078474,193.45189860817916
07014/06A/11-08-18/NIT/2,94.79030625190956,24.57313266555847,174.8964736474123
07014/06A/11-08-18/NIT/3,79.95846314952244,18.71397691376937,170.77008783519403
07014/09A/11-08-18/NIT/1,96.43692560002897,26.000247092291712,187.45325579312865
07014/09A/11-08-18/NIT/2,91.70993546035864,23.111988108567747,177.71008852797297
07014/09A/11-08-18/NIT/3,70.46690434546952,18.252091185911826,162.35608652168477
07014/13A/11-10-17/NIT/1,103.20895537416693,27.87090864864691,199.70053873342457
07014/13A/11-10-17/NIT/2,100.5895609774648,25.83203973793344,196.06622758922603
07014/13A/11-10-17/NIT/3,79.29632124439473,18.85133942256273,171.71415431254144
07014/22A/11-08-18/NIT/1,95.03802450940539,25.53061079845308,184.52713348442873
07014/22A/11-08-18/NIT/2,95.28961269215115,25.169019467512204,183.12358381892122
07014/22A/11-08-18/NIT/3,89.67094146513804,22.913786359252626,175.7194259886605
07014/22B/11-08-18/NIT/1,97.76403367976714,26.101340080879215,192.75478997168554
07014/22B/11-08-18/NIT/2,95.05227338187179,25.311800400253674,182.29961763403585
07014/22B/11-08-18/NIT/3,84.29781726459515,19.534092919658853,169.5675937945153
07014/27A/11-10-17/NIT/1,95.34253131303822,24.68080492480195,176.1920722860685
07014/27A/11-10-17/NIT/2,95.73063207449768,24.993363549118175,176.0591139291782
07014/27A/11-10-17/NIT/3,73.88695565755285,18.246764585128677,161.79298065131096
07014/27B/11-10-17/NIT/1,96.10523643079304,24.891483923190894,176.2699350513274
07014/27B/11-10-17/NIT/2,96.25763100147744,24.9001882139313,176.74392937229962
07014/27B/11-10-17/NIT/3,90.36634764080411,22.940401400857002,175.75167500158662
07015/02B/11-08-26/NIT/1,88.98818649865036,21.573904200183133,171.55114180339783
07015/02B/11-08-26/NIT/2,85.0091557707485,19.480642292613563,170.17577361595417
07015/02B/11-08-26/NIT/3,67.58845118343068,18.200181128773362,158.5764992561749
07015/09A/11-10-05/NIT/1,90.10165634966764,22.728812871904164,175.4007237285356
07015/09A/11-10-05/NIT/2,89.68783405879499,23.097386494901667,174.97526414531305
07015/09A/11-10-05/NIT/3,67.26279878321517,17.787670390799413,159.5238269421621
07015/10A/11-10-05/NIT/1,94.99998701065581,24.78165560689374,181.53091780378034
07015/10A/11-10-05/NIT/2,88.75118846451697,20.993760844071193,169.2466760297776
07015/10A/11-10-05/NIT/3,67.58845118343068,17.808371358768394,158.97901016950016
07015/11A/11-08-19/NIT/1,95.17407870827059,25.28735511348634,182.70596525619143
07015/11A/11-08-19/NIT/2,88.84110043082356,21.530898928636038,171.54209780274624
07015/11A/11-08-19/NIT/3,84.19909528733395,19.293409409306474,172.30011448383604
07015/12C/11-08-19/NIT/1,94.57075322814431,24.312631040817383,176.484247406717
07015/12C/11-08-19/NIT/2,89.08178859800246,21.498966692222208,170.94549805124328
07015/12C/11-08-19/NIT/3,89.21194108603213,21.577286018452664,172.2910847555534
07015/13A/11-08-26/NIT/1,95.54329140482416,25.52656297052646,183.5055282650533
07015/13A/11-08-26/NIT/2,89.74535677656539,23.632212117703308,175.69461481222734
07015/13A/11-08-26/NIT/3,70.16769377653354,18.13272418053609,162.13956886867
07015/14A/11-10-05/NIT/1,99.34056908695139,25.57749112627421,193.49173837971026
07015/14A/11-10-05/NIT/2,95.29224777194352,25.53507817200122,184.33826822340635
07015/14A/11-10-05/NIT/3,79.93019095337802,18.722301792895916,171.16344912631965
07015/15A/11-09-23/NIT/1,95.74878013396703,25.63010313041924,185.788325069548
07015/15A/11-09-23/NIT/2,94.91127958420294,24.68080492480195,176.1920722860685
07015/15A/11-09-23/NIT/3,77.03507202247685,18.190654473842745,168.25108699251032
07016/02A/11-08-31/NIT/1,95.61641885330478,25.811172205368518,182.65718996081793
07016/02A/11-08-31/NIT/2,89.96636238209906,23.736236182538786,174.95703898084332
07016/02A/11-08-31/NIT/3,70.372637097734,18.14567266369372,160.8901612330801
07016/02C/11-08-31/NIT/1,94.72937073786876,24.729399481593905,182.98836832616402
07016/02C/11-08-31/NIT/2,89.96636238209906,23.736236182538786,174.95703898084332
07016/02C/11-08-31/NIT/3,69.86740837921259,18.077714915929437,161.2787693245699
07016/02D/11-08-31/NIT/1,89.99011645108625,23.56409319113831,175.4437674156389
07016/02D/11-08-31/NIT/2,88.93114433788749,21.564621939484272,172.22187574814237
07016/02D/11-08-31/NIT/3,67.46840398058492,18.100124863431372,161.5565929910309
07016/03A/11-08-31/NIT/1,95.05761240522013,25.335538465027376,182.78175617285615
07016/03A/11-08-31/NIT/2,95.45282752388967,24.42443159221983,174.74056388239043
07016/03A/11-08-31/NIT/3,70.3197144204819,18.118869175274416,159.731766470763
07016/03B/11-08-31/NIT/1,96.16188380333294,24.9132867607857,176.0591139291782
07016/03B/11-08-31/NIT/2,94.92192081876196,24.605183052694482,174.5162301745381
07016/03B/11-08-31/NIT/3,82.5727957858232,19.23795979226271,172.2347736490327
07016/04A/11-09-02/NIT/1,99.30531495832953,25.827256104411617,192.45989388671964
07016/04A/11-09-02/NIT/2,91.12883633057903,23.77166560563595,174.75373582962388
07016/05A/11-09-02/NIT/3,81.29729651180371,18.73630619883422,171.61638790423243
07016/09A/11-10-18/NIT/1,95.48814140033782,25.653237269099716,186.42901401781654
07016/09A/11-10-18/NIT/3,66.29613455729894,17.37479170831261,157.56209365273716
07016/09B/11-10-18/NIT/1,100.13524698324132,25.887198015074947,196.06622758922603
07016/09B/11-10-18/NIT/2,97.4572929042671,25.790812256518887,189.74851261350946
07016/09B/11-10-18/NIT/3,85.13777824388491,19.424345871379327,169.7753097542427
07016/10A/11-10-18/NIT/1,100.34035884559562,26.550815047110632,196.6728294353725
07016/10A/11-10-18/NIT/2,96.48788371619538,25.453216109860033,189.2312092285433
07016/10A/11-10-18/NIT/3,72.13974627565496,18.210884125886466,163.965904991009
07016/11A/11-09-02/NIT/1,95.13721812146677,25.160315176771796,182.64958949794897
07016/11A/11-09-02/NIT/2,95.25180172343477,24.469898812639197,176.0466054861084
07016/11A/11-09-02/NIT/3,83.89218263144906,19.466742511481375,171.19379260356484
07016/12A/11-09-02/NIT/1,95.05227338187179,25.311800400253674,182.29961763403585
07016/12A/11-09-02/NIT/2,95.02134015038412,24.82153045698571,174.8964736474123
07016/12A/11-09-02/NIT/3,83.96285688432438,19.44167976763757,172.5017294454162
07016/12B/11-09-02/NIT/1,94.84449730030322,24.839935980210356,183.26718987737763
07016/12B/11-09-02/NIT/2,95.62296653039027,24.800325405150925,176.63728812473792
07017/01A/11-10-06/NIT/1,99.2224187075765,25.81519622444294,192.62602603479536
07017/01A/11-10-06/NIT/2,96.08008155353532,25.4032101810914,189.59296683687333
07017/01A/11-10-06/NIT/3,71.2711358919771,17.900561458377194,163.03377645032404
07017/01B/11-10-06/NIT/1,98.64732997258115,26.059078532920157,192.8074348621047
07017/01B/11-10-06/NIT/2,95.8594345354115,25.410916447204094,189.45939155758657
07017/01B/11-10-06/NIT/3,71.56515160113047,17.949023404698327,162.87362674849473
07017/02A/11-10-06/NIT/1,95.5696823005337,25.733770217529457,182.44598773643744
07017/02A/11-10-06/NIT/2,90.06699562968674,23.184751404641236,175.22808825116584
07017/02A/11-10-06/NIT/3,69.16018636557776,17.987071539931716,162.70425237308822
07017/09B/11-08-12/NIT/1,95.19490070743949,24.747833648453508,176.3445426560917
07017/09B/11-08-12/NIT/2,87.64728244955737,20.83681946672986,167.49959379033905
07017/09B/11-08-12/NIT/3,68.15885423890408,17.766143980158457,159.29791550599705
07017/09D/11-08-12/NIT/1,90.81126266818808,23.736236182538786,174.95703898084332
07017/09D/11-08-12/NIT/2,88.7972216449645,21.549441016349693,171.88367383711721
07017/09D/11-08-12/NIT/3,70.04088779931024,18.10956327145421,161.8622723237294
07017/10A/11-10-05/NIT/1,95.3904469178543,24.71081778879262,174.0695502355446
07017/10A/11-10-05/NIT/2,89.9908112783587,23.735356904867622,175.39103413421782
07017/10A/11-10-05/NIT/3,79.40159545159848,18.852134878068078,170.19324075041695
07017/10B/11-10-05/NIT/1,94.70498581819719,24.530628988732992,174.36368851704148
07017/10B/11-10-05/NIT/2,89.8613839073348,23.686139973068624,175.3702116371484
07017/10B/11-10-05/NIT/3,76.60644255301585,18.122774595372118,168.38177615708688
07017/14A/11-08-16/NIT/1,88.93114433788749,21.564621939484272,172.22187574814237
07017/14A/11-08-16/NIT/2,72.46280096210903,18.17739555689126,162.81785197072426
07017/14A/11-08-16/NIT/3,68.12442687604566,17.598413818057615,156.79317899361232
07017/15A/11-08-16/NIT/1,89.31388644290773,22.923263833192692,175.40984524998436
07017/15A/11-08-16/NIT/2,84.39100297049409,19.3225861389291,172.71795833904503
07017/15A/11-08-16/NIT/3,68.1059164970328,17.447237526230484,157.29522271738787
07017/30A/11-08-16/NIT/1,94.49744895090016,24.619248041118748,175.0490153049089
07017/30A/11-08-16/NIT/2,88.71416265447841,21.542967542261312,171.85362255758346
07017/30A/11-08-16/NIT/3,67.65335436728968,18.250165898967875,161.23878320768372
07019/01B/11-09-23/NIT/1,90.7811576055657,23.135353141287784,175.55194981390716
07019/01B/11-09-23/NIT/2,87.97213397644076,20.666093527396182,167.2805750159304
07019/01B/11-09-23/NIT/3,71.37093572282662,17.914463267669294,160.98724551090066
07019/01C/11-09-23/NIT/1,90.52904741700519,23.79098872018962,175.3702116371484
07019/01C/11-09-23/NIT/2,89.67094146513804,22.830240836279213,175.7194259886605
07019/01C/11-09-23/NIT/3,76.10775187570569,17.815591498089578,166.4900877077333
07019/03A/11-08-09/NIT/1,89.36340581762774,20.95493182487829,170.0627891564246
07019/03A/11-08-09/NIT/2,69.88375973878932,18.13272418053609,163.51355619441415
07019/03A/11-08-09/NIT/3,85.72673333635781,20.50934972792123,167.4368389623866
07019/10A/11-08-09/NIT/1,88.94516191035278,20.295409128108805,169.31548498512265
07019/10A/11-08-09/NIT/2,89.10530615508198,21.503265858564166,171.85747042679682
07019/10A/11-08-09/NIT/3,67.48606522652845,17.627010912971325,158.30943735526776
07019/14A/11-09-09/NIT/1,87.9233477824922,20.613297337708484,167.1940535835175
07019/14A/11-09-09/NIT/2,76.27492942299587,17.840175812864615,166.66463252964869
07019/14A/11-09-09/NIT/3,68.35012722792932,17.288864087666834,158.06797592121885
07019/16A/11-09-09/NIT/1,89.51666020191958,23.012233307124948,171.89819178824067
07019/16A/11-09-09/NIT/2,83.77094920116424,19.222847299086787,172.08388559020722
07019/16A/11-09-09/NIT/3,68.6646250012778,17.73861356852834,159.21082988654229
07021/01A/11-08-15/NIT/1,95.44861022746106,25.383784505680154,183.03545234879024
07021/01A/11-08-15/NIT/2,84.90237120921483,20.08160398201896,168.01121923076133
07021/01A/11-08-15/NIT/3,69.26868048586603,18.047243581726438,163.24864780686508
07021/02A/11-09-21/NIT/1,95.46245671018299,25.87375505105476,185.65475866359654
07021/02A/11-09-21/NIT/2,94.89648679077551,25.083542027008335,182.67590871281473
07021/02A/11-09-21/NIT/3,77.22162261744545,17.922009702252925,168.98794268185125
07021/06A/11-09-21/NIT/1,94.89648679077551,25.253984693075697,182.67590871281473
07021/06A/11-09-21/NIT/2,96.1729033667048,24.771277414087873,181.13848309946857
07021/06A/11-09-21/NIT/3,69.19326127425796,18.245203404317532,162.88830406675763
07021/06B/11-09-21/NIT/1,99.21847573557217,26.101762241085662,192.1047770267775
07021/06B/11-09-21/NIT/2,91.70993546035864,23.111988108567747,177.71008852797297
07021/06B/11-09-21/NIT/3,69.04700684836311,18.009090930155114,161.44247137170296
07021/07A/11-08-15/NIT/1,95.39089683413978,25.026157802781253,183.03153394408108
07021/07A/11-08-15/NIT/2,88.88059505803663,21.43366732677312,171.9606585933682
07021/07A/11-08-15/NIT/3,68.81567393360073,18.166732599745707,161.61639182246589
07021/10A/11-08-15/NIT/1,94.72937073786876,24.73141573193566,182.98836832616402
07021/10A/11-08-15/NIT/2,92.45965599313713,23.92432046281552,173.90069093660898
07021/10A/11-08-15/NIT/3,82.41727435956228,19.40346547644305,172.73094348768223
07021/10B/11-08-15/NIT/1,95.74831286114592,25.493035485897014,186.42901401781654
07021/10B/11-08-15/NIT/2,90.8225081857958,23.868318349612366,173.7125497489431
07021/10B/11-08-15/NIT/3,68.14178176632815,17.531031364158263,156.82021409112244
07022/01B/11-08-09/NIT/1,88.97699924563703,20.63652663722141,168.6947454794905
07022/01B/11-08-09/NIT/2,70.16365114513015,18.061431548624956,159.60952369755034
07022/01B/11-08-09/NIT/3,67.60027125987327,17.144247857490573,159.79695536339537
07022/04A/11-08-09/NIT/1,82.08651563386007,18.83523803563833,172.65525610971238
07022/04A/11-08-09/NIT/2,79.40029541723648,18.417959714447193,173.39626036945302
07022/04A/11-08-09/NIT/3,73.12848294894857,18.273444390555728,160.46101578169012
07022/06A/11-09-12/NIT/1,70.0245464829493,18.13780484177378,160.84550765729276
07022/06A/11-09-12/NIT/2,69.13398518555887,17.668419460103944,159.6446309548278
07022/06A/11-09-12/NIT/3,68.76301454125415,17.655634638290746,159.31127333712223
07022/08A/11-09-12/NIT/1,89.1770816092792,21.160798978954357,171.37417832458732
07022/08A/11-09-12/NIT/2,89.43750708207023,21.20451775143479,171.69424491066954
07022/08A/11-09-12/NIT/3,83.47598668876776,19.206943513381425,171.28341019834642
08002/04A/11-09-06/NIT/1,92.6794581828365,23.411294570189956,173.40383595738362
08002/04A/11-09-06/NIT/2,86.02818941235599,19.625988876206915,168.77410989532515
08002/07A/11-09-06/NIT/1,79.36103227764735,18.711418755856037,171.17255768020044
08002/10A/11-09-06/NIT/1,88.8880917476762,19.606309502284354,168.44192125410538
08002/11A/11-09-07/NIT/1,100.47808347476824,25.719170681124215,190.84374184785852
08002/12B/11-09-07/NIT/1,92.29542958120497,23.583967111541213,173.80421252643123
08002/15A/11-09-06/NIT/1,88.87415879349295,20.130923776821273,169.85093618051494
08002/18A/11-09-06/NIT/1,75.7516122031174,18.476059150007888,165.1091154439379
08002/20A/11-09-07/NIT/1,90.3123924499806,22.680027306278472,174.36160795055972
08002/21A/11-09-07/NIT/1,75.36330895318662,18.014198043999134,161.45485775977372
08002/22B/11-09-12/NIT/1,95.97547721764745,25.710737394489275,184.10113176249388
08002/22B/11-09-12/NIT/2,82.99279282062216,19.145697545489956,172.19375673181727
08002/23A/11-09-12/NIT/2,95.67134889020642,24.721982127643226,174.39865637630768
08003/01A/11-08-18/NIT/1,83.75599303544675,18.915367672038073,170.4090087702294
08003/01A/11-08-18/NIT/2,88.02259822454364,21.92811485967354,170.36191035775758
08003/02A/11-08-18/NIT/1,85.19448336830202,19.64550222671664,170.3404863183376
08003/02A/11-08-18/NIT/2,82.39081983374781,18.94159842619562,171.34768451198184
08003/02A/11-08-18/NIT/3,88.95007124644924,20.975769813770054,169.78601569506742
08003/06A/11-10-24/NIT/1,77.58433840329741,18.106387433657883,171.4026220898066
08003/06A/11-10-24/NIT/2,65.78362829110142,17.334891176994052,155.27574006836767
08003/07A/11-08-18/NIT/1,74.56861473043777,17.703309829860164,165.88821133881578
08003/07A/11-08-18/NIT/2,79.25124091781255,18.73285739649744,171.0786094924173
08003/07A/11-08-18/NIT/3,82.72170206622756,19.768109059717908,170.08957751910518
08003/09A/11-08-18/NIT/1,75.27587337237235,17.772190072678644,167.4662522826662
08003/09A/11-08-18/NIT/2,69.15784767600294,18.26630088695394,163.06222451752055
08003/09A/11-08-18/NIT/3,65.30563007658269,17.646025306011328,156.27204535571482
08003/13A/11-10-24/NIT/1,84.23903916956588,19.41454757713664,168.4860034574195
08003/13A/11-10-24/NIT/2,67.43342152957656,17.707729008715418,158.289106014422
08003/13A/11-10-24/NIT/3,82.39081983374781,19.30477530818273,171.34768451198184
08003/15A/11-08-18/NIT/1,66.14645537761113,17.32573419575795,156.20131210862664
08003/15A/11-08-18/NIT/2,67.32622472000783,17.06323345880648,155.76124795349665
08003/15A/11-08-18/NIT/3,82.80134484168694,19.211858076215474,171.11329190099883
08003/17A/11-10-24/NIT/1,70.39028919679369,18.221093925234854,158.93586662394162
08003/17A/11-10-24/NIT/2,67.0523077930634,17.60222311082177,156.7644716433066
08003/17A/11-10-24/NIT/3,87.9160366444142,20.772663171197554,169.39209880343944
08003/19A/11-08-14/NIT/1,70.58938037126151,18.278562457278564,158.81151359754384
08003/19A/11-08-14/NIT/2,69.03227770395381,18.12554554995923,158.54052314071913
08003/19A/11-08-14/NIT/3,84.45246905229259,19.789871258207643,167.89144574775014
08003/20A/11-08-14/NIT/1,67.98817687415544,17.28081287448163,158.23883657201125
08003/20A/11-08-14/NIT/2,65.90766361004675,17.071786902846828,154.40062515693148
08003/20A/11-08-14/NIT/3,85.13822567053764,19.433525865042075,169.35883893263585
08003/22A/11-08-18/NIT/1,77.4856729306086,18.289023364772984,171.17865529512923
08003/22A/11-08-18/NIT/2,72.96825135939798,17.76001070196587,168.6913681871555
08003/22A/11-08-18/NIT/3,82.47883971040771,19.34131600219968,171.77645189412874
08003/23A/11-08-18/NIT/1,80.17839902385516,19.481236700152845,171.72919205914715
08003/23A/11-08-18/NIT/2,66.86620170161395,17.769599652053554,159.0756415704765
08003/23A/11-08-18/NIT/3,90.61713581642401,22.567738550317785,172.95456221579207
08004/01A/11-08-14/NIT/1,89.70688314816046,21.649886538512884,168.9803403931176
08004/01A/11-08-14/NIT/2,89.36013139458036,20.56224730391305,168.5680942115055
08004/01A/11-08-14/NIT/3,89.1130161414889,21.410790409325013,167.97405258470826
08004/04A/11-08-14/NIT/1,83.12144389419166,18.557175715524107,171.19746217028077
08004/04A/11-08-14/NIT/2,90.84251219339858,21.876668418152466,167.33598605106894
08004/04A/11-08-14/NIT/3,90.15451455090128,21.4082750800809,170.4848889011737
08005/08A/11-08-22/NIT/1,89.27220007143694,20.059743412571684,170.58295415182286
08005/08A/11-08-22/NIT/2,72.13974627565496,18.353271172754237,161.60478729792237
08005/08A/11-08-22/NIT/3,89.86344447078487,21.359337902052435,170.59215309340723
08005/20A/11-08-22/NIT/1,83.47320527414074,19.092871126215282,170.10568028292366
08005/20A/11-08-22/NIT/2,84.80012576647837,19.020761541148982,172.70564166788014
08005/20A/11-08-22/NIT/3,90.67847062249054,21.725731337058686,169.5475691253179
08005/21C/11-08-22/NIT/1,90.09500761830242,21.493440383406085,171.35008499687547
08005/21C/11-08-22/NIT/2,75.55698437834276,18.283216430021515,165.97854702116715
08005/21C/11-08-22/NIT/3,86.44726794736209,19.3865427305112,168.84621612190855
08005/25A/11-08-22/NIT/1,68.78904450275945,17.579204691089142,157.8808241143681
08005/25A/11-08-22/NIT/2,67.39189663835272,17.226372585931895,160.27310814192523
08005/25A/11-08-22/NIT/3,91.40211603988703,23.84397841770372,172.65535020169293
08006/01A/11-08-11/NIT/1,89.89381802052681,21.604667159885853,171.35008499687547
08006/01A/11-08-11/NIT/2,72.13974627565496,18.210884125886466,161.60478729792237
08006/01A/11-08-11/NIT/3,90.0112319145007,22.927909814111754,174.8704904466699
08006/03A/11-09-02/NIT/1,70.04088779931024,18.10956327145421,162.1571452437159
08006/03A/11-09-02/NIT/2,68.00483010776288,17.542005724779724,156.41155037805862
08006/03A/11-09-02/NIT/3,82.72170206622756,19.472069864098945,170.08957751910518
08006/05A/11-08-11/NIT/1,77.18010202565524,18.502111911525898,170.6572074798858
08006/05A/11-08-11/NIT/2,72.13974627565496,18.24839143585193,161.60478729792237
08006/05A/11-08-11/NIT/3,96.55880912818687,24.31648643882801,173.47404555996005
08006/06A/11-11-13/NIT/1,96.44058110947263,24.157280471980325,173.49419497829248
08006/06A/11-11-13/NIT/2,73.05453417784518,17.54150067000338,162.843217950828
08006/06A/11-11-13/NIT/3,85.51547636801043,19.81163009149245,167.52837498950285
08006/09A/11-08-11/NIT/1,72.13974627565496,18.210884125886466,162.5919176652649
08006/09A/11-08-11/NIT/2,69.85308699442551,17.99961001389377,161.84547540080206
08006/09A/11-08-11/NIT/3,69.22452105439565,18.06075481386993,162.80449842278202
08006/12A/11-08-13/NIT/1,90.16244398582126,23.859519460093953,175.1226640040995
08006/12A/11-08-13/NIT/2,80.67729758627742,18.53853991926034,172.58319899588034
08006/12A/11-08-13/NIT/3,67.70272229043807,17.850999315042348,159.00177936890805
08006/14A/11-10-27/NIT/1,95.22297548913457,24.689083424166366,174.30073731655244
08006/14A/11-10-27/NIT/2,89.9908112783587,23.67935479166447,175.39103413421782
08006/14A/11-10-27/NIT/3,76.97144268861736,18.063243154677544,167.89313514264987
08007/06A/11-08-20/NIT/1,89.93672281893025,23.474221859210626,175.11877928798535
08007/06A/11-08-20/NIT/2,85.79081909453258,20.374360619968453,168.72510326719348
08007/06A/11-08-20/NIT/3,83.89402060935352,19.32674438719417,169.05903908946883
08007/07A/11-08-20/NIT/1,97.4572929042671,25.665162527060406,189.74851261350946
08007/07A/11-08-20/NIT/2,88.85606098420998,21.345438537238767,171.1864767825543
08007/07A/11-08-20/NIT/3,68.37952848563934,17.676358440754054,159.11001874325137
08007/07B/11-08-20/NIT/1,92.93576616056559,24.05913100413971,173.96571447043263
08007/07B/11-08-20/NIT/2,84.42278506606591,19.273278597130183,170.14774544403258
08007/07B/11-08-20/NIT/3,86.03054721789933,20.273147909944672,169.94822921770356
08007/10A/11-08-20/NIT/1,95.45677370887427,25.544372723760173,184.86471012610642
08007/10A/11-08-20/NIT/2,90.67145731906142,22.89293449600586,176.18764963753236
08007/10A/11-08-20/NIT/3,88.94809005527235,21.479607662611688,170.41401456694294
08007/10B/11-08-20/NIT/1,103.12966234757447,27.732740240679764,199.8455900927659
08007/10B/11-08-20/NIT/2,99.60292928212654,26.360723901690687,193.19707897775905
08007/12A/11-08-20/NIT/1,89.64748124425724,22.1827582744007,168.6922979761285
08007/12A/11-08-20/NIT/2,87.8644203107499,22.340973203233027,169.58883044747316
08007/12A/11-08-20/NIT/3,74.33653879158915,17.69779548107555,168.88328095792153
08007/13A/11-08-20/NIT/1,88.96061246604896,21.790369575537394,171.35008499687547
08007/13A/11-08-20/NIT/2,89.07230941175096,21.903433016501236,169.57534658731313
08007/13A/11-08-20/NIT/3,74.48122440939747,17.767544505661565,168.96620793075235
08007/14A/11-10-24/NIT/1,95.05118200274346,25.088120908778727,176.88486699671355
08007/14A/11-10-24/NIT/2,95.81244620110182,25.1438091722026,174.14572541728685
08007/14A/11-10-24/NIT/3,70.44065498776772,18.50284013706095,159.9580733567908
08009/01A/11-08-31/NIT/1,122.75140699631218,34.71652018796568,244.3440181602696
08009/01A/11-08-31/NIT/2,64.01493184619004,16.380118791429116,148.09090848095903
08009/01A/11-08-31/NIT/3,62.14605026022176,15.472663704758565,157.39747024486618
08009/02A/11-08-31/NIT/1,84.5170727797833,18.989190655484418,169.72365161530402
08009/04A/11-11-02/NIT/1,71.17512949871339,18.3474448273441,163.71120124079906
08009/04A/11-11-02/NIT/2,105.97454422850741,28.866833398018453,210.2274260020607
08009/04A/11-11-02/NIT/3,62.50612164230696,15.10103409460197,155.2787949531802
08009/05A/11-11-02/NIT/1,96.73751163833973,25.818426572955563,184.54198937750468
08009/05A/11-11-02/NIT/2,96.38116916660324,23.420166428877067,172.8534872351254
08009/05A/11-11-02/NIT/3,88.44274417276554,20.65808142069734,170.61246896680657
08009/06A/11-11-02/NIT/1,68.07444864117717,17.139833261926505,156.723280378098
08009/06A/11-11-02/NIT/2,93.0089084618417,23.770232665942498,172.98857132384768
08009/06A/11-11-02/NIT/3,67.6955820402093,17.438144914274172,156.91968918081054
08009/07A/11-08-31/NIT/1,88.08346610418955,20.714389955871635,170.01059424916693
08009/07A/11-08-31/NIT/2,97.65885074688389,25.6487891816799,183.34619078098584
08009/07A/11-08-31/NIT/3,82.72170206622756,19.3112190037748,170.08957751910518
08009/09A/11-08-31/NIT/1,63.976969798487836,15.91767276932247,152.07213932716004
08009/09A/11-08-31/NIT/2,102.15271924931581,26.394772581315802,189.29240109847652
08009/09A/11-08-31/NIT/3,62.86388265332955,16.40032997117491,147.00206158104285
08010/01A/11-08-14/NIT/1,62.14605026022176,15.472663704758565,157.39747024486618
08010/01A/11-08-14/NIT/2,77.57969569379509,17.979946144930572,170.90174592810587
08010/01A/11-08-14/NIT/3,76.82036272193392,17.78262706680027,167.7655494247867
08010/03A/11-08-14/NIT/1,71.78694611887728,17.849023275428305,167.33327775024696
08010/03A/11-08-14/NIT/2,83.06108656969306,19.276515567102663,170.0051062820859
08010/03A/11-08-14/NIT/3,77.7469967927897,17.902467451532512,167.94936688208813
08012/03A/11-08-17/NIT/1,72.62500416782115,17.859108798564865,164.01048162197011
08012/03A/11-08-17/NIT/2,71.09279069518782,18.251170699005623,160.55060085472175
08012/03A/11-08-17/NIT/3,69.92418237247777,18.14287186097456,160.26342788907132
08012/08A/11-08-17/NIT/1,68.23686637429738,17.06548829427005,160.5563078757999
08012/08A/11-08-17/NIT/2,77.72551675703674,18.429167551617514,171.0514084248418
08012/08A/11-08-17/NIT/3,76.10265298072984,17.987951540773683,168.79603595910675
08012/10A/11-08-17/NIT/1,67.98485856451582,17.874476898806396,156.71349842205578
08012/10A/11-08-17/NIT/2,95.81892836739938,25.780555595942143,182.8304630175548
08012/10A/11-08-17/NIT/3,84.0727006788456,19.706234919906276,169.76091895539034
08012/13A/11-08-17/NIT/1,66.32400404911806,17.55561895334291,157.2156605764047
08012/13A/11-08-17/NIT/2,90.67254167071388,22.972822031125734,176.03883953094888
08012/13A/11-08-17/NIT/3,69.94578643953224,18.01891989545649,163.12266472333832
08012/13B/11-08-17/NIT/1,66.31281097517372,16.86116746559912,159.8793597723715
08012/13B/11-08-17/NIT/2,89.32328739939909,21.452415839066493,171.85747042679682
08012/13B/11-08-17/NIT/3,84.29781726459515,19.534092919658853,169.5675937945153
08013/07A/11-11-12/NIT/1,71.38714948715028,17.965370795435756,161.90879191444932
08013/07A/11-11-12/NIT/2,102.7191803645088,27.254330678667564,200.5549562975273
08013/07A/11-11-12/NIT/3,89.11509387943467,23.40169605957531,173.29904086905336
08013/08A/11-11-12/NIT/1,66.77043612705079,16.7140740198478,155.4167074268915
08013/08A/11-11-12/NIT/2,100.02426411799534,26.197893830414333,195.38700234734208
08013/08A/11-11-12/NIT/3,88.23108815392361,20.498005576372147,169.88550752076813
08013/09A/11-11-12/NIT/1,65.88160015536492,17.20580039866227,156.2469920387387
08013/09A/11-11-12/NIT/2,104.55069571569615,28.05349131158187,202.11141857909843
08013/09A/11-11-12/NIT/3,103.05521614326265,27.7797925795502,199.01759120258103
08013/12A/11-09-13/NIT/1,77.13254804893391,18.31624514000499,171.78795706935423
08013/12A/11-09-13/NIT/2,62.30993392842536,15.843505029271265,154.15929083095133
08013/12A/11-09-13/NIT/3,102.80504767297629,27.705489386217966,198.11145221781035
08013/13A/11-11-12/NIT/1,89.01394385807171,21.447038573705047,169.91026303979774
08013/13A/11-11-12/NIT/2,66.59129369028919,17.14187596984687,160.09706073728663
08013/13A/11-11-12/NIT/3,102.45849866115526,27.827292773907015,199.15644295547256
08013/13B/11-11-12/NIT/1,73.4514493600676,18.092298321926112,167.57333698810112
08013/13B/11-11-12/NIT/2,62.06994216767182,15.761046402712504,155.1839120780519
08013/13B/11-11-12/NIT/3,100.5895609774648,25.9670214587431,196.06622758922603
08013/13C/11-11-12/NIT/1,82.4432330524691,19.232492340670237,171.65206917925997
08013/13C/11-11-12/NIT/2,66.87108031258335,17.467792175188475,157.53648625985147
08013/13C/11-11-12/NIT/3,100.65966220625978,25.988488504970707,196.77646213006486
08013/14A/11-09-13/NIT/1,65.43749211349848,17.772709750852098,157.58816724465018
08013/14A/11-09-13/NIT/2,64.27673013938418,16.690947004770603,150.46086942209288
08013/14A/11-09-13/NIT/3,88.20575123487424,21.821259309982533,172.02145633263225
08013/14C/11-09-13/NIT/1,66.0501574154131,17.345575028725758,155.05664281265263
08013/14C/11-09-13/NIT/2,67.5698536168686,16.9484013306866,159.9163353580623
08013/14C/11-09-13/NIT/3,88.47602265034088,21.542566146564422,171.01206553688897
08013/15B/11-08-21/NIT/1,65.74828038237258,17.528707764268727,156.3850261640253
08013/15B/11-08-21/NIT/2,62.52472165902159,15.811530000740246,152.5891421027377
08013/15B/11-08-21/NIT/3,95.57791579105846,25.97996749567976,184.3486704598161
08013/16C/11-08-21/NIT/1,95.9910612114703,24.750868148635245,177.17202290672125
08013/16C/11-08-21/NIT/2,66.15646207781556,17.457182185748362,156.14388130700445
08013/16C/11-08-21/NIT/3,87.26501196400413,21.04063659737476,167.52086130371967
08013/18A/11-08-21/NIT/1,62.33195446550169,15.865961636163336,153.38476160650126
08013/18A/11-08-21/NIT/2,62.60080764970807,15.037767965907626,155.87717283083947
08013/18A/11-08-21/NIT/3,96.26062537469755,24.785734642164186,174.56396932456184
08013/19A/11-10-27/NIT/1,84.29297147042197,19.519839350487278,169.42422709526113
08013/19A/11-10-27/NIT/2,63.1291589242392,16.784742872614846,154.01968412425876
08013/19A/11-10-27/NIT/3,100.1770740330282,26.076009769735155,192.2965814993008
08013/19B/11-10-27/NIT/1,61.95443098178033,16.43143320227593,150.6418245966402
08013/19B/11-10-27/NIT/2,63.746764584953404,16.058254073210993,151.4542189060786
08013/19B/11-10-27/NIT/3,97.58528740417024,26.693370416682072,191.10371214351582
08013/19C/11-10-27/NIT/1,84.00255491185298,19.143697347917037,171.1800889830191
08013/19C/11-10-27/NIT/2,85.78759438854611,20.3818518187762,169.25109508235045
08013/19C/11-10-27/NIT/3,97.5869045097951,25.73436028422697,192.05628447615496
08017/02A/11-08-15/NIT/1,74.3019322737476,18.101666573556525,166.17311783862496
08017/02A/11-08-15/NIT/2,96.48103499916941,26.09570115379783,183.07252234517105
08017/02A/11-08-15/NIT/3,88.87865022182538,21.71597966544444,170.25834754403323
08017/04A/11-08-15/NIT/1,69.04423628073758,18.06866742262718,161.29918009105637
08017/04A/11-08-15/NIT/2,66.34066375550398,17.526542074657378,159.41460661436682
08017/04A/11-08-15/NIT/3,89.82974085090284,22.936340942460372,172.00318945106235
08017/07A/11-08-15/NIT/1,67.44271079521646,18.006393337863738,158.39290603391717
08017/07A/11-08-15/NIT/2,64.62412364830048,15.909800240969576,151.86920396816888
08017/07A/11-08-15/NIT/3,90.81785258716904,23.18884765970992,175.18723105398578
08017/08A/11-08-15/NIT/1,82.49021811484745,19.14666011714998,172.83493891681533
08017/08A/11-08-15/NIT/2,62.95508410574611,15.749654304139229,152.82716481023047
08017/08A/11-08-15/NIT/3,89.05214016766617,21.985537297564097,171.401796053421
08017/10A/11-08-15/NIT/1,66.04269133093548,17.244453428716664,154.3164340136354
08017/10A/11-08-15/NIT/2,62.8173116167311,15.054405825540792,156.2557824084046
08017/10A/11-08-15/NIT/3,85.49415176208034,19.933066895519755,168.59263373373776
08017/12A/11-08-15/NIT/1,73.51364235088936,17.48837621759154,164.61673715607267
08017/12A/11-08-15/NIT/2,67.51472376503189,17.59069215708198,157.92732685650273
08017/12A/11-08-15/NIT/3,89.32831077940328,20.434367759302553,170.388607805411
08017/13A/11-08-16/NIT/1,74.27203867878664,17.745442794368433,164.060252355004
08017/13A/11-08-16/NIT/2,62.18858317444189,15.897814914756195,152.93607146541234
08017/13A/11-08-16/NIT/3,89.45539913722307,20.106717420879814,169.55838606953634
08017/17A/11-08-16/NIT/1,67.43642837826566,17.789855487215327,158.1510956947923
08017/17A/11-08-16/NIT/2,65.29111063453898,16.190622524873806,153.33464890336202
08017/17A/11-08-16/NIT/3,88.93591566622736,21.37432705257704,171.26674322814992
08017/18A/11-08-16/NIT/1,90.00442475965188,21.674575279598823,169.39797402895255
08017/18A/11-08-16/NIT/2,67.54097823064048,17.567762460424934,157.32554248508015
08017/18A/11-08-16/NIT/3,86.312369065509,19.7330139318609,168.07547145614907
08017/18B/11-08-16/NIT/1,76.86637128516493,18.25484281587155,168.14303608780037
08017/18B/11-08-16/NIT/2,68.63764310643403,17.67611331548281,159.70777305081742
08017/18B/11-08-16/NIT/3,90.76181831212746,21.734033052976375,169.13199099075044
08017/19B/11-08-16/NIT/1,86.96656448011419,19.41549702516933,169.1506641662527
08017/19B/11-08-16/NIT/2,78.71378067845625,18.936829015100212,171.76601369351297
08017/19B/11-08-16/NIT/3,73.45153763540264,18.40293171425896,159.97854246245672
08019/01A/11-08-13/NIT/1,69.76218602148136,17.792735254507637,160.86887001652067
08019/01A/11-08-13/NIT/2,66.90997937710709,16.98721761535933,161.1418546098132
08019/01A/11-08-13/NIT/3,89.68181499614322,23.335778119929497,174.76672101181495
08019/02A/11-08-13/NIT/1,71.14689860665372,18.33960483662334,164.99605454692627
08019/02A/11-08-13/NIT/2,65.47580715361691,16.303281999304502,153.42810813455938
08019/02A/11-08-13/NIT/3,89.40520108699764,22.1154305884474,173.0448065059077
08019/03A/11-08-13/NIT/1,63.177389826088955,16.513404072951925,149.094119062428
08019/03A/11-08-13/NIT/2,62.77479068599591,15.279697537974291,156.64082124222733
08019/03A/11-08-13/NIT/3,95.82207480309707,25.308130237300926,183.49194320155036
08020/01A/11-08-29/NIT/1,77.49534348083272,18.889289055066556,171.66890999667336
08020/07A/11-08-29/NIT/1,64.57584169596834,16.468553263783935,155.09547846710748
08020/08A/11-08-29/NIT/1,80.69770539074285,18.71188406998957,172.94533100522509
08021/01A/11-08-30/NIT/1,99.66996961384417,26.523273584177968,191.11279458443354
08021/01A/11-08-30/NIT/2,88.38982450342371,20.678911654232575,169.27187302029154
08021/01A/11-08-30/NIT/3,88.61568848562611,20.75159386808016,169.2691153449389
08021/07A/11-11-25/NIT/1,100.82200027335124,26.460319828416306,193.18343191761946
08021/07A/11-11-25/NIT/2,62.77479068599591,15.279697537974291,156.64082124222733
08021/07A/11-11-25/NIT/3,62.77479068599591,15.279697537974291,156.64082124222733
08021/08A/11-11-24/NIT/1,85.0146065742458,19.62842126571204,168.94841064504078
08021/08A/11-11-24/NIT/2,67.90064158543336,17.765356919419435,159.19541900680184
08021/08A/11-11-24/NIT/3,68.15751012913192,17.600056137065238,156.94691004894676
08021/09A/11-11-25/NIT/1,76.86637128516493,18.359722552773857,168.14303608780037
08021/09A/11-11-25/NIT/2,83.85207273612356,19.12751742002263,172.7217071474581
08021/09A/11-11-25/NIT/3,68.71587216516862,17.80264895987452,159.52596112792398
08021/10A/11-11-24/NIT/1,91.14978111698764,21.73470271952693,166.08887477830967
08021/10A/11-11-24/NIT/2,96.5895248967365,23.675603693304577,185.2383411018428
08021/10A/11-11-24/NIT/3,66.65278590390157,17.367066808294023,159.50717343834307
08021/11A/11-11-25/NIT/1,100.27810797468092,25.770415856603453,191.0449020492159
08021/11A/11-11-25/NIT/2,100.22984018910783,25.667245549968648,190.97277251653472
08021/14A/11-11-24/NIT/1,85.67904795779789,20.00382572118807,169.84274212571492
08021/15A/11-11-24/NIT/1,74.4642259472064,17.706069289672573,166.38608006076035
08021/21B/11-08-30/NIT/1,77.18010202565524,18.228883448608695,170.6572074798858
08021/21B/11-08-30/NIT/2,64.57312648480796,16.161227125563528,151.2836888171988
08021/21B/11-08-30/NIT/3,62.826479398181135,15.92534655000425,152.39231362877072
08022/03B/11-08-23/NIT/1,78.05897797588254,18.77571678590316,171.4416021487044
08022/03B/11-08-23/NIT/2,66.63267059177942,17.086341284717744,159.47226748834757
08022/03B/11-08-23/NIT/3,64.06107833902766,15.937887054305735,153.17516716969632
08022/04A/11-08-23/NIT/1,70.95867758023279,18.12370029632814,161.5899639534756
08022/04A/11-08-23/NIT/2,71.18265577440307,18.39994367718784,159.40682933848947
08022/04A/11-08-23/NIT/3,69.09281035305425,17.627210939004307,156.9174291945587
08022/05A/11-08-23/NIT/1,90.78743738476535,21.61765341459199,165.55660758108337
08022/05A/11-08-23/NIT/2,72.06958782334006,17.926715079110334,160.84281383114418
08022/05A/11-08-23/NIT/3,67.07064735563908,17.36770887529828,160.66841537982899
08022/07A/11-08-23/NIT/1,80.07845609890457,18.29862107551107,173.0032490694587
08022/07A/11-08-23/NIT/2,68.44317804767402,17.412549942696927,159.61187621724187
08022/07A/11-08-23/NIT/3,69.90886826977126,18.070266006459175,160.46830066983648
08022/10A/11-08-23/NIT/1,83.92961776710267,19.017535427968834,172.28505590258882
08022/10A/11-08-23/NIT/2,69.3650381506149,17.597367378128258,156.69505602181505
08022/10A/11-08-23/NIT/3,67.17441780761105,17.18112038066028,160.61942584604643
08022/11B/11-08-23/NIT/1,86.39673693476372,19.70897408853155,169.4807659253153
08022/11B/11-08-23/NIT/2,68.44497517915559,17.850616992512872,157.61583163293855
08022/11B/11-08-23/NIT/3,67.03236132015813,17.256978674515004,159.84424706337342
09001/01A/11-10-05/NIT/1,92.02020447308445,23.405838778972804,175.87497206753014
09001/01A/11-10-05/NIT/2,95.25892870300588,24.65298927457667,176.61191567034598
09001/01A/11-10-05/NIT/3,99.10804981204042,25.39614197822567,193.94393410865058
09001/02A/11-10-05/NIT/1,94.21868239564779,24.68080492480195,176.4803271157928
09001/02A/11-10-05/NIT/2,99.55180560150895,26.032478082173938,193.4186920307718
09001/02A/11-10-05/NIT/3,97.39396444239493,26.007241686834437,189.9815017253602
09001/03A/11-10-05/NIT/1,96.3657242280526,25.959915527431402,187.75527667947784
09001/03A/11-10-05/NIT/2,95.04888136145989,25.463144190385893,183.149903033787
09001/03A/11-10-05/NIT/3,74.33904682712276,18.584550001909594,161.43904060177363
09001/04A/11-10-05/NIT/1,94.09469339763758,24.45627430466895,177.09597882055274
09001/04A/11-10-05/NIT/2,95.13721812146677,25.320516959974494,182.649589497949
09001/04A/11-10-05/NIT/3,95.467653582647,25.63650044674396,185.3112381656313
09001/06A/11-10-05/NIT/1,103.0298060944287,28.015896620743202,199.88273730189763
09001/06A/11-10-05/NIT/2,103.0298060944287,28.015896620743202,199.88273730189763
09001/06A/11-10-05/NIT/3,90.61702030358128,22.88876833947589,175.21355831670772
09001/10A/11-10-05/NIT/1,95.14322333626336,24.471593834763677,176.98572472375483
09001/10A/11-10-05/NIT/2,96.9725126740144,26.066129350943708,187.72095221221852
09001/10A/11-10-05/NIT/3,99.63885650092293,25.54964539105818,192.32504999728783
09001/12C/11-10-05/NIT/1,94.9520691953026,24.44767125798619,183.06664377671203
09001/12C/11-10-05/NIT/2,95.59788535222025,24.894973697763874,183.94275938031672
09001/12C/11-10-05/NIT/3,88.46672050307329,19.90658136560127,167.18974214158564
09001/12C/11-11-15/NIT/1,89.35861190301084,20.919657165239617,169.4700653645422
09001/12C/11-11-15/NIT/2,88.91904961136542,20.1823494748526,169.81819497411212
09001/12C/11-11-15/NIT/3,85.22575212746642,19.189944042915307,170.17577361595417
09001/21A/11-08-17/NIT/1,95.18775780078595,25.552790054779855,184.1122497098138
09001/21A/11-08-17/NIT/2,102.58777602816173,27.950607042044563,199.1905876624824
09001/21A/11-08-17/NIT/3,98.91165264527858,25.880318401110603,191.80352202958093
09003/01A/11-11-03/NIT/2,95.57791579105846,25.505378691554185,184.63692528954036
09003/01A/11-11-03/NIT/3,89.94219218073611,21.507662921637664,170.92481984149805
09003/02A/11-11-03/NIT/1,96.32547521063887,25.529471364389767,183.66175619178398
09003/02A/11-11-03/NIT/2,95.63092344781505,25.40596969553706,183.3033599231811
09003/02A/11-11-03/NIT/3,99.68438198829314,26.15745698869456,194.83804774412636
09003/03A/11-11-03/NIT/1,102.58777602816173,27.6601181130566,199.1905876624824
09003/03A/11-11-03/NIT/2,112.88929362646651,30.598572464533397,223.5575254108915
09003/03A/11-11-03/NIT/3,99.01551934728549,25.85524922134285,192.2110404463208
09003/04A/11-11-03/NIT/1,102.72895250678772,27.724155234133153,199.5732168969984
09003/04A/11-11-03/NIT/2,105.57195852413709,28.423471175440255,201.38777855445178
09003/04A/11-11-03/NIT/3,104.61871788240053,28.408063922605958,202.4237413325304
09003/05A/11-11-03/NIT/1,95.95333053193151,24.550313983233405,176.13738937972622
09003/05A/11-11-03/NIT/2,96.55977884216713,25.66215512840218,186.1678297989251
09003/05A/11-11-03/NIT/3,96.16834535777744,24.850497733894915,176.38663392365794
09004/01A/11-11-15/NIT/1,94.4865212128879,24.320937385029023,175.94079399131098
09004/01A/11-11-15/NIT/2,95.17407870827059,25.28735511348634,182.70596525619146
09004/01A/11-11-15/NIT/3,99.39173364065046,25.889905420709955,193.45189860817916
09004/02A/11-11-15/NIT/1,96.6284347350783,26.075684278708582,187.3580328737443
09004/02A/11-11-15/NIT/2,95.77200485142457,25.938053734795293,187.72571914841498
09004/02A/11-11-15/NIT/3,101.21052028763114,25.941989948105515,197.64255946046063
09004/03A/11-11-15/NIT/1,95.36328903051417,24.857683392001345,183.70259391274507
09004/03A/11-11-15/NIT/2,96.0075944803504,25.84424743201787,183.20703043462524
09004/03A/11-11-15/NIT/3,92.93576616056559,23.5843067336099,173.92157518742047
09005/05A/11-08-16/NIT/1,97.97073426563698,25.956284678944034,191.02794618864763
09005/05A/11-08-16/NIT/2,100.61075237332736,25.90943413208515,199.0943778417753
09005/05A/11-08-16/NIT/3,94.05647970852324,24.3606061722334,177.8108380234323
09005/05B/11-08-16/NIT/1,94.50317601205494,24.36773294906037,176.92287817782696
09005/05B/11-08-16/NIT/2,89.05087781569203,21.486553884349423,171.97066343861482
09005/05B/11-08-16/NIT/3,76.55512025016232,18.298885837784,168.85710971043298
09005/07A/11-08-16/NIT/1,101.04026889305347,26.027816213161547,196.77646213006486
09005/07A/11-08-16/NIT/2,94.40660437570716,24.47290105015607,183.36401932163741
09005/07A/11-08-16/NIT/3,95.25243116254474,24.860720090247177,189.2482271576778
09005/12A/11-08-24/NIT/1,95.07667088649735,25.38006194602286,189.54976429685772
09005/12A/11-08-24/NIT/2,96.19737600208518,26.03325138773339,187.5063074345336
09005/12A/11-08-24/NIT/3,95.21708114705548,25.478208254321718,183.97105200991314
09005/12B/11-08-24/NIT/1,94.40660437570716,24.685390010411485,183.36401932163741
09005/12B/11-08-24/NIT/2,90.41302028623578,23.828150936708656,176.18589959802986
09005/12B/11-08-24/NIT/3,89.31646609773301,22.79878018889914,172.43174871107968
09005/15A/11-08-24/NIT/1,93.21956424245418,24.111792729896113,178.67615068823116
09005/15A/11-08-24/NIT/2,95.44032509024008,25.037648380260844,190.01809893386528
09005/15A/11-08-24/NIT/3,94.56482614095653,24.613187502673906,175.80844892660858
09005/15B/11-08-24/NIT/1,95.9500385484626,26.04301055260562,187.8416984534111
09005/15B/11-08-24/NIT/2,98.79160184153156,25.916380589520408,192.0320723931665
09005/15B/11-08-24/NIT/3,100.0833890927744,26.031666156882185,196.6269849628186
09005/16A/11-08-24/NIT/1,80.45994360414984,18.477884656680683,172.47197925770055
09005/16A/11-08-24/NIT/2,66.2316858686818,17.270304920012645,158.35264566072567
09005/16A/11-08-24/NIT/3,61.753926444152675,15.517123340513878,157.12590873627673
09005/16B/11-08-24/NIT/1,79.83283301928374,18.729108069630993,171.08702444296105
09005/16B/11-08-24/NIT/2,62.353267765700004,15.94041027286985,153.81212864036004
09005/16B/11-08-24/NIT/3,61.98094832141363,15.300506371301061,156.23274542367605
09007/01A/11-10-06/NIT/1,99.72334045380758,25.81239207298066,196.59396109239879
09007/01A/11-10-06/NIT/2,99.57727930235336,25.775053026823645,195.10795293726198
09007/01A/11-10-06/NIT/3,94.865754803766,24.87793718244013,183.34626122098317
09007/02A/11-10-06/NIT/1,98.94494437367428,25.418164393270214,193.9461938012412
09007/02A/11-10-06/NIT/2,103.25121385756552,27.865965891225255,199.83603122319684
09007/02A/11-10-06/NIT/3,96.74981421658056,26.029423521123313,187.64267676167051
09007/03A/11-10-06/NIT/1,100.40005177701171,25.881032985312434,195.17829592684495
09007/03A/11-10-06/NIT/2,95.04888136145989,25.39788978552784,183.149903033787
09007/03A/11-10-06/NIT/3,89.78142653142889,21.06366903902266,170.2904187819557
09007/04A/11-10-06/NIT/1,97.1192486887004,26.044623394092593,188.03784886920536
09007/04A/11-10-06/NIT/2,101.04026889305347,26.032212057621745,196.77646213006486
09007/04A/11-10-06/NIT/3,101.55769918792694,27.122748589756483,199.64907337442722
09007/05A/11-10-06/NIT/1,112.82822937715751,31.32412150586026,226.66659294865147
09007/05A/11-10-06/NIT/2,100.20093537457365,26.01510055500081,193.32272839197938
09007/05A/11-10-06/NIT/3,103.8792245168912,28.21424634324688,206.42104623003854
09007/06A/11-10-06/NIT/1,89.93504756317266,23.051643324463054,176.15851826478652
09007/06A/11-10-06/NIT/2,90.17354718109596,23.341973470467476,175.53180146303092
09007/06A/11-10-06/NIT/3,90.0112319145007,22.845379557946266,174.8704904466699
09007/07A/11-10-06/NIT/1,91.9363514545221,23.37289538451724,176.36236813271202
09007/07A/11-10-06/NIT/2,94.54217081279441,24.789738049594195,177.09597882055274
09007/07A/11-10-06/NIT/3,89.87478414758931,23.714852215361244,175.69391115286325
09008/02A/11-10-04/NIT/1,89.27832776345255,21.280949558306286,168.90575402583661
09008/02A/11-10-04/NIT/2,91.89186145371299,23.529426493321377,176.22084302217746
09008/02A/11-10-04/NIT/3,71.54335144001216,18.15816622630518,159.27623204898637
09008/03A/11-10-04/NIT/1,95.96558613195121,24.820809353508288,174.1761125300023
09008/03A/11-10-04/NIT/2,95.36317193950012,24.65134304318232,173.92159835287015
09008/03A/11-10-04/NIT/3,90.47328370181914,23.00242639266406,176.1376957677171
09008/05A/11-10-04/NIT/1,110.41117390662612,29.82468737077485,220.21467173657516
09008/05A/11-10-04/NIT/2,89.86201505678054,21.554595425040436,170.7816320665186
09008/05A/11-10-04/NIT/3,91.20170312279102,23.034408263975475,175.1383824886789
09008/06A/11-10-04/NIT/1,113.27442239210559,31.361469461162915,225.72667281182578
09008/06A/11-10-04/NIT/2,111.55009543073534,30.172486527348884,222.12802241606136
09008/06A/11-10-04/NIT/3,113.15357613789651,31.243824596588393,226.16433467133456
09008/08A/11-10-04/NIT/1,95.07149404623233,24.579839237341123,175.58382946728054
09008/08A/11-10-04/NIT/2,95.52304359902297,25.74073121894433,182.406856327775
09008/08A/11-10-04/NIT/3,100.26084101826756,26.38562590058316,194.84718972682805
09008/10A/11-10-04/NIT/1,95.1454258473348,24.77461507945139,174.53931964575108
09008/10A/11-10-04/NIT/2,95.52941462827827,24.63852142729075,174.23209996248832
09008/10A/11-10-04/NIT/3,90.13917021967778,23.44579918638288,174.52447634321098
09008/11A/11-10-04/NIT/1,91.56247222836357,23.73623618253878,175.6391575703759
09008/11A/11-10-04/NIT/2,95.39089683413978,25.12828308403815,183.03153394408108
09008/11A/11-10-04/NIT/3,99.39173364065046,26.029282985979815,193.00726402735742
09008/12A/11-10-04/NIT/1,99.35468379583877,26.39613885574408,193.0280042571137
09008/12A/11-10-04/NIT/2,101.92805375305356,27.105771625092558,197.7526444644909
09008/12A/11-10-04/NIT/3,102.54322823247155,27.181147625308256,199.43183142829906
09009/01A/11-08-30/NIT/1,102.09229618150194,26.996261248037623,198.09884741683527
09009/01A/11-08-30/NIT/2,101.04026889305347,26.15346594262003,196.77646213006486
09009/01A/11-08-30/NIT/3,97.3302774260935,25.945866026768382,188.8696131555034
09009/02A/11-08-30/NIT/1,102.62550670770052,27.787997492205815,199.68710450459855
09009/02A/11-08-30/NIT/2,98.04648011209527,25.896627080733836,192.36189146832632
09009/02A/11-08-30/NIT/3,90.35092247535557,22.936535634577517,175.51338083019192
09009/03A/11-11-15/NIT/1,97.1192486887004,26.044623394092593,188.98475400551163
09009/03A/11-11-15/NIT/2,95.84502347298722,24.78665343761193,177.1120530723214
09009/03A/11-11-15/NIT/3,95.22310325154514,24.485395566352164,175.84868499031782
09009/04A/11-08-30/NIT/1,89.87478414758931,23.52057818917815,175.69391115286325
09009/04A/11-08-30/NIT/2,89.74535677656539,23.772148823505503,175.13026268862026
09009/04A/11-08-30/NIT/3,73.00599165726916,18.28180914610675,162.32666720232064
09009/05A/11-08-16/NIT/1,95.2926108371516,24.410538520118056,176.79675399167692
09009/05A/11-08-16/NIT/2,95.25222444917372,24.705255941970936,177.569071971608
09009/05A/11-08-16/NIT/3,89.69856468364102,21.574933102640344,171.36918477215247
09009/07A/11-08-16/NIT/1,99.19431862498209,26.305738752218318,194.41196566420982
09009/07A/11-08-16/NIT/2,89.87478414758931,23.681429049502302,176.25886451778567
09009/07A/11-08-16/NIT/3,85.0091557707485,19.480642292613563,171.41994375738412
09009/08A/11-08-16/NIT/1,101.66002761694342,27.113477891205253,198.201060719688
09009/08A/11-08-16/NIT/2,99.34056908695139,25.810952119191622,193.49173837971026
09009/08A/11-08-16/NIT/3,94.26958621232312,24.418371053774987,175.4999975040901
09009/10A/11-08-16/NIT/1,98.92879171799918,26.083800956092663,191.59672669453758
09009/10A/11-08-16/NIT/2,94.93442774089021,24.36773294906037,178.38789585850688
09009/10A/11-08-16/NIT/3,84.38332828743923,19.40223288429187,172.23947501278528
09010/01A/11-10-04/NIT/1,102.52242331211282,27.759373136158402,199.0618203773673
09010/01A/11-10-04/NIT/2,99.39173364065046,26.070713427309947,193.45189860817916
09010/01A/11-10-04/NIT/3,77.27233448064881,18.304315519259834,168.05679854837118
09010/02A/11-10-04/NIT/1,100.40005177701171,26.100307069213954,195.17829592684495
09010/02A/11-10-04/NIT/2,87.72940917721836,20.57968141726569,168.42036137933715
09010/02A/11-10-04/NIT/3,66.71961372788682,17.672450873483744,158.90264661735873
09010/03A/11-10-04/NIT/1,95.04888136145989,25.599309691272033,183.149903033787
09010/03A/11-10-04/NIT/2,99.39173364065046,26.070713427309947,193.45189860817916
09010/03A/11-10-04/NIT/3,67.10449760333488,17.643335142799675,157.37503409710635
09010/04A/11-10-04/NIT/1,104.68190305896276,28.141140698270718,202.77737287890656
09010/04A/11-10-04/NIT/2,90.21362296958263,23.17425690220519,176.15851826478652
09010/04A/11-10-04/NIT/3,121.71295659597241,33.80077380167024,244.01200630761198
09010/05A/11-10-04/NIT/1,70.6963834700339,17.827251561289422,162.2182616649898
09010/05A/11-10-04/NIT/2,102.83808962258557,27.886028511202998,199.4080226563619
09010/05A/11-10-04/NIT/3,70.66569940137701,18.08870804942833,160.21512622115307
09010/06A/11-10-04/NIT/1,95.0287194206009,24.64433939194772,177.2577276706708
09010/06A/11-10-04/NIT/2,69.9672478106187,18.137184543600203,161.3572275664512
09010/06A/11-10-04/NIT/3,67.56248739501196,16.982040445590844,160.02247969884738
09010/09A/11-10-04/NIT/1,99.39173364065046,25.851439343408426,193.45189860817916
09010/09A/11-10-04/NIT/2,101.73224754253512,26.996261248037623,198.09884741683527
09010/09A/11-10-04/NIT/3,77.71684076609044,18.467214608627476,171.1590855967007
09010/10A/11-10-04/NIT/1,100.26201072854427,26.112098453462604,197.8136885689067
09010/10A/11-10-04/NIT/2,88.92741867226025,21.961971910467312,171.7467718090714
09010/10A/11-10-04/NIT/3,66.59753419486455,17.611315927517683,158.53289363914504
09011/01A/11-10-06/NIT/1,106.21806882793469,28.262981763064662,204.66436771910983
09011/01A/11-10-06/NIT/2,78.60667505964454,18.1909743810794,171.27869989467698
09011/01A/11-10-06/NIT/3,67.5640689842039,17.62112425552315,158.10698095969994
09011/02A/11-08-24/NIT/1,100.89194085790477,26.07142561485573,197.39186209010424
09011/02A/11-08-24/NIT/2,73.50350338041439,17.52365351562678,167.01346366959095
09011/02A/11-08-24/NIT/3,67.8770429202376,16.982851513740037,160.37376727639364
09011/03A/11-08-24/NIT/1,100.6596622062598,25.988488504970707,196.77646213006486
09011/03A/11-08-24/NIT/2,90.00287325619264,21.62951065154464,170.93161540142108
09011/03A/11-08-24/NIT/3,68.01938754355571,17.020236088998434,160.90262557992108
09011/04A/11-08-24/NIT/1,104.40584607807865,28.606137789950054,201.24917216128648
09011/04A/11-08-24/NIT/2,94.25872765624706,24.620768940510384,176.1375947717872
09011/04A/11-08-24/NIT/3,80.12366711134862,18.79835416929952,171.1893597165752
09011/05A/11-08-24/NIT/1,102.62453870748624,27.7031184463043,198.53732895798498
09011/05A/11-08-24/NIT/2,94.95560295290768,24.816148907147916,174.98932332559335
09011/05A/11-08-24/NIT/3,67.78363580831704,17.113151339623368,160.86303200584558
09011/06A/11-08-24/NIT/1,95.19813131235212,25.33765968138589,184.1445821895346
09011/06A/11-08-24/NIT/2,83.8861010462826,19.433212871387088,171.52126605063322
09011/06A/11-08-24/NIT/3,67.02243629752083,17.73148883723158,157.6712569527966
09011/07A/11-08-24/NIT/1,95.2714033875748,25.289643956940992,183.06384972886187
09011/07A/11-08-24/NIT/2,95.8531535230748,25.874521706833054,189.56827565344142
09011/07A/11-08-24/NIT/3,83.84860951012017,19.55064244196645,171.40510431587919
09011/08A/11-10-06/NIT/1,121.26693729190666,33.96453426604605,240.14124735610307
09011/08A/11-10-06/NIT/2,105.77148337109863,28.154336860047177,201.52646180331578
09011/08A/11-10-06/NIT/3,98.86337524317942,25.802514016725166,193.61708752247952
09012/01A/11-10-04/NIT/1,90.13284368603234,22.557921007958665,175.175747079863
09012/01A/11-10-04/NIT/2,88.97399038830648,20.308367890192926,167.74827577985246
09012/01A/11-10-04/NIT/3,76.28368204555603,18.394037628680152,166.50718687376474
09012/02A/11-10-04/NIT/1,88.50814402757935,19.9659875182434,169.08030175634005
09012/02A/11-10-04/NIT/2,83.56043047362358,18.881554432952893,171.4588477680301
09012/02A/11-10-04/NIT/3,77.64635106296508,18.15440520261175,169.8577304461633
09012/03A/11-10-04/NIT/1,102.54322823247155,27.181147625308256,199.43183142829906
09012/03A/11-10-04/NIT/2,105.95199518956208,28.297465446550568,203.59330258481967
09012/03A/11-10-04/NIT/3,96.09140010427525,25.990784808163166,187.76326192926814
09012/04A/11-10-04/NIT/1,105.12275604535905,28.154336860047177,201.52646180331578
09012/04A/11-10-04/NIT/2,105.54149554391556,28.436902266276572,202.4979786583693
09012/04A/11-10-04/NIT/3,88.62345791785448,20.643082481565163,170.11292199690092
09012/05A/11-10-04/NIT/1,105.77148337109863,28.238556148175523,201.33151723154876
09012/05A/11-10-04/NIT/2,97.98966031886908,25.824668653399137,191.34015707864285
09012/05A/11-10-04/NIT/3,66.99206898888374,17.741331628074462,158.41583651715248
09012/06A/11-10-04/NIT/1,88.90512750816431,21.35494680438949,171.5210905238641
09012/06A/11-10-04/NIT/2,90.13284368603234,22.909676071724117,175.175747079863
09012/06A/11-10-04/NIT/3,89.95810886715448,21.14240558074253,169.5246724715457
09012/07A/11-10-04/NIT/1,79.88824740986009,18.691658279749525,171.04472156029107
09012/07A/11-10-04/NIT/2,75.14578585006062,18.294835168664594,164.35862090716907
09012/07A/11-10-04/NIT/3,77.9605022057322,17.701456012580454,169.20365204448947
09012/08A/11-10-04/NIT/1,89.5684784364041,20.328049158963555,170.12732994423956
09012/08A/11-10-04/NIT/2,84.44893477027874,19.080228711057256,171.4830035805592
09012/08A/11-10-04/NIT/3,76.93752171218294,18.32384359723715,166.1089582030109
09013/01A/11-10-05/NIT/1,95.04573674166774,25.438257791692667,183.026649097802
09013/01A/11-10-05/NIT/2,95.19813131235212,25.446962082433075,183.50064341877422
09013/01A/11-10-05/NIT/3,94.25872765624706,24.379841291853754,176.4258496015115
09013/02A/11-10-05/NIT/1,95.20756446942194,25.204950922192864,184.93962401133405
09013/02A/11-10-05/NIT/2,97.14104099860926,26.065784042844673,187.22506940340654
09013/02A/11-10-05/NIT/3,95.49222108647974,25.435938691951492,189.56827565344142
09013/04A/11-11-18/NIT/1,89.83757028172424,23.60079046732655,175.35261987393213
09013/04A/11-11-18/NIT/2,98.83724942705256,25.98223230196526,193.43878846005813
09013/04A/11-11-18/NIT/3,105.20232592376423,28.600841983553494,202.63774207725498
09013/05A/11-11-15/NIT/1,95.67419635431317,24.800325405150925,176.9255429544622
09013/05A/11-11-15/NIT/2,95.15916225278607,24.372465143893233,176.48740197332927
09013/05A/11-11-15/NIT/3,94.49911761299985,24.598905499406733,180.7279396135975
09013/06A/11-11-15/NIT/1,90.0431820040762,23.30439997170143,174.62353123776379
09013/06A/11-11-15/NIT/2,97.68554767550023,26.13280628140414,192.36189146832632
09013/06A/11-11-15/NIT/3,94.92528758905654,25.241836683902587,183.81148387402493
09013/07A/11-11-15/NIT/1,90.41302028623578,23.587223288052027,176.6798769998966
09013/07A/11-11-15/NIT/2,94.68746212565368,24.50801788109506,181.41616181589117
09013/07A/11-11-15/NIT/3,93.90487050321046,24.2019918375469,177.54598250039504
09013/09A/11-10-05/NIT/1,99.5742565488621,26.20616933921441,194.7173069485257
09013/09A/11-10-05/NIT/2,96.54848748800201,25.99393048072392,187.74423050499868
09013/09A/11-10-05/NIT/3,102.34128380186648,26.9437818371883,197.11457469510728
09013/10A/11-10-06/NIT/1,89.13503900013895,20.276053977496517,169.2466760297776
09013/10A/11-10-06/NIT/2,96.39361470004586,26.03774670963246,187.28405903567395
09013/10A/11-10-06/NIT/3,99.94573778278823,26.100307069213954,195.17829592684495
09014/01A/11-08-25/NIT/1,99.93317627727636,25.643445372040237,195.28784477086953
09014/01A/11-08-25/NIT/2,94.97590991071039,25.38006194602286,189.54976429685772
09014/01A/11-08-25/NIT/3,104.40149359057723,28.063288216198888,203.59434408923303
09014/03A/11-08-25/NIT/1,94.4865212128879,24.320937385029023,175.94079399131098
09014/03A/11-08-25/NIT/2,93.65896961818699,24.410538520118056,177.0850088214012
09014/03A/11-08-25/NIT/3,95.15692208894582,25.416427049606593,184.84217132806623
09014/04A/11-08-25/NIT/1,94.7820491728069,24.798699494251604,182.91714010858848
09014/04A/11-08-25/NIT/2,95.95268605035665,24.86015142427749,176.81078696657303
09014/04A/11-08-25/NIT/3,99.39173364065046,26.070713427309947,193.45189860817916
09014/05A/11-08-25/NIT/1,97.87697995844212,25.986081038082357,191.41150751878968
09014/05A/11-08-25/NIT/2,97.93489802267574,26.093633814766516,191.024512659074
09014/05A/11-08-25/NIT/3,90.69584470075027,22.959314210772753,175.5848315958203
09014/08A/11-10-05/NIT/1,95.07949181273612,24.871729263355984,189.28230948816034
09014/08A/11-10-05/NIT/2,89.88516750771606,23.440501400845672,175.8820523405291
09014/08A/11-10-05/NIT/3,92.33385881468672,23.793431396694565,173.92157518742047
09014/09A/11-10-05/NIT/1,83.94723897949113,19.301410775336276,172.52752895996883
09014/09A/11-10-05/NIT/2,88.20061066519783,21.17024883504366,167.02164914725486
09014/09A/11-10-05/NIT/3,90.28835153515118,23.103896687486653,176.03819752151608
09014/11A/11-10-05/NIT/1,95.05716172836095,24.67702548554723,174.73258842902476
09014/11A/11-10-05/NIT/2,94.7820491728069,24.798699494251604,182.91714010858848
09014/11A/11-10-05/NIT/3,94.63874783916707,25.334309174505744,183.7643724794152
09015/01A/11-08-15/NIT/1,90.41302028623578,23.828150936708656,176.433843800869
09015/01A/11-08-15/NIT/2,95.23898750643448,25.03740382788104,184.9597266276485
09015/01A/11-08-15/NIT/3,95.25834330313445,25.235534400128994,184.1445821895346
09015/03A/11-08-15/NIT/1,92.42735589454561,24.49672487929764,176.9713502594625
09015/03A/11-08-15/NIT/2,97.43254314754519,26.04514135624115,190.07321892532445
09015/03A/11-08-15/NIT/3,95.23898750643448,24.81351717589344,184.9597266276485
09015/08A/11-08-15/NIT/1,94.0783406002153,24.518113931917572,177.11732370380892
09015/08A/11-08-15/NIT/2,96.00680509946118,25.79789068082987,190.4293603534363
09015/08A/11-08-15/NIT/3,89.35547462416719,20.36730061874105,167.63112248747782
09015/09A/11-08-15/NIT/1,94.09588828999249,24.749495631864956,176.64423055275367
09015/09A/11-08-15/NIT/2,93.4398853098034,24.236347311943096,175.9850531142906
09015/09A/11-08-15/NIT/3,89.74621441965415,22.694231355373155,175.45216560780827
09015/10A/11-08-15/NIT/1,97.21300299589525,26.01482703495427,189.21841900300026
09015/10A/11-08-15/NIT/2,95.04888136145989,25.104545834314827,183.149903033787
09015/10A/11-08-15/NIT/3,90.20958001977314,22.947076832253355,176.73511498706605
09015/11A/11-08-15/NIT/1,102.09229618150194,26.979410010121132,198.09884741683527
09015/11A/11-08-15/NIT/2,99.56513109599454,26.100307069213954,195.17829592684495
09015/11A/11-08-15/NIT/3,93.90627539726576,24.461483431680257,175.72663000736654
09015/20A/11-08-16/NIT/1,95.0646865763711,25.469503963581307,183.49705768894088
09015/20A/11-08-16/NIT/2,97.1192486887004,26.044623394092593,188.03784886920536
09015/20A/11-08-16/NIT/3,94.09469339763758,24.735217736174132,177.09597882055274
09015/20B/11-08-16/NIT/1,98.93215004981604,25.860061629394767,191.31529070946863
09015/20B/11-08-16/NIT/2,95.04888136145989,25.104545834314827,183.149903033787
09015/20B/11-08-16/NIT/3,94.4865212128879,24.320937385029023,175.6525391615867
09015/22A/11-11-15/NIT/1,89.87478414758931,23.89391297120756,175.73805043587546
09015/22A/11-11-15/NIT/2,88.69194651575249,22.064020835516192,171.8836738371172
09015/22A/11-11-15/NIT/3,71.0840823976544,18.20862133739178,164.33698894902423
09016/01A/11-10-05/NIT/1,100.40005177701171,26.100307069213954,195.17829592684495
09016/01A/11-10-05/NIT/2,100.0833890927744,26.031666156882185,198.0919691474582
09016/01A/11-10-05/NIT/3,93.4398853098034,24.477274960599722,175.9850531142906
09016/02A/11-10-05/NIT/1,102.99875253760221,27.181147625308256,199.43183142829906
09016/02A/11-10-05/NIT/2,103.09386179956901,27.74906646647744,199.57992420718097
09016/02A/11-10-05/NIT/3,103.92006017070086,27.929581585336667,200.70329853504072
09016/03A/11-10-05/NIT/1,103.09386179956901,27.71209636297438,200.87895130588717
09016/03A/11-10-05/NIT/2,103.0298060944287,27.779547802447027,199.88273730189763
09016/03A/11-10-05/NIT/3,103.92006017070086,27.929581585336667,200.70329853504072
09016/04A/11-10-05/NIT/1,101.21052028763114,26.987140339515996,197.64255946046063
09016/04A/11-10-05/NIT/2,102.90619115345082,27.824189899087703,199.477714505139
09016/04A/11-10-05/NIT/3,102.09229618150194,26.94110297089611,198.09884741683527
09016/05A/11-10-05/NIT/1,94.92398343473504,24.808288687159916,183.08369652240785
09016/05A/11-10-05/NIT/2,99.49480525945314,25.5481599404592,193.01019679517162
09016/05A/11-10-05/NIT/3,98.64732997258115,26.268947550506983,192.8074348621047
09018/01A/11-08-31/NIT/1,88.86442149482902,20.505816385264875,167.55976583213376
09018/01A/11-08-31/NIT/2,88.62998093955927,20.557376481692483,169.4550640647241
09018/01A/11-08-31/NIT/3,65.91324031288094,17.58073440071747,158.97159422036594
09018/02A/11-08-31/NIT/1,83.77094920116424,19.18352551098375,172.08388559020725
09018/02A/11-08-31/NIT/2,83.99996139073801,19.768109059717908,170.0895775191052
09018/02A/11-08-31/NIT/3,67.85264901109564,17.723398632050067,159.1489603287208
09018/03A/11-08-31/NIT/1,91.73357769551025,23.62560509058468,177.3222440322917
09018/03A/11-08-31/NIT/2,89.34312868614627,21.40317914827261,172.46068156507408
09018/03A/11-08-31/NIT/3,85.00094464579776,19.134478274283648,168.9620247982682
09018/04A/11-08-31/NIT/1,111.60595894856631,30.944591724516815,225.0297039798081
09018/04A/11-08-31/NIT/2,110.66434396905309,30.66236071098854,220.76266153831682
09018/04A/11-08-31/NIT/3,106.04966092897713,27.137620560592325,203.13108936594276
09018/05A/11-08-31/NIT/1,88.82915340976417,21.65700755181684,171.82255956743026
09018/05A/11-08-31/NIT/2,90.30559588473123,23.32531955509621,175.67193766934005
09018/05A/11-08-31/NIT/3,84.42011427806834,19.53464441193434,171.8478085494728
09019/01A/11-10-06/NIT/1,72.6119702532972,17.735084394394736,163.16985642684327
09019/01A/11-10-06/NIT/2,67.3508202562506,17.63205999481583,155.2212273639186
09019/02A/11-09-07/NIT/1,94.95560295290768,24.816148907147916,174.98932332559335
09019/02A/11-09-07/NIT/2,80.55593968653135,19.025677439169574,171.55373869793456
09019/02A/11-09-07/NIT/3,70.16769377653354,18.170231490501553,160.1096098353719
09019/03A/11-09-07/NIT/1,99.60292928212654,25.899893981729743,193.19707897775905
09019/03A/11-09-07/NIT/2,102.42874270312085,27.692221080939234,197.79758730619122
09019/03A/11-09-07/NIT/3,91.0054310656967,22.81066569660611,174.64112300098006
09019/04A/11-11-15/NIT/1,95.37419750371608,25.2242484568869,186.12398484520818
09019/04A/11-11-15/NIT/2,96.53149535169813,26.031550546785997,188.43302330787063
09019/04A/11-11-15/NIT/3,103.82073661351801,27.918925367716888,200.6732042888178
09019/05A/11-09-07/NIT/1,123.74764891608888,35.209216163179846,246.41163688068553
09019/05A/11-09-07/NIT/2,101.05932204072026,27.235207291842773,196.9072340369796
09019/05A/11-09-07/NIT/3,71.66427459444637,18.3206636564755,162.22889484003443
09020/01A/11-10-12/NIT/1,102.90619115345082,27.739970610959354,199.28960103760483
09020/01A/11-10-12/NIT/2,100.4701530058067,26.161101823632404,195.88853046768375
09020/01A/11-10-12/NIT/3,89.22679734489797,22.49075975212816,172.48682430010777
09020/04A/11-10-05/NIT/1,100.1441179239033,25.994588126066315,198.0918310843768
09020/04A/11-10-05/NIT/2,99.57727930235336,25.775053026823645,195.10795293726198
09020/04A/11-10-05/NIT/3,89.48165156628622,22.6626346987018,175.96832646930122
09020/06A/11-10-05/NIT/1,99.56513109599454,26.100307069213954,195.17829592684495
09020/06A/11-10-05/NIT/2,99.103218629832,25.832409644957554,192.62428148132705
09020/06A/11-10-05/NIT/3,94.70498581819719,24.610705777065473,174.36368851704148
09020/09A/11-11-15/NIT/1,101.80652036688632,27.03983146416785,197.9482699247452
09020/09A/11-11-15/NIT/2,94.94303522231547,24.292019420296892,174.24658648052372
09020/09A/11-11-15/NIT/3,71.38714948715028,18.107757842303524,161.90879191444932
09020/10A/11-11-15/NIT/1,100.61075237332736,25.868938396607835,198.0918310843768
09020/10A/11-11-15/NIT/2,95.04888136145989,25.39788978552784,183.149903033787
09020/10A/11-11-15/NIT/3,89.36183334647878,20.59872531927824,167.97688866428092
09020/12A/11-10-05/NIT/1,100.97080101229417,25.90943413208515,199.0943778417753
09020/12A/11-10-05/NIT/2,95.95268605035665,24.86015142427749,176.52253213684875
09020/12A/11-10-05/NIT/3,80.13422487639764,18.733723267901578,172.15822639333052
09020/23A/11-10-05/NIT/1,99.56513109599454,26.100307069213954,195.17829592684495
09020/23A/11-10-05/NIT/2,121.8306168716231,33.98157282101534,244.8739357692678
09020/24A/11-10-05/NIT/1,97.66482497848351,26.10006412534252,190.9230047111797
09020/24A/11-10-05/NIT/2,99.24602570918638,26.22782853317589,192.9066578919791
09020/24A/11-10-05/NIT/3,83.52024867386059,19.300882320474297,171.64986143367634
09020/24B/11-10-05/NIT/2,95.33733779463259,25.81346724090481,183.03117810829607
09020/24B/11-10-05/NIT/3,73.68827734683079,17.972992944460312,161.48597723679663
09023/01A/11-11-15/NIT/1,89.87478414758931,23.440501400845672,175.69391115286325
09023/01A/11-11-15/NIT/2,95.61359529157362,25.045958515832876,183.10980939462908
09023/01A/11-11-15/NIT/3,96.0574590962719,24.40079516538341,175.96467053045663
10002/01A/11-11-06/NIT/1,90.66011992223005,21.74020073234971,167.80434863453422
10002/01A/11-11-06/NIT/2,71.35495423037264,18.382324541988098,159.3909971229393
10002/01A/11-11-06/NIT/3,67.41033682344123,16.82094660209279,158.52515786722782
10002/04A/11-11-06/NIT/1,86.70022981720149,19.17373349055993,169.18702679351125
10002/04A/11-11-06/NIT/2,70.75476008465255,18.31467430274609,158.26911661106
10002/04A/11-11-06/NIT/3,68.5038196797525,17.816249361741146,156.56484360701612
10002/06B/11-10-16/NIT/1,105.3910325720116,27.795332738076677,202.6839895908409
10002/06B/11-10-16/NIT/2,101.26567992956593,25.655249490139017,196.08069087233858
10002/06B/11-10-16/NIT/3,88.76323012522776,20.59029394896144,165.3724499081358
10002/07A/11-10-16/NIT/1,89.16852075056633,21.14899890437692,170.89107123865998
10002/07A/11-10-16/NIT/2,77.82012077748114,17.578066188215278,169.58172820924608
10002/07A/11-10-16/NIT/3,76.94947526960219,17.34109174962547,169.56802274740082
10002/16A/11-10-16/NIT/1,96.06866553346167,24.254942328062786,173.37345253800473
10002/16A/11-10-16/NIT/2,81.93595558714243,18.92407176388088,173.11066274837785
10002/16A/11-10-16/NIT/3,86.4125416779799,19.23703030255071,169.47369077766777
10002/17A/11-10-16/NIT/1,95.73063207449768,24.513608153413003,176.0591139291782
10002/17A/11-10-16/NIT/2,95.58105292784494,24.324406842551898,174.2917919418039
10002/17A/11-10-16/NIT/3,83.1742627985394,18.775889320343612,171.83143836519886
10003/01A/11-10-17/NIT/1,90.00302272391669,21.8976426682197,169.45195069866313
10003/01A/11-10-17/NIT/2,95.02419265510018,23.971220146457707,186.98305476624435
10003/01A/11-10-17/NIT/3,69.74819298529088,18.296012544844306,161.5009357434613
10003/03A/11-10-17/NIT/1,107.64695700024178,28.388958744339075,208.722455443896
10003/03A/11-10-17/NIT/2,87.97213397644076,20.666093527396182,167.2805750159304
10003/03A/11-10-17/NIT/3,79.77888915649486,18.611704648881048,171.19261292192812
10003/04A/11-10-17/NIT/1,96.59768700611325,24.76277164671878,182.64088611877523
10003/04A/11-10-17/NIT/2,92.01490594306476,23.719027789603548,175.4799937021686
10003/04A/11-10-17/NIT/3,89.0577660392345,20.108726780631695,169.46982086109554
10003/11A/11-10-17/NIT/1,90.11585551054232,22.89270651520346,174.7275320119944
10003/11A/11-10-17/NIT/2,88.46748097798738,19.66417062132459,167.9639622066058
10003/11A/11-10-17/NIT/3,82.1909077496053,18.542284614245407,173.00587542631126
10005/03A/11-09-08/NIT/1,96.89242778829318,25.795371346115697,188.43302330787063
10005/03A/11-09-08/NIT/2,99.20526910716997,26.08348266780736,192.73705627462812
10005/03A/11-09-08/NIT/3,90.54311429968996,22.779030380416824,176.53352059217966
10005/04A/11-09-18/NIT/1,94.80621545201944,24.503864401213963,176.3550569086269
10005/04A/11-09-18/NIT/2,91.44971123894435,23.50716130689601,177.44744381898445
10005/04A/11-09-18/NIT/3,71.2062417318489,18.1673422807963,165.19544352204346
10005/06A/11-09-08/NIT/1,99.72334045380758,26.031666156882185,196.6269849628186
10005/06A/11-09-08/NIT/2,95.1779223101906,26.16632388178105,185.03289088666955
10005/06A/11-09-08/NIT/3,84.71475251125763,19.012664833063646,169.92881168709314
10005/11A/11-09-18/NIT/1,95.54329140482417,25.30833538711848,183.5055282650533
10005/11A/11-09-18/NIT/2,95.01041241237185,24.630854975480243,176.03811418896896
10005/11A/11-09-18/NIT/3,87.72940917721836,20.20001119971212,168.04981327666738
10005/12A/11-09-30/NIT/1,95.23898750643448,25.03740382788104,184.9597266276485
10005/12A/11-09-30/NIT/2,89.94951687154803,22.875549076670612,172.35804471611445
10005/12A/11-09-30/NIT/3,66.83153380735627,17.831435128813492,157.89749002868112
10005/14A/11-09-08/NIT/1,94.04465846606958,24.749495631864956,176.64423055275367
10005/14A/11-09-08/NIT/2,89.8979029459274,23.20793079710608,175.7595269152059
10005/14A/11-09-08/NIT/3,70.75423945757582,18.506756353951342,163.1127016133273
10005/15A/11-10-04/NIT/1,95.2714033875748,25.32062119661782,183.06384972886187
10005/15A/11-10-04/NIT/2,95.29298514376474,25.21124406175341,183.81005795344507
10005/15A/11-10-04/NIT/3,69.34270963014576,18.2928369721502,163.24864780686508
10005/16A/11-10-04/NIT/1,94.47058229636518,24.420066075899467,177.90413442241643
10005/16A/11-10-04/NIT/2,97.1192486887004,26.286656129181633,188.03784886920536
10005/16A/11-10-04/NIT/3,95.16850738346001,24.934421167318433,176.8940924079083
10006/02A/11-09-22/NIT/1,95.78651081350583,26.12077006770892,186.5347037668188
10006/02A/11-09-22/NIT/2,89.13233822901474,22.63395692627913,172.12317730649525
10006/02A/11-09-22/NIT/3,89.06902680828573,21.749319541488727,172.8170497178363
10006/14A/11-08-23/NIT/1,95.4464654499822,25.719441938831284,184.73502738350058
10006/14A/11-08-23/NIT/2,99.44937903781806,26.108145667460644,193.00165487628524
10006/14A/11-08-23/NIT/3,90.79981934334474,23.264381836794986,175.9083283220273
10006/18A/11-08-24/NIT/1,96.01406402019677,24.561381989727643,173.74480917416585
10006/18A/11-08-24/NIT/2,97.07738219224986,25.61731368860161,183.90147192187325
10006/18A/11-08-24/NIT/3,91.42818064925224,23.35229497479116,173.06247849940007
10006/22A/11-08-25/NIT/1,96.00331681149,24.76297995602875,174.6726293721185
10006/22A/11-08-25/NIT/2,88.3626295044054,20.770448746555356,169.50537534667842
10006/22A/11-08-25/NIT/3,105.40480237484918,28.604206669589534,212.30992060541627
10006/36A/11-08-24/NIT/1,89.77035253050543,21.215598274043803,170.89107123865998
10006/36A/11-08-24/NIT/2,83.15395377671658,18.884961410590346,172.77911433487074
10006/36A/11-08-24/NIT/3,88.3143204654984,19.742341366880492,169.01359204686955
10006/40A/11-09-22/NIT/1,91.0262353375082,23.686139973068624,175.8857151954486
10006/40A/11-09-22/NIT/2,89.81783425686352,22.486210275219346,174.66894842691372
10006/40A/11-09-22/NIT/3,82.99403994440661,19.49278804145872,171.10982865969507
10006/41A/11-08-24/NIT/1,99.56922746624262,25.77327067775526,192.41014104986291
10006/41A/11-08-24/NIT/2,115.4970996941692,32.39447233370997,228.21898110629036
10006/41A/11-08-24/NIT/3,94.92849084677003,24.49093635240524,174.38677798825447
10006/44A/11-08-24/NIT/1,99.11801689765876,25.951175296243495,192.18112602670436
10006/44A/11-08-24/NIT/2,111.30450869214745,30.812516794849717,223.6912092273183
10006/44A/11-08-24/NIT/3,95.64634531670337,24.749573019802025,176.27939522991878
10007/02A/11-09-19/NIT/1,97.81166007706285,25.942908799786064,191.67069130262533
10007/02A/11-09-19/NIT/2,95.36167146931105,24.728107585096435,176.81078696657303
10007/02A/11-09-19/NIT/3,89.681670850651,21.661533574356692,171.08664682309015
10007/07B/11-08-22/NIT/1,99.44937903781806,26.24143378985998,193.00165487628524
10007/07B/11-08-22/NIT/2,95.04926082831928,25.572239457411257,184.5609847322048
10007/07B/11-08-22/NIT/3,99.507158642473,26.346527139451933,194.19348945143946
10007/08A/11-08-22/NIT/1,95.5311324519583,24.62477076548974,174.8964736474123
10007/08A/11-08-22/NIT/2,95.67203396904883,24.870024000677535,176.53310825015043
10007/08A/11-08-22/NIT/3,85.52025170623581,19.815255342218183,169.24705540092145
10007/12A/11-08-26/NIT/1,71.24376391323527,18.049887519811154,164.90369502525638
10007/12A/11-08-26/NIT/2,95.32371473738542,25.650237383818432,184.50138118545115
10007/12A/11-08-26/NIT/3,89.86068908006233,23.628376213530732,175.3740963532626
10007/13A/11-08-26/NIT/1,88.78749034813033,21.435216672302538,171.185493162342
10007/13A/11-08-26/NIT/2,95.1507451451392,25.39233403943715,182.5899606847491
10007/13A/11-08-26/NIT/3,89.99011645108625,23.677593145329727,175.394918850332
10007/18A/11-08-22/NIT/1,89.8319097832571,21.581335770682845,171.7733478373329
10007/18A/11-08-22/NIT/2,99.37764928208061,25.92318217931226,192.4299794671032
10007/18A/11-08-22/NIT/3,95.25461172849043,25.514175525838656,183.92429013447682
10007/21A/11-08-22/NIT/1,115.81538487324535,32.59551299946575,231.0525147027686
10007/21A/11-08-22/NIT/2,112.34402593307969,31.41179126176468,226.97122794011392
10007/21A/11-08-22/NIT/3,96.11798070263559,24.95807086230138,174.65010685097454
10007/23A/11-08-23/NIT/1,96.69139137317622,26.072534708887844,183.133906603818
10007/23A/11-08-23/NIT/2,95.04555978051661,24.913490591447545,176.17099285543432
10007/23A/11-08-23/NIT/3,74.97763051939874,17.878216503381108,171.44426751600946
10008/01A/11-10-01/NIT/1,94.94436579834992,25.078158070353734,176.90810716423104
10008/01A/11-10-01/NIT/2,96.17518290101397,26.03256003449923,183.72544344075382
10008/01A/11-10-01/NIT/3,89.38324033411364,21.937825184466664,172.16441436301918
10008/02A/11-09-26/NIT/1,95.92739587884112,25.584962730041298,183.4292045099219
10008/02A/11-09-26/NIT/2,95.30563852392079,25.289211518617435,183.9910460535045
10008/02A/11-09-26/NIT/3,82.81431607289953,19.141587507827527,170.87921728907114
10008/03A/11-09-26/NIT/1,100.01944509021803,26.100307069213954,195.17829592684495
10008/03A/11-09-26/NIT/2,99.34056908695139,25.644328398604163,193.04710379888851
10008/06A/11-10-01/NIT/2,81.91008712326136,18.905836761923698,169.53452423490234
10008/06A/11-10-01/NIT/3,104.78217515116205,28.500831400736413,201.49914109321136
10008/09A/11-10-01/NIT/1,84.3134372919016,19.882823638374788,171.42881793854787
10008/09A/11-10-01/NIT/2,104.53715397931573,28.628846075939528,201.5739090259577
10008/09A/11-10-01/NIT/3,103.58997614882156,28.015896620743202,200.6732042888178
10008/12A/11-10-01/NIT/1,84.38554289656516,20.427224048874802,168.0935024857521
10008/12A/11-10-01/NIT/2,106.20005385174336,28.418031979847427,204.12712699161924
10008/12A/11-10-01/NIT/3,96.6890968470442,26.50995460582826,183.2810399634507
10008/15A/11-10-04/NIT/1,75.00169454153759,18.225671024390994,168.76988912400753
10008/15A/11-10-04/NIT/2,105.21121631150866,29.219239714108927,212.3644266847282
10008/15A/11-10-04/NIT/3,90.59200634142381,23.162854754981222,178.05345525083587
10008/22A/11-10-04/NIT/1,64.08680959171674,16.849946566844654,153.6415214565666
10008/22A/11-10-04/NIT/2,104.62202588700961,28.576100076774853,202.9703474678396
10008/22A/11-10-04/NIT/3,90.88588291083397,23.768676390659746,175.44653890645063
10009/01A/11-08-25/NIT/1,75.95907079966686,18.20979288923972,171.01784886059718
10009/01A/11-08-25/NIT/2,101.93017159266891,27.133340148144494,198.54700006971413
10009/01A/11-08-25/NIT/3,95.93426070202274,24.596110259534413,174.27623924550048
10009/02A/11-11-13/NIT/1,63.785194212308106,16.021045458533532,147.18550795382143
10009/02A/11-11-13/NIT/2,68.08905336437529,18.290728170545922,160.30642386084915
10009/02A/11-11-13/NIT/3,69.41440457555431,17.638143211335503,156.7944194800821
10009/03B/11-11-13/NIT/1,70.82049182956924,17.86612051535897,158.58228290684892
10009/03B/11-11-13/NIT/2,67.88495684070588,18.276817616787966,157.11575227833347
10009/03B/11-11-13/NIT/3,69.32432153639375,17.950474334918532,158.5062031241487
10009/04A/11-11-13/NIT/1,69.42848896263105,17.64514954419357,156.71778845407894
10009/04A/11-11-13/NIT/2,70.40316682888566,17.78792656917376,160.19315559590015
10009/04A/11-11-13/NIT/3,68.22516160490075,18.18441534011471,159.8354888854129
10009/05A/11-08-23/NIT/1,68.40577088212673,17.739977836794385,160.09557667547503
10009/05A/11-08-23/NIT/2,70.23185035357402,18.140592002456028,162.02726477883778
10009/05A/11-08-23/NIT/3,67.57111388942327,18.046311733012402,158.68875434818474
10009/06A/11-08-25/NIT/1,70.16769377653354,18.13272418053609,160.1096098353719
10009/06A/11-08-25/NIT/2,69.26896786606115,17.493926675036196,157.32706379691064
10009/06A/11-08-25/NIT/3,68.9155627409556,17.560315543162837,156.70040335510376
10009/07A/11-08-25/NIT/1,69.04989601363052,17.590329406829426,156.7483726455383
10009/07A/11-08-25/NIT/2,71.36842078275153,18.213885868765054,158.86866084914115
10009/07A/11-08-25/NIT/3,71.29023241120588,18.211473551778848,158.56487469545203
10010/02A/11-09-03/NIT/1,72.99039609705628,18.105172967412567,159.46979180752837
10010/02A/11-09-03/NIT/2,69.82986917373945,17.94080991921982,157.46224323808622
10010/02A/11-09-03/NIT/3,69.90771088362648,17.601449119830445,156.87532474657948
10010/03A/11-10-18/NIT/1,69.71135556991491,17.274814825624855,156.11383381045206
10010/03A/11-10-18/NIT/2,94.865754803766,24.87793718244013,183.34626122098317
10010/03A/11-10-18/NIT/3,94.20907279500048,23.621330162510898,175.19824124318754
10010/04A/11-09-04/NIT/1,72.57800331391387,17.67876118013804,166.29363127293837
10010/04A/11-09-04/NIT/2,102.88489876277025,27.875462925587282,198.8251977419122
10010/04A/11-09-04/NIT/3,101.09705272025906,27.27886738286364,197.4037508790958
10010/05A/11-09-03/NIT/1,76.44670808494716,18.279552978809864,169.8263020622537
10010/05A/11-09-03/NIT/2,91.87598427535275,24.061797329815505,173.7990497620972
10010/05A/11-09-03/NIT/3,80.9241238119478,18.83139775615653,169.8861373650545
10010/06A/11-09-03/NIT/1,62.74129848244247,15.326738472285937,156.12706603217086
10010/06A/11-09-03/NIT/2,100.10182272879275,26.047425513484505,194.90001534829346
10010/06A/11-09-03/NIT/3,99.53603831714283,26.077801943716537,192.15947587504428
10010/09A/11-09-04/NIT/1,64.09279852678763,15.110106834311873,154.53765451185188
10010/09A/11-09-04/NIT/2,100.6596622062598,25.947992769493393,196.77646213006486
10010/09A/11-09-04/NIT/3,89.5289979566869,23.66351748985649,175.96106160344837
10010/13A/11-10-18/NIT/1,64.10897708531827,16.20975737111773,148.28704227804909
10010/13A/11-10-18/NIT/2,99.57290940075691,26.120512603689228,193.08689621664496
10010/13A/11-10-18/NIT/3,94.9550683673521,23.730917170069603,176.1174219253085
10010/14A/11-09-04/NIT/1,65.86070373890527,17.246614468327664,157.93429412394389
10010/14A/11-09-04/NIT/2,97.7907099820297,25.85524922134285,192.2799935914397
10010/14A/11-09-04/NIT/3,98.64732997258115,26.184728262378634,192.8074348621047
10012/02A/11-10-27/NIT/1,72.94941522370284,17.528147709559505,166.63269806713285
10012/02A/11-10-27/NIT/2,102.79904562973225,28.100115908871555,199.88273730189763
10012/02A/11-10-27/NIT/3,100.17192395758774,26.149650709233086,195.6432737595521
10012/06A/11-10-27/NIT/1,71.79685633772773,18.05323206442284,164.34656661723997
10012/06A/11-10-27/NIT/2,90.07560976525956,21.744916781003923,168.53888945504195
10012/06A/11-10-27/NIT/3,85.43245587164202,18.450871431285155,170.17364437377293
10012/07A/11-10-27/NIT/1,75.538498635183,17.691001919257463,164.59872632216096
10012/07A/11-10-27/NIT/2,99.76960915357249,24.878798531905097,191.5494593057798
10012/07A/11-10-27/NIT/3,93.19590221822524,23.361892439571935,173.21028360122088
10012/09A/11-09-19/NIT/1,91.04219370785593,20.29849982800971,166.08384489214447
10012/09A/11-09-19/NIT/2,92.73685711117317,23.19284954843647,173.34702477057564
10012/09A/11-09-19/NIT/3,90.37635124350112,21.785299399685538,168.1524698238596
10012/11A/11-09-19/NIT/1,89.43641953590618,21.88795275981081,168.8258837831012
10012/11A/11-09-19/NIT/2,76.91764562758887,17.86121639611501,169.71567654454358
10012/11A/11-09-19/NIT/3,75.52589673019524,17.83352167247228,164.11219902198138
10013/01A/11-10-03/NIT/1,74.61321697861946,17.897567902695247,167.03508744171225
10013/01A/11-10-03/NIT/2,89.02658833867672,21.344466518687376,171.62699261478406
10013/01A/11-10-03/NIT/3,87.9753206085305,20.09631594155547,167.54992305709777
10013/05A/11-10-03/NIT/1,75.81933347148149,17.92052894732644,160.96655524149767
10013/05A/11-10-03/NIT/2,70.9745529007652,18.128172886580142,158.18251270815986
10013/05A/11-10-03/NIT/3,68.8555812502765,17.732253166649926,159.49258830964501
10013/06A/11-10-02/NIT/1,68.02047037016821,17.528531322497077,159.62925428684443
10013/06A/11-10-02/NIT/2,98.49239314263029,24.990873365852128,191.08766041846727
10013/06A/11-10-02/NIT/3,87.34294536602489,20.78042238552921,167.8851852562261
10013/08A/11-10-02/NIT/1,70.97885704865469,17.964480303600208,161.1567307269503
10013/08A/11-10-02/NIT/2,84.70800321179745,19.131426724936055,170.8210711045439
10013/08A/11-10-02/NIT/3,68.25470282575984,17.73081916024491,158.36965341935402
10013/11A/11-10-03/NIT/1,67.71214004601818,17.48918322228578,158.5241952592893
10013/11A/11-10-03/NIT/2,88.6567514474806,20.87865955101066,171.132642008351
10013/11A/11-10-03/NIT/3,63.79632949081998,15.089565288691194,155.7737004182974
10013/12A/11-10-02/NIT/1,65.79138493971114,17.292310730552895,156.38756585823361
10013/12A/11-10-02/NIT/2,70.01078282857817,18.129010012934234,162.1549507262118
10013/12A/11-10-02/NIT/3,67.61599069170147,17.879728196719476,158.2354259694188
10013/13A/11-10-02/NIT/1,69.40961639647732,17.388817377921132,159.27631043877767
10013/13A/11-10-02/NIT/2,83.64972883370976,19.455702645318052,172.02324611915648
10013/13A/11-10-02/NIT/3,71.38714948715028,17.965370795435753,161.90879191444932
10013/19A/11-10-03/NIT/1,70.86500644175692,18.181592706888736,161.93660359383645
10013/19A/11-10-03/NIT/2,92.18455660039008,24.005915318399822,173.77757328276675
10013/19A/11-10-03/NIT/3,89.96636238209906,23.78786924391989,175.4951556657222
10014/01A/11-10-09/NIT/1,89.4953855871006,21.213012650053958,171.5352190127489
10014/01A/11-10-09/NIT/2,77.51281216231766,18.211498736643403,172.26095395032203
10014/01A/11-10-09/NIT/3,75.12164319460776,17.974755358802856,168.817020791286
10014/02A/11-10-09/NIT/1,67.46303102546143,17.328349558342158,160.34672721583158
10014/02A/11-10-09/NIT/2,121.8715190370617,33.52888503184133,244.79355698034465
10014/02A/11-10-09/NIT/3,121.66594266788688,34.58004620905358,243.19460429314765
10014/04A/11-10-18/NIT/1,88.71467519465723,22.071384849949236,171.65676968509365
10014/04A/11-10-18/NIT/2,119.8954911194124,32.98674860923096,243.07913588201362
10014/04A/11-10-18/NIT/3,122.01363828547149,34.9192044038921,244.56929762499462
10014/09A/11-10-15/NIT/1,95.96848254452202,23.982149018605185,173.29624222720483
10014/09A/11-10-15/NIT/2,103.91429423675696,27.879650191122135,206.16637694491916
10014/09A/11-10-15/NIT/3,89.80708514812885,23.30150758098407,176.04295172727834
10014/10A/11-10-15/NIT/1,83.57712046125003,19.177167245485197,172.27585983802504
10014/10A/11-10-15/NIT/2,100.29684991527832,26.426809907214096,194.75336593690596
10014/10A/11-10-15/NIT/3,100.64337076237983,26.233657671502154,193.3546171160227
10014/14A/11-10-18/NIT/1,96.04559538554834,25.15051045952499,184.1208072683876
10014/14A/11-10-18/NIT/2,118.3460714074047,33.08896689439451,235.47748249418407
10014/14A/11-10-18/NIT/3,101.98380478618337,27.335994190126012,198.61765740521426
10014/15A/11-10-15/NIT/1,98.83445397838425,26.09971333957387,192.22530079369105
10014/15A/11-10-15/NIT/2,99.77841091689436,26.0099088405552,191.8000646571846
10014/15A/11-10-15/NIT/3,97.7367122291993,26.047643776162456,190.10783637124425
10014/16A/11-10-15/NIT/1,100.69311617551485,27.105771625092558,198.61521141909316
10014/16A/11-10-15/NIT/2,114.15833467922498,31.84984055593409,228.24301781001344
10014/16A/11-10-15/NIT/3,111.36670590092582,30.812516794849717,223.6912092273183
10015/01B/11-11-19/NIT/1,96.2744931571694,24.746596657689906,174.3637407498422
10015/01B/11-11-19/NIT/2,110.6166918449009,30.398327193829445,220.60151961708172
10015/01B/11-11-19/NIT/3,111.31822025111494,30.89298140249249,223.92304466338499
10015/02A/11-11-19/NIT/1,100.02049715406548,25.668077237158407,191.1212128883777
10015/02A/11-11-19/NIT/2,92.8084611085589,23.392677279992373,173.65969598639006
10015/02A/11-11-19/NIT/3,86.75529693463771,20.49937213813849,169.83627615475316
10015/03A/11-11-21/NIT/1,67.13936642017602,17.787449180150034,157.99355940229177
10015/03A/11-11-21/NIT/2,100.46923390196177,25.967969717523207,191.49320478581828
10015/03A/11-11-21/NIT/3,96.62734342503335,25.70678217187248,186.39940730668607
10015/06A/11-11-19/NIT/1,77.90010782557259,18.90457373852787,171.69468561331647
10015/06A/11-11-19/NIT/2,96.57142274475657,25.031595368487547,174.24868957720392
10015/06A/11-11-19/NIT/3,90.39769808158206,21.717875266310347,168.75622616202335
10015/07A/11-11-20/NIT/1,78.82106497278517,18.673347158788754,170.6770458512623
10015/07A/11-11-20/NIT/2,101.25519319209455,26.40843555518263,197.4037508790958
10015/07A/11-11-20/NIT/3,94.98176990289433,25.23405578357934,182.71706517635053
10015/08A/11-11-21/NIT/1,75.263271723019,17.745065027717967,164.060252355004
10015/08A/11-11-21/NIT/2,110.54746809872954,30.353102984332114,220.2260360118149
10015/08A/11-11-21/NIT/3,96.36963819645244,25.5094820502604,182.34506606218693
10015/09A/11-11-20/NIT/1,71.94451259571336,18.139703800908233,161.52958502929764
10015/09A/11-11-20/NIT/2,103.21441914224873,27.418651616280773,206.26881081097292
10015/09A/11-11-20/NIT/3,84.69910782304864,19.19143183152116,170.68810391533523
10015/10A/11-11-20/NIT/1,85.59433149794542,19.69418881233926,169.31462208291623
10015/10A/11-11-20/NIT/2,101.81973985569486,26.992025374167913,198.92707728958004
10015/10A/11-11-20/NIT/3,96.16023438579737,25.662162035242783,182.68572793997842
10018/01A/11-09-17/NIT/1,71.4224738070266,18.018011330704486,162.4480115664705
10018/01A/11-09-17/NIT/2,100.19983628416085,25.893761275904662,192.50598584434036
10018/01A/11-09-17/NIT/3,95.80723351052255,25.707362794923302,184.84205157619164
10018/03A/11-09-17/NIT/1,68.31945357961774,17.507738993143303,158.81430233133696
10018/03A/11-09-17/NIT/2,100.68474290695664,26.561742918226454,192.5288421034489
10018/03A/11-09-17/NIT/3,113.36996940378184,31.672662055671246,228.9028225901115
10018/04A/11-09-18/NIT/1,85.59550007108544,19.848298858652655,171.1763833117985
10018/04A/11-09-18/NIT/2,100.96439052617684,26.338542474449564,193.5779971835019
10018/04A/11-09-18/NIT/3,97.23655737728386,24.345797284746848,174.22155633915816
10018/07A/11-09-18/NIT/1,92.33237645581828,23.90443770118971,173.7373303008639
10018/07A/11-09-18/NIT/2,99.22943462302779,25.59213107891377,193.60284234783313
10018/07A/11-09-18/NIT/3,98.8171182365551,25.862982044945635,191.89806064937878
10018/09A/11-09-17/NIT/1,65.4475443229714,17.368741381827125,156.30768384742814
10018/09A/11-09-17/NIT/2,94.95338209031944,25.72541137301756,183.0205718535316
10018/09A/11-09-17/NIT/3,96.14009067182768,26.248463119067477,185.537652570167
11001/01A/11-09-23/NIT/1,89.75197687666999,21.841923362268904,172.4396106266261
11001/01A/11-09-23/NIT/2,89.01406422818889,21.884186720699905,171.98799395490136
11001/01A/11-09-23/NIT/3,81.07357965742129,18.861377019842596,173.97012268721988
11001/03A/11-09-23/NIT/1,63.39018784703013,16.221288001399074,151.71172715709392
11001/03A/11-09-23/NIT/2,83.49684813017107,19.144755422714386,171.25271606180635
11001/03A/11-09-23/NIT/3,66.46970697319561,17.621440585135762,159.3220485826601
11001/06A/11-09-23/NIT/1,89.90495780481407,22.055453120450803,170.2452267553067
11001/06A/11-09-23/NIT/2,77.12944912519849,18.07531070669729,171.515897483997
11001/06A/11-09-23/NIT/3,68.50867847789591,18.170446767347567,161.61482643494156
11003/01A/11-09-09/NIT/1,74.77779981285416,17.444402716268076,164.62522768532776
11003/01A/11-09-09/NIT/2,70.13137301778367,17.703648565989788,160.8641037617483
11003/01A/11-09-09/NIT/3,68.97969367599556,17.56083181453837,157.83743884962038
11003/02A/11-09-22/NIT/1,74.38822691202095,17.767523483973456,162.40524127339668
11003/02A/11-09-22/NIT/3,70.16769377653354,18.13272418053609,160.1096098353719
11003/03A/11-09-09/NIT/1,78.42423763157517,18.137505568148843,171.0221686129175
11003/03A/11-09-09/NIT/2,85.74228275957783,19.632578670479536,170.2408648135135
11003/03A/11-09-09/NIT/3,83.36359671909034,19.169098250161348,170.71938535572394
11003/03B/11-09-09/NIT/1,85.10170999184349,18.979222488493505,170.04837694265296
11010/03A/11-08-25/NIT/3,68.73695035439134,17.716703733372036,157.88265881323477
11010/04A/11-10-19/NIT/1,85.20923418821666,19.16359441381081,169.38161766371965
11010/04A/11-10-19/NIT/2,90.26500150948719,20.147038489600344,169.85049112053213
11010/04A/11-10-19/NIT/3,71.25771874090131,18.44613952554015,157.64643133998513
11010/04B/11-10-19/NIT/1,89.109911257922,21.28489216748598,170.58987519650466
11010/04B/11-10-19/NIT/2,76.40415521241148,17.987951540773683,167.8230192061524
11010/05A/11-08-25/NIT/1,67.96719731857227,18.383419225087184,160.1257447067283
11010/05A/11-08-25/NIT/2,88.87415879349295,20.130923776821273,169.31281949563603
11010/05A/11-08-25/NIT/3,69.48141163988315,17.671953032612873,156.88905284905348
11010/06B/11-08-25/NIT/1,68.55406823227179,17.575365373336766,156.50724811778483
11010/06B/11-08-25/NIT/2,83.28327861340104,18.406162990991692,171.21205354300236
11010/06B/11-08-25/NIT/3,70.41302283909612,18.327295649573625,158.33405980012557
11010/07A/11-08-25/NIT/1,69.07118036269246,17.547033308454846,157.31935632763384
11010/07A/11-08-25/NIT/2,88.38806930235462,20.19651497242032,167.1940535835175
11010/07A/11-08-25/NIT/3,74.63051884520785,18.05713778790832,160.62748692125328
11010/08A/11-08-25/NIT/1,67.9458173931615,18.037243082343597,159.33540274759133
11010/08A/11-08-25/NIT/2,67.98027580999845,17.616008967349753,157.4824501399627
11010/08A/11-08-25/NIT/3,87.90958904618304,20.265694577508462,168.8185308452851
11010/08B/11-08-26/NIT/1,75.61256213560661,18.52694652971306,164.3415217411376
11010/08B/11-08-26/NIT/2,83.43970212949709,19.26513168074415,171.08516860813447
11010/08B/11-08-26/NIT/3,70.85719065097427,17.90932509545696,159.04938407966787
11010/10A/11-08-26/NIT/1,66.49308123436332,17.13912318246694,160.02760250423617
11010/10A/11-08-26/NIT/2,89.6337274772922,20.2843972958444,168.7773683002438
11010/10A/11-08-26/NIT/3,70.47566969678842,18.30839288319819,160.4062161188498
11011/01A/11-11-10/NIT/1,67.13744479058197,17.245345023423273,160.18604555157586
11011/01A/11-11-10/NIT/2,90.37922690200465,20.9832014484836,170.02421944145132
11011/01A/11-11-10/NIT/3,89.9810620351641,21.410085558296796,169.50139121433713
11011/06B/11-11-10/NIT/1,70.9745529007652,18.362768312574236,158.18251270815986
11011/06B/11-11-10/NIT/2,69.46224159108154,18.240791875479697,157.53766508416072
11011/06B/11-11-10/NIT/3,70.85719065097427,17.90932509545696,158.43760090881452
11012/02A/11-08-26/NIT/1,68.67930060855886,17.620606316293415,158.45494382127615
11012/02A/11-08-26/NIT/2,90.01578835923557,21.30113384581783,168.21936872262916
11012/02A/11-08-26/NIT/3,90.27190877688857,21.408849609057928,169.49793175194074
11012/04A/11-09-02/NIT/1,79.14447967048072,18.581958800316126,172.02393213967522
11012/04A/11-09-02/NIT/2,83.55495397139431,18.60091193401945,171.3498504243536
11012/04A/11-09-02/NIT/3,68.28557706954355,17.703349948678028,159.50745671901186
11012/05A/11-08-26/NIT/1,67.48656134279544,17.028243515994635,159.1898508196198
11012/05A/11-08-26/NIT/2,76.10775187570569,18.43208468569011,166.6148640456236
11012/05B/11-08-26/NIT/1,70.00535083112383,17.928444304130185,160.46135891254787
11012/05B/11-08-26/NIT/2,90.77883911373935,20.941967660937692,170.04483746694396
11012/05B/11-08-26/NIT/3,77.19844227146132,18.153891049563047,168.72294275586188
11012/06A/11-09-02/NIT/1,76.73509775759238,18.119095610002837,168.33698199754124
11012/06A/11-09-02/NIT/2,89.43750708207023,21.367830253539427,171.6942449106695
11012/06A/11-09-02/NIT/3,88.13994413921013,20.121338145512656,167.1940535835175
11012/07A/11-09-02/NIT/1,83.16069874649334,19.279408212499515,171.64270222262783
11012/07A/11-09-02/NIT/2,89.82320195755936,21.60124003262845,170.6483600976754
11012/07A/11-09-02/NIT/3,83.82941074401458,19.332294564406936,170.17703693826775
11012/10A/11-09-02/NIT/1,68.067545301987,18.275047576982136,159.36300634014256
11012/10A/11-09-02/NIT/2,79.79565718199204,18.48086289690725,171.3999721563332
11012/10A/11-09-02/NIT/3,70.9661632502441,18.10896266623013,158.24054746298398
11012/12A/11-09-02/NIT/1,68.86060797741793,17.430135690849603,158.47850222956146
11012/12A/11-09-02/NIT/2,89.70519925975603,21.15962426027748,169.87589788206404
11012/12A/11-09-02/NIT/3,84.20223505492596,19.301410775336276,172.52752895996883
11014/01A/11-10-19/NIT/1,68.11827641581608,18.229370365466806,159.7086462116843
11014/01A/11-10-19/NIT/2,86.0282091971949,19.508266153649775,169.38370740937998
11014/01A/11-10-19/NIT/3,75.07594781536997,18.694791237047877,160.8033294248774
11014/02A/11-10-19/NIT/1,68.02047037016821,17.698640924737845,158.23961300617665
11014/02A/11-10-19/NIT/2,89.81726142981891,22.68972312169784,174.99608664238244
11014/02A/11-10-19/NIT/3,75.66306218820749,18.064297667120403,166.32259021730778
11014/04A/11-11-02/NIT/1,67.98838558727392,17.553917527879666,157.39693364675716
11014/04A/11-11-02/NIT/2,89.87125763947822,21.058412091083053,170.02421944145132
11014/04A/11-11-02/NIT/3,89.01341083417772,21.323855498655153,170.8119683119966
11014/06A/11-10-19/NIT/1,72.09999847248372,18.13281659290077,158.57759345342637
11014/06A/11-10-19/NIT/2,72.08209087868904,18.0977720319227,158.65791548612233
11014/06A/11-10-19/NIT/3,70.94938105437073,18.16942791258715,157.59649444804447
11014/08A/11-11-02/NIT/1,68.63240952401874,17.96133259052189,158.1372145855836
11014/08A/11-11-02/NIT/2,89.45425409287007,21.393987222529756,168.75148008109937
11014/08A/11-11-02/NIT/3,90.56494752672155,22.907893255002758,173.35787841809773
11014/08B/11-11-02/NIT/1,68.81896026325434,17.653088784000634,159.00336180020005
11014/08B/11-11-02/NIT/2,88.5907128058319,19.548964823167783,168.3203159537396
11014/08B/11-11-02/NIT/3,75.98798994413794,18.117795215168705,165.07573950184818
11015/01A/11-10-13/NIT/1,69.45394920183189,17.780501127517006,156.97129158279492
11015/01A/11-10-13/NIT/2,83.12144389419166,19.209985768044085,171.19746217028077
11015/01A/11-10-13/NIT/3,80.63419739498545,18.569576880645606,172.69939373383335
11015/01B/11-10-13/NIT/1,79.9412621815152,18.4665719081853,172.6810913518157
11015/01B/11-10-13/NIT/2,72.68791723174584,18.0977720319227,158.65791548612233
11015/01B/11-10-13/NIT/3,91.65579155578732,23.770232665942498,172.8004301361818
11015/01C/11-10-13/NIT/1,88.47362546188994,19.857813848434684,168.00210005921033
11015/01C/11-10-13/NIT/2,68.12649034969412,17.618325572065622,155.1862596550479
11015/01C/11-10-13/NIT/3,90.16244398582126,23.67625871746274,174.5845473192206
11015/02A/11-10-27/NIT/1,89.01293021498459,21.219032882932716,170.38359932381167
11015/02A/11-10-27/NIT/2,83.82941074401458,19.332294564406936,171.42120707969767
11015/02A/11-10-27/NIT/3,98.93745425161322,25.936718262184844,192.97989840635162
11015/03A/11-09-08/NIT/1,88.84808534740141,21.345664543690628,171.65370778372974
11015/03A/11-09-08/NIT/2,77.12432775393124,18.547767185140287,168.10956752140848
11015/03A/11-09-08/NIT/3,97.27182771371959,25.817493623781214,188.2349621359161
11015/03B/11-09-08/NIT/1,89.96636238209906,23.73623618253878,174.95703898084332
11015/03B/11-09-08/NIT/2,76.27492942299587,18.392558951468725,166.66463252964869
11015/03B/11-09-08/NIT/3,95.48658246449303,24.361124729101526,176.56765005964303
11015/04A/11-10-27/NIT/1,89.24819241282675,21.213292662170492,170.5779456702235
11015/04A/11-10-27/NIT/2,78.14434471758317,18.719110020151913,168.80949124663144
11015/04A/11-10-27/NIT/3,95.19311626467159,24.720956466232582,175.0482890449741
11015/05A/11-11-09/NIT/1,89.933895568576,22.580949417251073,175.35935879234856
11015/05A/11-11-09/NIT/2,90.38360120816733,21.34105604505908,170.10460938620955
11015/05A/11-11-09/NIT/3,91.53139181223334,23.550616314299337,173.1078680433347
11015/05B/11-11-09/NIT/1,88.77756300168328,20.08775555668377,167.7534180696969
11015/05B/11-11-09/NIT/2,68.58394938899643,17.600138994593376,158.00961982423524
11015/05B/11-11-09/NIT/3,83.15395377671658,18.815563518588096,172.77911433487074
11015/05C/11-11-09/NIT/1,73.81811587112752,18.463965887080573,160.99354577942663
11015/05C/11-11-09/NIT/2,67.25321428940994,17.814593916347054,158.35505658692736
11015/05C/11-11-09/NIT/3,78.3403830512566,18.25670885252354,169.20365204448947
11015/07A/11-09-08/NIT/1,70.0093934625272,18.162479644392906,160.96144505036946
11015/07A/11-09-08/NIT/2,67.14324554553838,17.19270299173229,160.23325169535914
11015/07A/11-09-08/NIT/3,83.26903856098475,19.28313471253348,172.31621724765452
11015/07B/11-09-08/NIT/1,82.63688138606832,19.177484925654564,172.5424519547977
11015/07B/11-09-08/NIT/2,69.05477762640604,17.473692462647396,158.0115117013203
11015/07B/11-09-08/NIT/3,90.30374511754188,23.187308597244343,176.29214786211477
11015/07C/11-09-08/NIT/1,89.45970412927414,20.325884518503702,167.5297436853256
11015/07C/11-09-08/NIT/2,75.57568203326706,18.80459895536976,165.09201627790642
11015/07C/11-09-08/NIT/3,98.01367443438001,25.605389281203767,182.0827915097
11015/08A/11-09-23/NIT/1,76.31595280721837,18.23534645191908,169.52943132984413
11015/08A/11-09-23/NIT/2,67.96719731857227,18.339963670020392,160.1257447067283
11015/08A/11-09-23/NIT/3,97.93922876406684,25.31929225956451,179.24617503679923
11015/08B/11-09-23/NIT/1,90.20988702435137,22.303613790030322,168.99906572562637
11015/08B/11-09-23/NIT/2,85.29935310096735,18.57563940184264,170.8408933201244
11015/08B/11-09-23/NIT/3,90.16244398582126,23.754670712972956,174.5845473192206
11015/09B/11-10-27/NIT/1,80.13422487639764,18.733723267901578,172.15822639333052
11015/09B/11-10-27/NIT/2,68.42986617748626,17.568703324357696,158.79293111829563
11015/09B/11-10-27/NIT/3,94.9520691953026,24.475442336211135,183.06664377671203
11015/09C/11-10-27/NIT/1,89.89888259065579,22.744692145092905,175.55099591773322
11015/09C/11-10-27/NIT/2,77.10970805199322,18.458048067658705,168.173503210929
11015/09C/11-10-27/NIT/3,67.7962863530545,18.04200899666805,159.8630924779641
11017/01A/11-08-17/NIT/1,66.91448397775373,17.36062323670308,160.0159247452191
11017/01A/11-08-17/NIT/2,67.46377229180369,17.158451209787277,160.2565312128057
11017/01A/11-08-17/NIT/3,79.75190261524405,18.554020269518258,171.38337059717796
11017/01B/11-08-17/NIT/1,80.37124728183848,18.569434756885332,172.94533100522509
11017/01B/11-08-17/NIT/2,68.48325369983654,17.65040457168699,160.08779967987704
11017/01B/11-08-17/NIT/3,71.0188491921529,18.353605014726565,158.33405980012557
11017/02A/11-08-17/NIT/1,67.9338368865546,18.155565294110648,156.78693053548645
11017/02A/11-08-17/NIT/2,67.9458173931615,18.133101404290525,159.33540274759133
11017/02A/11-08-17/NIT/3,70.0067401971748,18.07909031281937,159.3511995508742
11017/02B/11-10-13/NIT/1,71.47926439404908,17.79231173206932,159.60952369755034
11017/02B/11-10-13/NIT/2,69.20644368122295,17.65458767916957,157.42824959761498
11017/02B/11-10-13/NIT/3,81.71358470918922,19.177101873908107,173.32197446069216
11017/03A/11-10-13/NIT/1,89.03693787359477,20.06548363333391,169.85049112053213
11017/03A/11-10-13/NIT/2,86.58157753274361,19.59205094553192,168.94999804996732
11017/03A/11-10-13/NIT/3,82.97008247782132,19.41684685173755,173.06379349054487
11017/07A/11-08-18/NIT/1,72.60506802021864,18.17359423579171,158.60931229907985
11017/07A/11-08-18/NIT/2,68.6257021914595,17.669000682812122,157.61029915565499
11017/07A/11-08-18/NIT/3,79.93012942012143,18.436760314940972,171.56071307643583
11017/12A/11-08-17/NIT/1,76.42672629863749,17.908286448056348,167.63128162031805
11017/12A/11-08-17/NIT/2,67.32028955345162,16.94271964364528,160.3523394715287
11017/12A/11-08-17/NIT/3,75.30004799279963,18.771403056043855,161.68720553151155
11017/12B/11-08-17/NIT/1,69.64369231162196,17.671860960639794,156.30397670258733
11017/12B/11-08-17/NIT/2,67.27594575810868,17.005891133193433,159.90844942300643
11017/12B/11-08-17/NIT/3,84.95129535484615,19.763732778047306,170.1044169606101
11017/15A/11-08-18/NIT/1,69.11868864275182,17.606950407400635,157.40123538108398
11017/15A/11-08-18/NIT/2,68.80861002926105,17.571252029083364,159.94336253581292
11017/15A/11-08-18/NIT/3,88.8030084186155,20.146256031927283,168.76938115583576
11017/15B/11-08-18/NIT/1,70.19391910110947,18.14629096210332,159.72042815299884
11017/15B/11-08-18/NIT/2,69.50359118376187,17.587282584515744,159.13126414118494
11017/15B/11-08-18/NIT/3,89.74288260221026,21.794021145887193,168.27353278514963
11017/16A/11-08-18/NIT/1,71.37454129086677,18.439234299247623,158.7493788691886
11017/16A/11-08-18/NIT/2,69.1173957760304,17.56113681331959,159.66092213745884
11017/16A/11-08-18/NIT/3,77.03255265169427,17.97034603242213,167.02592124885092
11018/01A/11-11-09/NIT/1,82.61891599126697,19.301410775336276,172.52752895996883
11018/01A/11-11-09/NIT/2,66.69248461355713,17.66401186536304,159.13430995112472
11018/01A/11-11-09/NIT/3,69.26662632822006,17.816859706434606,158.30222246668788
12003/01A/11-10-04/NIT/1,69.79160198978374,17.844997757969868,158.6389307998683
12003/01A/11-10-04/NIT/2,69.1770537983697,17.439931707691525,157.98521998091027
12003/01A/11-10-04/NIT/3,69.26662632822006,17.899240784582993,158.30222246668788
12003/02A/11-10-04/NIT/1,76.90399707868836,17.951927905002606,168.77003508991538
12003/02A/11-10-04/NIT/3,71.29536704084899,18.41403955832126,158.262190873114
12003/04A/11-10-04/NIT/1,76.39263570369148,18.14297428164649,165.78113762376321
12003/04A/11-10-04/NIT/2,80.16727906360609,18.206007577763746,172.64783288795618
12003/04A/11-10-04/NIT/3,75.63572607249755,18.493304829670993,164.6208129256619
12003/06A/11-10-04/NIT/1,76.52321281277828,18.136416661268296,167.99963482389344
12003/06A/11-10-04/NIT/2,78.28800742214177,18.377889025417183,170.3181882685457
12003/06A/11-10-04/NIT/3,75.92803562132734,17.925832499652692,165.86436950885476
12003/07A/11-10-04/NIT/1,71.5027890180386,18.27871421521031,159.19342202331026
12003/07A/11-10-04/NIT/2,71.4651630684665,18.13063563849232,158.97244589529723
12003/07A/11-10-04/NIT/3,67.84516639890322,18.03599354585221,159.53427073511713
12003/08A/11-10-04/NIT/1,72.56623248666789,18.23907890518653,157.5929073844761
12003/08A/11-10-04/NIT/2,77.48993569930408,18.008172067170758,169.28399788130432
12003/08A/11-10-04/NIT/3,75.07594781536997,18.59576819065193,160.8033294248774
12003/09A/11-10-04/NIT/1,83.20152991614749,18.475560882993943,171.21205354300236
12003/09A/11-10-04/NIT/2,83.55495397139431,18.802172876517023,171.3498504243536
12003/09A/11-10-04/NIT/3,88.81619846812002,19.77153432000343,169.42249954507233
12003/11A/11-10-04/NIT/1,90.15263224664342,22.37585911486683,166.80827608064277
12003/11A/11-10-04/NIT/2,89.0451729451069,21.48876107209142,170.57482515102072
12003/11A/11-10-04/NIT/3,88.8423158037344,21.404732863275264,170.90810608728972
12004/04A/11-09-26/NIT/1,89.24076618316023,21.35230779605313,170.3238868944596
12004/04A/11-09-26/NIT/2,83.10204622294965,19.2541894490442,172.4668894889181
12004/04A/11-09-26/NIT/3,89.76558142623546,21.528312301351423,169.10783915713213
12004/07A/11-09-26/NIT/1,78.41246363998171,18.359555060341687,170.01622265254775
12004/07A/11-09-26/NIT/2,82.99403994440661,18.590348985153383,171.10982865969507
12004/07A/11-09-26/NIT/3,83.47598668876776,18.714984321185593,171.28341019834644
12004/18A/11-09-26/NIT/1,74.3701561390941,17.828783382448027,161.08392948421582
12004/18A/11-09-26/NIT/2,66.49159709909712,17.628660409019655,157.7806513029364
12004/18A/11-09-26/NIT/3,68.58821870922667,17.675048142362282,159.5109065370208
12004/21A/11-09-26/NIT/1,76.2053351022792,18.347258318841757,166.06741375021213
12004/21A/11-09-26/NIT/2,79.88609364296,18.485635737750375,172.75731179806695
12004/21A/11-09-26/NIT/3,74.82671375980742,18.75461981910825,161.28895791092305
12004/24A/11-09-26/NIT/1,88.90667195024388,20.75383206085181,167.03802721867706
12004/24A/11-09-26/NIT/2,89.61557425920923,22.20896027491613,172.94514710778034
12004/24A/11-09-26/NIT/3,90.04254673342709,23.559286986447592,174.20712784760556
12007/01A/11-08-16/NIT/1,89.29522085572492,22.68803080192859,172.05362149078337
12007/01A/11-08-16/NIT/2,89.21136783716257,21.973613618516357,172.54101755596525
12007/01A/11-08-16/NIT/3,67.50850437535091,17.93994645471129,158.94338835475924
12007/03A/11-08-16/NIT/1,62.701577428158984,15.963759820089626,152.0047895090871
12007/03A/11-08-16/NIT/2,66.79868693530973,17.037825866659237,158.62726252875692
12007/03A/11-08-16/NIT/3,67.19216130309022,16.864839177047397,158.82862663062056
12007/04A/11-08-15/NIT/1,72.78973249253418,18.072758250114273,158.6685852958289
12007/04A/11-08-15/NIT/2,69.26662632822006,18.189733532934902,158.30222246668788
12007/04A/11-08-15/NIT/3,71.25848693850942,18.614111373077986,159.01268540988283
12007/05A/11-08-15/NIT/1,72.68791723174584,18.366891848478335,158.65791548612233
12007/05A/11-08-15/NIT/2,73.4710003188071,18.54123847599914,160.22234555966827
12007/05A/11-08-15/NIT/3,79.53597670044219,18.69017514388459,171.42725669341874
12007/06A/11-08-15/NIT/1,80.0646631915074,18.74382307861193,171.3241900464223
12007/06A/11-08-15/NIT/2,76.45085959284621,18.398762830344776,166.68173169568016
12007/06A/11-08-15/NIT/3,78.60691247635931,18.60900813408959,170.0096263891388
12007/09A/11-08-15/NIT/1,87.81869859360506,20.845144866956954,167.66537808333376
12007/09A/11-08-15/NIT/2,87.39907898749063,20.82012266299977,167.79383308078124
12007/09A/11-08-15/NIT/3,84.21007436734165,19.876738524490868,169.98833343152313
12007/11B/11-09-14/NIT/1,75.78941905186505,18.41775545234859,161.45485775977372
12007/11B/11-09-14/NIT/2,71.18265577440307,18.378570745391567,159.40682933848947
12007/11B/11-09-14/NIT/3,73.05356068415644,18.488620848930882,160.1197279936752
12008/01B/11-09-07/NIT/1,82.87536734872553,19.061891134270954,171.17526896139097
12008/01B/11-09-07/NIT/2,96.2744931571694,24.785291916324994,174.3637407498422
12008/01B/11-09-07/NIT/3,95.64466638385775,24.840187724514646,183.31650563186665
12008/02A/11-08-16/NIT/1,89.43297983740676,22.68111516503046,172.03187866099844
12008/02A/11-08-16/NIT/2,73.97682073676812,18.172774483081877,160.55481009409155
12008/02A/11-08-16/NIT/3,68.72394482470969,17.63181176025215,159.2906187590379
12008/03A/11-08-16/NIT/1,72.46402319520884,17.949023404698327,161.2724877974466
12008/03A/11-08-16/NIT/2,73.63709077845566,18.268586940850074,160.77756961210386
12008/03A/11-08-16/NIT/3,70.0067401971748,17.784488918105897,159.3511995508742
12008/04A/11-08-16/NIT/1,70.60364845822612,18.118869175274416,160.56193917248592
12008/04A/11-08-16/NIT/2,73.44108589919067,17.96698933368455,159.96015354117546
12008/04A/11-08-16/NIT/3,70.45806611088251,18.024948530641613,160.66639427908362
12008/06A/11-08-17/NIT/1,71.41292393882334,17.987554190160324,160.33719353954254
12008/06A/11-08-17/NIT/2,83.40273063793093,19.4097693707817,171.1811853150392
12008/06A/11-08-17/NIT/3,74.77552719143229,18.389469692011463,161.28895791092305
12008/07A/11-08-17/NIT/1,67.7962863530545,18.280716341210983,162.16675751548016
12008/07A/11-08-17/NIT/2,67.79960107017244,17.845543461351706,158.44660505747703
12008/07A/11-08-17/NIT/3,68.62320050194364,17.7342413318533,159.73170443611508
12009/02A/11-08-18/NIT/1,70.32633212386776,17.840090425201844,160.5815686497292
12009/02A/11-08-18/NIT/2,89.30203681931313,21.327566424437766,171.0969057303213
12009/02A/11-08-18/NIT/3,83.70826763652485,19.326334319836594,172.25557777660376
12009/02B/11-08-18/NIT/1,82.68762001373176,19.20666165527719,172.96029581000673
12009/02B/11-08-18/NIT/2,85.20923418821666,19.554929397325385,169.38161766371965
12009/02B/11-08-18/NIT/3,76.94959434884687,18.05803465434733,168.41663025833665
12009/03A/11-08-18/NIT/1,76.79338520875034,17.8975306071785,167.8230192061524
12009/03A/11-08-18/NIT/2,89.9027189886486,22.797092294037565,170.97903760968623
12009/03A/11-08-18/NIT/3,76.57811089118503,18.39276693698643,165.826234038617
12009/04A/11-08-18/NIT/1,75.0390677130304,18.76396360304963,161.55382396164623
12009/04A/11-08-18/NIT/2,81.42966390211066,19.069220773170972,173.06379349054487
12009/04A/11-08-18/NIT/3,72.22160391044004,18.334694650336818,158.24048221066525
12009/10A/11-08-17/NIT/1,76.57811089118503,18.39276693698643,165.826234038617
12009/10A/11-08-17/NIT/2,89.1090432805454,21.53782897875092,171.91989012954113
12009/10A/11-08-17/NIT/3,84.28134440990807,19.57112931881797,169.7273724841224
12009/11A/11-08-17/NIT/1,80.11897552330441,18.615310843981693,171.1725576802004
12009/11A/11-08-17/NIT/2,85.94487729908688,19.36620908871436,169.4303187389073
12009/11A/11-08-17/NIT/3,76.94842117583866,18.06824072807766,168.50784307142257
12009/12A/11-08-18/NIT/1,77.61793410105285,18.280561714998466,169.25144311805252
12009/12A/11-08-18/NIT/2,89.62285250988505,21.185747081762674,170.45932271934558
12009/12A/11-08-18/NIT/3,70.16365114513015,17.788203085707753,160.6523523635059
12009/14A/11-09-14/NIT/1,67.96719731857227,18.241032178219413,160.1257447067283
12009/14A/11-09-14/NIT/2,71.32580306798731,18.6462060764539,159.71376018252423
12009/14A/11-09-14/NIT/3,70.14332049510487,17.46666861991182,157.16535196671435
12010/01A/11-10-05/NIT/1,69.05487560908311,17.780815725831754,156.56431511718162
12010/01A/11-10-05/NIT/2,71.11770019434944,18.357687651336544,159.3196162539176
12010/01A/11-10-05/NIT/3,71.33861105070959,18.44708033824384,159.25110628485336
12010/02A/11-10-05/NIT/1,71.46301700403106,18.10459644296527,159.04938407966787
12010/02A/11-10-05/NIT/2,68.28690461074139,17.878396421573765,159.2529393835739
12010/02A/11-10-05/NIT/3,71.29210603851327,18.45046238597806,158.7867318509037
12010/02B/11-10-05/NIT/1,71.46301700403106,18.404276770698086,159.04938407966787
12010/02B/11-10-05/NIT/2,71.16889212003194,18.36977591655202,159.4554360358481
12010/02B/11-10-05/NIT/3,76.05297870032061,18.51410620701785,164.3415217411376
12010/03A/11-10-05/NIT/1,74.76201903640803,18.431293183380628,160.25769119313028
12010/03A/11-10-05/NIT/2,74.89041655434244,18.48035874169459,160.88977435971972
12010/03A/11-10-05/NIT/3,75.47706676688026,18.531351886680955,164.60371375963044
12010/05A/11-10-05/NIT/1,78.35391907716827,18.377889025417183,170.3181882685457
12010/05A/11-10-05/NIT/2,89.96699765274816,23.730084187458022,175.42229093630843
12010/05A/11-10-05/NIT/3,89.95096849891733,23.50447985341111,174.69605581678636
12010/07A/11-10-05/NIT/1,84.8764012125372,19.311502384662976,169.6901051440361
12010/07A/11-10-05/NIT/2,71.5815416249635,18.580622804082775,158.53021209064943
12010/07A/11-10-05/NIT/3,75.36238220677852,18.471438825960508,164.35862090716907
12010/08A/11-10-05/NIT/1,75.3079049011847,18.48364744532623,163.93711873297175
12010/08A/11-10-05/NIT/2,71.80864515701984,18.508030780642745,159.04938407966787
12010/08A/11-10-05/NIT/3,72.64771400911847,18.04420190198491,158.24048221066525
12011/01C/11-10-16/NIT/1,76.44715805846751,17.824953717835488,166.85491318226553
12011/01C/11-10-16/NIT/2,71.25848693850942,18.128172886580142,158.18251270815986
12011/01C/11-10-16/NIT/3,72.68791723174584,17.98470737192515,158.65791548612233
12011/02A/11-10-16/NIT/1,69.6678181801338,17.74163597246144,159.58906735098807
12011/02A/11-10-16/NIT/2,78.47203002257945,18.54630649486157,171.9565081601644
12011/02A/11-10-16/NIT/3,76.11001683900916,18.251828059174837,168.14585753013225
12011/08A/11-10-16/NIT/1,73.58033334526979,18.42085501313044,159.6561489246485
12011/08A/11-10-16/NIT/2,72.36362239385575,18.36325099846618,158.6685852958289
12011/08A/11-10-16/NIT/3,75.85678378572102,18.032217017108827,164.3884583761606
12011/09A/11-10-16/NIT/1,67.9473654502983,17.826510956815746,159.4459939829201
12011/09A/11-10-16/NIT/2,68.61512886832934,17.795630048958433,159.42420377854845
12011/09A/11-10-16/NIT/3,76.05297870032061,18.964915794085005,165.09201627790642
12011/12A/11-10-16/NIT/1,86.6966242145586,20.07752333752518,165.84099964428148
12011/12A/11-10-16/NIT/2,79.29332249561813,18.39239169074932,173.08926988895288
12011/12A/11-10-16/NIT/3,86.52341587634275,19.696843146145703,169.30638422843307
12011/14A/11-10-16/NIT/1,83.85887460613556,18.63170924343686,170.36642420051598
12011/14A/11-10-16/NIT/2,88.60112731302966,20.095069372297818,167.8498699232023
12011/14A/11-10-16/NIT/3,83.95050653184366,18.86798537206526,171.32026939415235
12011/15A/11-10-16/NIT/1,79.80880546886023,18.265932548333545,172.13854345083365
12011/15A/11-10-16/NIT/2,77.03255265169427,18.185938873713038,169.35479291004125
12011/15A/11-10-16/NIT/3,83.50792050912362,19.109595025059665,171.93585150698115
12012/01A/11-10-14/NIT/1,83.64109599028588,19.124881225053706,172.42063038943675
12012/01A/11-10-14/NIT/2,77.04172189787003,18.52985455598372,171.01872295143912
12012/01A/11-10-14/NIT/3,70.34864660699955,17.963501580979038,160.66454026552597
12012/02A/11-10-14/NIT/1,70.08228351933481,18.09116451693811,160.6734800050871
12012/02A/11-10-14/NIT/2,78.3634570769002,18.668789647947722,172.82516432176
12012/02A/11-10-14/NIT/3,71.55550008880317,17.966584359287857,159.74696985590435
12012/03A/11-10-14/NIT/1,72.82773655676512,18.17534168267973,159.96015354117546
12012/03A/11-10-14/NIT/2,73.58033334526979,18.528924091352227,159.6561489246485
12012/03A/11-10-14/NIT/3,75.80317704218099,18.14345360711965,169.80976044568524
12012/04A/11-10-14/NIT/1,83.02940366972736,18.850532809988202,173.05763795257207
12012/04A/11-10-14/NIT/2,75.25062060281732,18.35537507825425,161.18866943169567
12012/04A/11-10-14/NIT/3,69.55126406348504,18.20694513247115,159.61683200661386
12012/05A/11-10-14/NIT/1,76.6008097852494,18.28009391836984,169.8793338095475
12012/05A/11-10-14/NIT/2,73.44108589919067,18.039051884753714,159.96015354117546
12012/05A/11-10-14/NIT/3,71.67053537112939,17.85200777079282,159.57511200023347
12012/06A/11-10-14/NIT/1,72.71172296159193,17.76675515032066,159.1839839528594
12012/06A/11-10-14/NIT/2,73.29755085547781,18.034987657211754,160.13597642416474
12012/06A/11-10-14/NIT/3,76.06577287839028,18.241550330795132,169.5465304958756
12014/01A/11-09-21/NIT/1,83.31638505485945,18.980908760309415,172.40282641439762
12014/01A/11-09-21/NIT/2,85.76312838167841,18.99821432370059,168.6411765422808
12014/01A/11-09-21/NIT/3,88.64533928826334,20.41446439705841,167.84459486046583
12014/02A/11-10-14/NIT/1,78.68037718607265,18.356681020603833,170.3181882685457
12014/02A/11-10-14/NIT/2,84.26566541640648,18.656090311319918,172.58437320023594
12014/02A/11-10-14/NIT/3,80.7276198103593,18.241790881504226,173.20752302371787
12014/03A/11-10-16/NIT/1,72.25848401277959,18.057042224680128,157.48998767389642
12014/03A/11-10-16/NIT/2,76.37784219939974,17.87512730805793,166.00458238993687
12014/03A/11-10-16/NIT/3,71.29536704084899,18.41403955832126,157.43201817139104
12014/06A/11-09-21/NIT/1,69.34481469976572,18.156317474100366,158.60600862037697
12014/06A/11-09-21/NIT/2,75.36238220677852,18.471438825960508,164.35862090716907
12014/06A/11-09-21/NIT/3,74.61262772481719,18.448849370219243,162.365208738561
12014/07B/11-10-01/NIT/1,74.21408417442858,18.51102573302263,159.9880192537726
12014/07B/11-10-01/NIT/2,70.7327846976528,18.40793065039568,158.2082776188978
12014/07B/11-10-01/NIT/3,71.18373145907434,18.396420423121516,158.3850700234793
12014/13A/11-10-01/NIT/1,83.17881478846977,19.609424805270336,172.1842211212597
12014/13A/11-10-01/NIT/2,83.07269420107376,19.05188895036349,171.09523728697351
12014/13A/11-10-01/NIT/3,84.03263387210446,19.099540510951535,171.24611712950386
12014/14B/11-10-01/NIT/1,72.22160391044004,18.334694650336818,158.24048221066525
12014/14B/11-10-01/NIT/2,79.98766841246324,18.275273764073706,173.61138927029597
12014/14B/11-10-01/NIT/3,85.67179053388853,18.85796701677639,170.6534874465702
12016/01A/11-08-17/NIT/1,90.10426121145225,22.677676819838002,175.08738637795497
12016/01A/11-08-17/NIT/2,88.60015966659142,20.736867678888295,169.9426227775039
12016/01A/11-08-17/NIT/3,83.96266738597734,19.010153326775864,172.26804640046603
12016/04A/11-08-16/NIT/1,85.05876690808928,19.227995803543944,169.08031403881117
12016/04A/11-08-16/NIT/2,88.82281957619706,20.67076036169458,170.56210251996927
12016/04A/11-08-16/NIT/3,69.59737516369087,18.282825142815263,162.80531642398006
12016/05A/11-08-16/NIT/1,86.99931084725019,19.85690689838285,169.2357098272257
12016/05A/11-08-16/NIT/2,83.82941074401458,19.332294564406936,171.42120707969767
12016/05A/11-08-16/NIT/3,83.55773538602132,19.206943513381425,171.28341019834644
12016/09A/11-08-18/NIT/1,91.10157424910368,23.36404695359182,174.53181403779953
12016/09A/11-08-18/NIT/2,89.61367155813882,20.881943884048223,169.82129077506053
12016/09A/11-08-18/NIT/3,89.72740282684245,20.87035092247553,169.57480531202205
12016/10A/11-08-19/NIT/1,75.07594781536997,18.518187579751963,160.8033294248774
12016/10A/11-08-19/NIT/2,90.28393604449,23.823303705567216,174.99976902865143
12016/10A/11-08-19/NIT/3,89.06728837254515,21.257369442139847,172.09116998169966
12016/11A/11-08-17/NIT/1,89.55355303524699,20.12997989051305,168.23126447095686
12016/11A/11-08-17/NIT/2,101.30361814973358,27.056572034429163,197.65983384556952
12016/11A/11-08-17/NIT/3,94.865754803766,24.87793718244013,183.34626122098317
12016/12A/11-08-17/NIT/1,91.66544545954953,22.819955788793646,175.70533946387727
12016/12A/11-08-17/NIT/2,92.93576616056559,23.5843067336099,173.92157518742047
12016/12A/11-08-17/NIT/3,88.96733115279072,21.213881999057346,170.89107123865998
12016/13A/11-08-19/NIT/1,79.56522067814255,18.48546533963356,171.64556261567077
12016/13A/11-08-19/NIT/2,93.14770997744294,23.6173584613498,173.0356146002433
12016/13A/11-08-19/NIT/3,84.95129535484615,19.763732778047306,170.1044169606101
12016/15A/11-08-18/NIT/1,89.80416369029406,21.441481946105522,170.9603953321927
12016/15A/11-08-18/NIT/2,83.812354867476,19.344610382639384,172.4668894889181
12016/15A/11-08-18/NIT/3,69.42848896263105,17.388055459445557,156.71778845407894
12017/02A/11-09-28/NIT/1,71.41082915925803,18.149871815136315,159.31758739631562
12017/02A/11-09-28/NIT/2,88.55070090663558,19.661239510677134,169.81109395329165
12017/02A/11-09-28/NIT/3,95.51394008876706,22.422499485791906,184.605290363507
12017/03A/11-09-28/NIT/1,95.8103100694373,23.299866214197813,184.44059776894582
12017/03A/11-09-28/NIT/2,82.86599524687016,19.39857078893476,172.85248177823055
12017/03A/11-09-28/NIT/3,89.96739952810218,20.251205958793886,168.91127475420464
12017/06A/11-09-28/NIT/1,89.43878837532218,21.457236814339947,169.54244529994415
12017/06A/11-09-28/NIT/2,76.55919117949979,17.93006190129212,168.50784307142257
12017/06A/11-09-28/NIT/3,88.98905383505418,20.005987018837644,168.450357951685
12017/07A/11-09-28/NIT/1,89.82042202432645,21.32906046054211,168.84572345418704
12017/07A/11-09-28/NIT/2,89.4617809781188,20.222415566124443,169.36266419900826
12017/07A/11-09-28/NIT/3,89.16882411047366,20.558401858950386,168.25451193666478
12017/08A/11-09-28/NIT/1,79.44750947690405,18.27790286845937,173.88020124810734
12017/08A/11-09-28/NIT/2,84.60194443991693,18.781380696773066,169.61874848869203
12017/08A/11-09-28/NIT/3,89.6025886878002,20.124574876173934,168.79461114962206
12018/01A/11-10-13/NIT/1,89.82270729355129,21.833410883496132,168.8618240869037
12018/01A/11-10-13/NIT/2,83.35849579864468,18.81908892764672,171.77079889414816
12018/01A/11-10-13/NIT/3,90.01576528034006,22.551513346699213,174.21012871246452
12018/02A/11-10-13/NIT/1,96.73038027485988,24.918522691035896,172.22191888600233
12018/02A/11-10-13/NIT/2,76.73117132662198,17.969117510615735,167.81039861623992
12018/02A/11-10-13/NIT/3,75.29904220725983,18.121258823845043,160.92804707184328
12018/03A/11-10-13/NIT/1,90.16312645456229,20.670402619566314,180.17216376574473
12018/03A/11-10-13/NIT/2,75.96139986008244,17.967075139542157,168.04814534796546
12018/03A/11-10-13/NIT/3,77.28603064808907,17.937732585454192,168.4326549863758
12018/03B/11-10-13/NIT/1,73.74489743384056,18.501232828769897,160.0607741980492
12018/03B/11-10-13/NIT/2,77.623811186088,18.136475081335615,168.72993419209882
12018/03B/11-10-13/NIT/3,76.95532418386928,17.840369264466066,169.10654847083626
12018/06A/11-10-13/NIT/1,67.83128489300543,17.76310726357896,156.74110201460704
12018/06A/11-10-13/NIT/2,88.69311101996847,19.996090917803112,169.6819078660354
12018/06A/11-10-13/NIT/3,83.9715101275002,19.10941232206339,170.0074216875981
13001/01A/11-09-07/NIT/1,74.10864828259731,17.778864951073626,160.5895798631323
13001/01A/11-09-07/NIT/2,100.85047164866431,26.987140339515996,197.64255946046063
13001/01A/11-09-07/NIT/3,94.9520561282745,25.397387328691376,182.03690975893164
13001/02A/11-09-05/NIT/1,76.3672751100719,18.425899155289848,168.57351374292122
13001/02A/11-09-05/NIT/2,100.97016766425848,26.05124074687145,196.06622758922603
13001/02A/11-09-05/NIT/3,97.48458046739675,25.918603985405003,191.13205973881364
13001/03A/11-09-07/NIT/1,79.0209459108378,18.611704648881048,171.19261292192812
13001/03A/11-09-07/NIT/2,95.25539034344551,25.369836374569886,183.38549580096785
13001/03A/11-09-07/NIT/3,89.87478414758931,23.603017053992083,175.44596695002411
13001/06A/11-09-05/NIT/1,77.48494310833611,18.365672424658786,168.21588241070586
13001/06A/11-09-05/NIT/2,95.39089683413978,25.12828308403815,183.03153394408108
13001/06A/11-09-05/NIT/3,89.6617451548124,21.829537931218102,171.81511228239188
13001/08A/11-09-07/NIT/1,71.26763029230973,18.2969659524034,158.88877755941937
13001/08A/11-09-07/NIT/2,98.71551946814397,25.757817840341776,193.6969726093233
13001/08A/11-09-07/NIT/3,95.14059057308033,25.12246298268052,183.6243184621971
13001/09A/11-09-07/NIT/1,67.8787831005185,17.465898732723677,159.11604881030965
13001/09A/11-09-07/NIT/2,102.09229618150194,27.080480536165968,198.09884741683527
13001/09A/11-09-07/NIT/3,94.89665987862999,24.76257312334746,180.95274360822063
13001/10A/11-09-05/NIT/1,74.57016045818895,17.569387807924276,163.03388865447985
13001/10A/11-09-05/NIT/2,99.12394132684871,26.084425884920694,192.19931564657537
13001/10A/11-09-05/NIT/3,84.79152955240359,19.33402110490213,169.79500827064808
13001/11A/11-09-08/NIT/1,68.59927769973426,17.580199557411063,157.79836075035067
13001/11A/11-09-08/NIT/2,99.64065996166534,26.404383992711555,195.19160387493466
13001/11A/11-09-08/NIT/3,98.5410656161763,25.79091038633898,192.2991276543277
13001/12A/11-09-08/NIT/1,76.6982176552528,18.024566030046085,168.10956752140848
13001/12A/11-09-08/NIT/2,99.26964028927124,26.125648155559514,192.64251765483027
13001/12A/11-09-08/NIT/3,94.89648679077551,25.083542027008335,182.67590871281476
13001/13A/11-09-05/NIT/1,73.44223726818991,17.709660289008173,164.1288551246389
13001/13A/11-09-05/NIT/2,101.04026889305347,26.07270779309906,196.77646213006486
13001/13A/11-09-05/NIT/3,94.72937073786876,24.513188148527682,182.98836832616402
13003/01A/11-10-15/NIT/1,68.86468907404547,17.60644469938246,159.51247755831977
13003/01A/11-10-15/NIT/2,95.57978416056227,25.449498274318817,183.5385612108403
13003/01A/11-10-15/NIT/3,89.99342332783799,21.79587798651938,168.51216926958713
13003/04A/11-10-18/NIT/1,72.46402319520884,18.091410451566095,161.2724877974466
13003/04A/11-10-18/NIT/2,95.71004667183338,25.359624057318545,189.77817139199595
13003/04A/11-10-18/NIT/3,95.54329140482417,25.13698737477856,183.5055282650533
13003/06A/11-10-18/NIT/1,67.47839219045825,17.419991639525293,157.2471067692455
13003/06A/11-10-18/NIT/2,99.60292928212654,26.101786049832867,193.19707897775905
13003/06A/11-10-18/NIT/3,99.39173364065046,25.904089706722484,193.00726402735742
13003/09A/11-10-15/NIT/1,67.13136431872223,17.524237161754428,156.98451056281013
13003/09A/11-10-15/NIT/2,95.96175851821275,24.734313555318774,184.02611007786393
13003/09A/11-10-15/NIT/3,95.53225889963382,24.411246446404565,173.7935102493535
13003/12A/11-10-15/NIT/1,89.69058358957314,22.016763821193727,170.80027060444147
13003/12A/11-10-15/NIT/2,89.17597170344783,21.44533174691485,167.80634654758356
13003/12A/11-10-15/NIT/3,88.63630379951265,21.412497635509578,169.28360723109856
13003/13A/11-10-15/NIT/1,77.28166665667594,17.959809560886153,168.3827416372755
13003/13A/11-10-15/NIT/2,96.8040801111628,25.838951038261204,191.4876529400555
13003/13A/11-10-15/NIT/3,96.1606960813314,25.57821262786444,184.20910070164896
13003/17A/11-10-18/NIT/1,89.90381995113513,21.38552657347713,168.8719279730624
13003/17A/11-10-18/NIT/2,95.40572330536997,25.65013000142178,185.07739825816049
13003/17A/11-10-18/NIT/3,94.98171394048221,24.433867807487957,175.30207700829948
13004/02A/11-10-18/NIT/1,71.33520588469119,18.221696723337093,165.20683447823737
13004/02A/11-10-18/NIT/2,95.98891109180774,25.53284596395574,183.5647751488466
13004/02A/11-10-18/NIT/3,100.05195138514135,26.181167767343062,196.06731679455189
13004/05A/11-10-18/NIT/1,89.93652507203925,22.80345528016716,171.2067677197375
13004/05A/11-10-18/NIT/2,96.56760363764586,25.019270282664515,180.4104756440174
13004/05A/11-10-18/NIT/3,95.49593627758186,24.264159842267606,173.82308462471386
13004/06A/11-10-18/NIT/1,97.64283951161387,25.834511691660875,192.12436835839677
13004/06A/11-10-18/NIT/2,101.93848769414211,27.274328897452186,199.08874463001246
13004/06A/11-10-18/NIT/3,103.60126417919498,28.167206305596356,200.414249194537
13004/08A/11-10-18/NIT/1,96.23333479769958,25.41336430668785,185.2919762602374
13004/08A/11-10-18/NIT/2,99.88339398722609,26.072928505864393,191.91444169422275
13004/08A/11-10-18/NIT/3,99.76443451222887,25.97056107364434,193.8018892715315
13006/01A/11-10-10/NIT/1,87.70855741685047,20.094812746244465,167.52837498950285
13006/01A/11-10-10/NIT/2,95.55735376132695,24.91724893749495,183.29312114701628
13006/01A/11-10-10/NIT/3,88.4469061949582,19.824405612020886,168.27305506598944
13006/02A/11-10-26/NIT/1,69.2219825456797,17.517664501307937,159.11082087903233
13006/02A/11-10-26/NIT/2,99.02541200958272,25.87501137768408,192.696404622272
13006/02A/11-10-26/NIT/3,99.4694279629342,26.04392919657325,193.6969726093233
13006/05A/11-10-26/NIT/1,101.06704500948929,26.001317543064882,198.0918310843768
13006/05A/11-10-26/NIT/2,95.520101054582,25.847482194197337,183.02013193381688
13006/05A/11-10-26/NIT/3,94.95560295290768,24.575221258491286,174.98932332559335
13006/08A/11-09-15/NIT/1,68.06155956054893,18.296626682586126,161.99912523760844
13006/08A/11-09-15/NIT/2,96.60699395499192,25.35078983191133,189.12816123059056
13006/08A/11-09-15/NIT/3,95.27956932946778,24.51867864583604,174.00904762441115
13006/11A/11-09-15/NIT/1,67.08582560014075,17.70119713069467,159.0805622779736
13006/11A/11-09-15/NIT/2,90.78007325391323,23.411167734006447,175.70075992049064
13006/11A/11-09-15/NIT/3,87.97213397644076,20.64795395074366,167.2805750159304
13006/12A/11-10-26/NIT/1,67.47004417683276,17.52675249196606,157.56233404678733
13006/12A/11-10-26/NIT/2,95.34253131303822,24.68080492480195,176.4803271157928
13006/12A/11-10-26/NIT/3,89.87478414758931,23.681429049502302,175.69391115286325
13006/13A/11-09-15/NIT/1,84.19909528733395,19.359033276988757,172.30011448383604
13006/13A/11-09-15/NIT/2,92.01490594306476,23.984154565891362,175.4358544191564
13006/13A/11-09-15/NIT/3,90.11395043425922,21.04749851340913,170.0627891564246
13007/01B/11-09-07/NIT/1,70.3197144204819,18.118869175274416,160.56193917248592
13007/01B/11-09-07/NIT/2,95.00552342879432,24.63299870291976,174.38464161998493
13007/01B/11-09-07/NIT/3,89.96636238209906,23.73623618253878,175.45101638271004
13007/02A/11-09-07/NIT/1,76.85662248184394,18.277512905987724,168.85710971043298
13007/02A/11-09-07/NIT/2,89.92187613569716,20.33404408524496,169.68007646020897
13007/02A/11-09-07/NIT/3,83.87890544361069,19.1374902345116,170.41658230743857
13008/02A/11-09-13/NIT/1,79.26886183931158,18.35550649202891,173.00120143454214
13008/02A/11-09-13/NIT/2,88.90464945351943,19.592059905588993,168.95231144349802
13008/02A/11-09-13/NIT/3,81.61427930359038,18.4060855881138,172.8475645969161
13008/03A/11-09-15/NIT/1,81.42766554250612,19.496409253347803,173.19351277926052
13008/03A/11-09-15/NIT/2,95.06719575773705,24.518708179627772,183.34546532792564
13008/03A/11-09-15/NIT/3,95.13019974705134,25.09945577055887,182.89401078256444
13008/05A/11-09-13/NIT/1,84.09482252544443,19.817183405092596,169.72365161530402
13008/05A/11-09-13/NIT/2,89.68783405879499,22.828900459993253,172.12938643106716
13008/05A/11-09-13/NIT/3,81.93759764490277,18.958350782005738,172.62015012078328
13008/06A/11-09-13/NIT/1,67.58845118343068,18.16435275295262,158.5764992561749
13008/06A/11-09-13/NIT/2,95.26766293711843,25.47151452158506,183.37649079439817
13008/06A/11-09-13/NIT/3,91.12720932090305,23.10600315347134,175.72616196094665
13008/09A/11-09-15/NIT/1,70.3197144204819,18.118869175274416,159.731766470763
13008/09A/11-09-15/NIT/2,95.75866366477952,24.521623045868704,179.63597965697582
13008/09A/11-09-15/NIT/3,89.47619863650762,21.41274101806569,170.73250040897577
13008/12A/11-09-15/NIT/1,68.8770937290898,18.089217278417916,160.1992415732864
13008/12A/11-09-15/NIT/2,95.00552342879432,24.63299870291976,174.38464161998493
13008/12A/11-09-15/NIT/3,89.29150562139459,21.288430774934962,170.92171600869054
13008/13A/11-09-15/NIT/1,73.36167255618737,18.17739555689126,161.83072160338176
13008/13A/11-09-15/NIT/2,80.54708853457198,18.744224333841995,172.4536768756829
13008/13A/11-09-15/NIT/3,81.93759764490277,19.403907243170348,172.62015012078328
13008/15A/11-09-13/NIT/1,77.27347874457557,18.36481968209714,167.9542115126674
13008/15A/11-09-13/NIT/2,97.55588994699728,25.76215337512522,191.58879342573871
13008/15A/11-09-13/NIT/3,96.7162377647781,25.561757963346164,183.44770079340037
13010/01A/11-09-28/NIT/1,76.31595280721837,17.934306373818718,169.52943132984413
13010/01A/11-09-28/NIT/2,95.96403146279737,25.631934465571316,184.82701995478504
13010/01A/11-09-28/NIT/3,90.04254673342709,23.559286986447592,174.20712784760556
13010/02A/11-09-28/NIT/1,68.60985263173762,17.62436026413935,158.98720977649114
13010/02A/11-09-28/NIT/2,100.30262816605682,26.221043599858294,196.1763125932563
13010/02A/11-09-28/NIT/3,84.06210560908092,19.172906809941043,169.6331709544162
13010/03A/11-09-28/NIT/1,100.69311617551485,27.105771625092558,198.61521141909316
13010/03A/11-09-28/NIT/2,103.75415545189448,28.036700367799764,201.30558703785945
13010/03A/11-09-28/NIT/3,94.78261885573103,24.52890802198083,176.5231697991695
13011/01A/11-09-23/NIT/1,103.0298060944287,28.100115908871555,199.88273730189763
13011/01A/11-09-23/NIT/2,102.09229618150194,27.080480536165968,198.09884741683527
13011/01A/11-09-23/NIT/3,87.30707736949044,20.674627714869498,167.44828656814158
13011/02A/11-09-23/NIT/1,100.13524698324133,25.9670214587431,194.56821953416662
13011/02A/11-09-23/NIT/2,96.10109230246606,25.94283101295646,189.54267984099565
13011/02A/11-09-23/NIT/3,77.3569034137402,18.202933952664196,173.26660785178248
13012/01A/11-11-16/NIT/1,100.13524698324133,26.11815109416491,196.06622758922603
13012/01A/11-11-16/NIT/2,105.30786013272757,28.416493135415575,201.6143282659917
13012/01A/11-11-16/NIT/3,95.31281827156037,24.851005348996008,174.27623924550048
13012/02A/11-11-16/NIT/1,97.40544956876597,26.433712806079736,190.3193364088887
13012/02A/11-11-16/NIT/2,95.4241394990663,24.862793715067884,174.80177102522785
13012/02A/11-11-16/NIT/3,62.77479068599591,15.279697537974291,156.64082124222733
13012/03A/11-11-16/NIT/1,91.38172379761492,23.85433570972233,176.31190791475663
13012/03A/11-11-16/NIT/2,89.06466834630395,22.18002086297304,172.6912897451629
13012/03A/11-11-16/NIT/3,73.48765485159531,17.451908313473528,166.80355320165745
13012/05A/11-11-16/NIT/1,95.94803384147936,25.743334498438227,189.9060859345494
13012/05A/11-11-16/NIT/2,94.0122792940508,24.741589804636266,175.37489835297563
13012/05A/11-11-16/NIT/3,69.64523508881508,18.063667841662173,161.81052500470005
13012/06B/11-09-28/NIT/1,95.10483804296489,25.000385994208496,177.6501697572003
13012/06B/11-09-28/NIT/2,89.91878088721977,23.412392374423916,175.9083283220273
13012/06B/11-09-28/NIT/3,70.30071857842633,18.0986362484133,158.70212311999498
13012/08A/11-09-28/NIT/1,95.17407870827059,25.488775019230534,182.70596525619146
13012/08A/11-09-28/NIT/2,90.36800857260715,22.95134878738683,176.6531993260173
13012/08A/11-09-28/NIT/3,71.08851553100862,18.234581181374335,164.57014409548677
13012/10A/11-09-28/NIT/1,89.36150624094341,23.934585490968256,176.23273149710624
13012/10A/11-09-28/NIT/2,89.36150624094341,24.208936305483828,175.71722793880605
13012/10A/11-09-28/NIT/3,75.13989251620329,18.10517278406751,168.18253127455975
13012/11A/11-09-28/NIT/1,95.01817164463165,25.243149619956082,177.34584067570736
13012/11A/11-09-28/NIT/2,95.38008961000624,25.270026802177004,177.17707660614508
13012/11A/11-09-28/NIT/3,81.42634662195319,18.9850687376443,171.78338158219472
13013/01A/11-10-10/NIT/1,90.4330609918065,23.28618619065173,174.0460365854565
13013/01A/11-10-10/NIT/2,89.16136490935914,21.874673167504294,170.94666196587573
13013/01A/11-10-10/NIT/3,82.19596402880516,18.92597367812188,171.41246060490633
13014/01A/11-09-27/NIT/1,85.76970566997173,19.867759382633935,168.9022000295035
13014/01A/11-09-27/NIT/2,70.44030517995598,18.404177239577923,161.8115488006956
13014/01A/11-09-27/NIT/3,63.34236394196508,15.054405825540792,156.2557824084046
13014/02A/11-09-27/NIT/1,88.94380841429741,21.934984174753506,170.17502381366145
13014/02A/11-09-27/NIT/2,87.79532083224485,20.155760263826107,168.42036137933715
13014/02A/11-09-27/NIT/3,62.98850199912574,16.52410465424056,151.20207435410774
13014/03A/11-09-27/NIT/1,83.07552897815933,19.256041047252975,170.16093417444927
13014/03A/11-09-27/NIT/2,88.20332445939984,20.563518981621776,169.0880705089899
13014/03A/11-09-27/NIT/3,67.75734306721503,17.367946274595976,158.10377688900604
13014/04A/11-09-27/NIT/1,82.72376759821024,19.128634380633653,171.25271606180635
13014/04A/11-09-27/NIT/2,70.0546399726657,18.358531890685743,162.94389859132698
13014/04A/11-09-27/NIT/3,62.28302944941874,15.089334677209836,156.28385944448257
13014/05A/11-09-30/NIT/1,89.03696194512212,21.483868474320232,172.33280702772723
13014/05A/11-09-30/NIT/2,89.47335101739675,21.718988958358295,170.6089033141546
13014/05A/11-09-30/NIT/3,65.43298541999768,17.648666734483072,156.52966848793915
13014/06A/11-09-30/NIT/1,90.37507471716752,23.037404735354194,172.17282205471523
13014/06A/11-09-30/NIT/2,78.54527970074285,18.1988661856869,172.16726164404142
13014/06A/11-09-30/NIT/3,65.88673719923713,17.1606920678824,154.94313136649023
13014/07A/11-09-30/NIT/1,89.38216082080267,21.83509761698221,172.15514623574526
13014/07A/11-09-30/NIT/2,89.36474542665566,21.883809560736783,172.38958178526704
13014/07A/11-09-30/NIT/3,62.99430763166056,16.211169189330953,151.90800007003392
13014/08A/11-09-30/NIT/1,89.45121129385166,21.70447654328131,170.41111851648495
13014/08A/11-09-30/NIT/2,89.14397192626744,22.148105008659808,172.00244215109407
13014/08A/11-09-30/NIT/3,64.55682891434064,16.307429520840127,148.83695805899166
13015/02A/11-09-21/NIT/1,81.39333179882556,19.047871648157003,172.38229103688357
13015/02A/11-09-21/NIT/2,84.54450824905128,19.051893336559846,169.65414309703502
13015/02A/11-09-21/NIT/3,63.23158141082788,16.262943554393953,147.1300447798933
13015/03A/11-09-21/NIT/1,88.75942152866759,22.012456590731862,169.53243082847715
13015/03A/11-09-21/NIT/2,88.97771528272237,21.80247375126681,170.53824055199394
13015/03A/11-09-21/NIT/3,83.62949591748769,18.94157634620141,171.15519830593033
13015/04A/11-09-21/NIT/1,83.99996139073801,19.614031439747716,170.0895775191052
13015/04A/11-09-21/NIT/2,83.96331451595891,19.65279437940202,169.86732754109266
13015/04A/11-09-21/NIT/3,70.51488093713196,18.39190465513554,162.94645155516898
13015/05A/11-09-21/NIT/1,85.79132420381312,19.537186076728535,168.42036137933715
13015/05A/11-09-21/NIT/2,82.72170206622756,19.471582126643472,171.07670788644774
13015/05A/11-09-21/NIT/3,64.84198654781368,17.49070374425885,156.15464080667155
13015/06A/11-09-27/NIT/1,82.99615883884785,19.18849164120973,171.1480645417918
13015/06A/11-09-27/NIT/2,88.37494296655937,20.498406812356674,170.3349216501974
13015/06A/11-09-27/NIT/3,85.97311628473398,19.807603303219675,169.5354822119974
13015/07A/11-09-27/NIT/1,62.77479068599591,15.279697537974291,156.64082124222733
13015/07A/11-09-27/NIT/2,83.89402060935352,18.946192039217546,170.04616945681138
13015/07A/11-09-27/NIT/3,82.30658895272897,18.91638822006777,172.19004039514024
13015/08A/11-09-27/NIT/1,62.77479068599591,15.279697537974291,156.64082124222733
13015/08A/11-09-27/NIT/2,82.29559196754913,19.471582126643472,171.07670788644774
13015/08A/11-09-27/NIT/3,85.70379401494525,19.63878185560274,168.9022000295035
13015/10A/11-09-27/NIT/1,62.77479068599591,15.279697537974291,156.64082124222733
13015/10A/11-09-27/NIT/2,88.44085462158587,20.5586994960228,170.3349216501974
13015/10A/11-09-27/NIT/3,88.56933651965001,21.901381081646488,170.71743224802665
13016/01A/11-10-06/NIT/1,64.12137953275018,16.388545982622354,149.04675996640748
13016/01A/11-10-06/NIT/2,96.11711553385454,24.659593599578375,180.18903058279327
13016/01A/11-10-06/NIT/3,91.2468203767596,23.37071186040441,175.72584766787728
13016/02A/11-10-05/NIT/1,73.43866952888713,17.54639218930446,167.40416527161972
13016/02A/11-10-05/NIT/2,101.11852751059824,26.420466068297774,196.0602097041651
13016/02A/11-10-05/NIT/3,102.91402958230826,27.3669746359994,197.98165574040965
13016/03A/11-10-05/NIT/1,89.96522848979815,21.59405664612648,171.07724384845827
13016/03A/11-10-05/NIT/2,100.623498743746,26.171466765929306,196.54687935901666
13016/03A/11-10-05/NIT/3,97.61267628499168,25.834511691660875,191.54678795881293
13016/04A/11-10-05/NIT/1,96.27308509968256,24.45183047247199,173.7935102493535
13016/04A/11-10-05/NIT/2,100.85460912210056,26.100128230757335,193.55234037351622
13016/05A/11-10-18/NIT/1,97.2910847373801,25.983800416427872,191.59059656352187
13016/05A/11-10-18/NIT/2,66.36943978828783,17.58611944680833,159.70472470296548
13016/05A/11-10-18/NIT/3,90.92924671436866,23.31359876859398,175.9291508190967
13016/06B/11-10-06/NIT/1,95.22955692506717,25.660031724846597,183.3015589369067
13016/06B/11-10-06/NIT/2,85.71574472433961,20.33505697203734,169.80487534585285
13016/06B/11-10-06/NIT/3,91.37899724154894,23.582496049626354,172.63387372236244
13016/07A/11-10-06/NIT/1,96.2367624776306,24.34837913039595,173.82308462471386
13016/07A/11-10-06/NIT/2,75.20118258961345,18.333729189632155,161.32990465527698
13016/07A/11-10-06/NIT/3,90.17956809736036,21.57180543925565,170.57482515102072
13016/08A/11-10-05/NIT/1,68.54441018261083,17.542299655941157,159.66508103647732
13016/08A/11-10-05/NIT/2,66.3496195964863,17.30953688867105,159.2766037120658
13016/08A/11-10-05/NIT/3,95.57951497472756,24.690551786096993,176.1657551767399
13020/01A/11-10-19/NIT/1,94.78858842822955,24.558444638958274,174.23209996248832
13020/01A/11-10-19/NIT/2,74.28788720760573,17.505829391342115,166.33087708673227
13020/01A/11-10-19/NIT/3,88.45724989520158,21.322936100024403,171.5420978027462
13020/02A/11-10-19/NIT/1,88.69194651575249,21.498363411072464,171.8836738371172
13020/02A/11-10-19/NIT/2,69.75491720799809,18.27705175984231,163.56660595120817
13020/02A/11-10-19/NIT/3,105.79028805199195,27.874324843990298,207.3707975210622
13020/03A/11-10-19/NIT/1,97.7582442863344,24.714680789723484,183.85131031937746
13020/03A/11-10-19/NIT/2,62.30346308625847,15.797438507491702,155.79813307029175
13020/03A/11-10-19/NIT/3,90.88896358266612,23.154066842204717,175.24769145185942
13020/07A/11-10-17/NIT/1,85.19448336830202,19.356152721718704,170.3404863183376
13020/07A/11-10-17/NIT/2,66.07330826367861,17.60607815208357,157.45173340606476
13020/07A/11-10-17/NIT/3,81.67623452144296,19.61129353504663,172.21161273995082
13020/08A/11-10-17/NIT/1,83.24507601859598,19.07744984713052,171.56391340561066
13020/08A/11-10-17/NIT/2,83.21601743081162,19.080472908679422,172.7116897702276
13020/08A/11-10-17/NIT/3,96.67420454265037,25.014119743925754,175.1222685348799
13020/09A/11-10-17/NIT/1,67.99040296596199,17.13786520236404,157.87581525574413
13020/09A/11-10-17/NIT/2,76.14478526695451,18.192604046977067,168.51934870021
13020/09A/11-10-17/NIT/3,93.47106920678367,23.895936583761575,173.5592939719044
13020/10A/11-10-17/NIT/1,85.26034907686831,19.12826679963271,169.1532894827209
13020/10A/11-10-17/NIT/2,66.83613398623162,17.820842222381973,158.55329717857822
13020/10A/11-10-17/NIT/3,93.26230950497238,23.240169447872955,170.17616529938672
13020/11A/11-10-17/NIT/1,85.04833150924296,18.773563337451233,170.9631187850064
13020/11A/11-10-17/NIT/2,70.97254852399098,17.93656988022385,161.44928467017317
13020/11A/11-10-17/NIT/3,89.73982608860943,22.62040778465875,171.64948013725723
13021/01A/11-10-04/NIT/1,95.36317193950012,23.560874491485418,173.87745906985796
13021/01A/11-10-04/NIT/2,83.923375806093,19.388210006611384,172.71795833904503
13021/01A/11-10-04/NIT/3,91.09515419643331,23.773188711437932,173.4483337366426
13021/02A/11-10-04/NIT/1,96.43368254923514,25.03834116866462,184.6385683253068
13021/02A/11-10-04/NIT/2,67.51511283822535,17.910098530238738,158.75576624285654
13021/02A/11-10-04/NIT/3,90.36634764080411,22.64437195617833,175.21355831670772
13021/03A/11-10-04/NIT/1,91.35362531506651,23.578643425120372,175.72616196094665
13021/03A/11-10-04/NIT/2,74.4540097303686,17.50974806293681,164.01135241074576
13021/03A/11-10-04/NIT/3,90.60162672119058,22.681845254304214,175.7692116864911
13021/04A/11-09-28/NIT/1,89.12971018082659,21.35944636302038,171.415272428255
13021/04A/11-09-28/NIT/2,66.43199637094655,17.426798917001957,160.01901672658155
13021/04A/11-09-28/NIT/3,95.530447536069,24.971560711523374,176.2699350513274
13021/05A/11-09-28/NIT/1,98.87702469824629,25.912704220384725,194.30178290309576
13021/05A/11-09-28/NIT/2,82.8040399292892,19.177167245485197,171.2887294706825
13021/05A/11-09-28/NIT/3,95.72418365520299,25.27665767868521,189.88010736552175
13021/06A/11-10-10/NIT/1,95.86717594956875,25.648169481326565,190.10733317909902
13021/06A/11-10-10/NIT/2,95.60132741550075,25.714363899669923,185.2919851335727
13021/06A/11-10-10/NIT/3,82.68484488366066,19.531062048284983,170.88529430637865
13021/07A/11-10-04/NIT/1,90.58999348323445,21.348981888621513,170.45932271934558
13021/07A/11-10-04/NIT/2,89.69066133506523,20.261828060441744,170.56233612633022
13021/07A/11-10-04/NIT/3,71.25905253808205,17.91586901279631,162.2156971206933
13021/08A/11-10-04/NIT/1,104.00931006151922,27.562444191839326,206.22857251465578
13021/08A/11-10-04/NIT/2,109.14925279112977,28.392940711851978,215.34047613262928
13021/08A/11-10-04/NIT/3,73.52972600694831,17.969452530928113,160.99073624083857
13021/09A/11-09-28/NIT/1,100.1734471353813,25.989376254714273,192.3144027660707
13021/09A/11-09-28/NIT/2,97.52186446601881,25.845252187258815,191.42183786222645
13021/09A/11-09-28/NIT/3,68.17948850335885,17.819898344600308,159.96130710821777
13021/10A/11-10-04/NIT/1,89.5278224618894,21.81435700808353,171.4769103713667
13021/10A/11-10-04/NIT/2,89.73708495663827,23.047505943886154,175.82339043805766
13021/10A/11-10-04/NIT/3,67.0916783726198,17.568226364431144,158.75848227375482
13022/01A/11-09-26/NIT/1,88.84334952057107,20.066765379097873,170.03121227465954
13022/01A/11-09-26/NIT/2,88.72861496404259,19.54312722131055,167.60905135778202
13022/01A/11-09-26/NIT/3,81.37180348620832,18.827651580043657,172.18283312481876
13022/02A/11-09-22/NIT/1,89.14033668210264,20.123893903404106,168.54444388098713
13022/02A/11-09-22/NIT/2,90.41628435653566,20.99621687426413,169.9445770498343
13022/02A/11-09-22/NIT/3,66.72795443815703,17.3576252525366,160.50442954499366
13022/04A/11-09-23/NIT/1,76.58176226572583,17.92797741947475,168.31610548558822
13022/04A/11-09-23/NIT/2,83.35849579864468,18.81908892764672,171.77079889414816
13022/04A/11-09-23/NIT/3,68.8289777878902,17.53183044276431,157.5338854877928
13022/06A/11-09-22/NIT/1,86.33145182149816,19.22299238888699,167.77768743700898
13022/06A/11-09-22/NIT/2,85.76247040130676,19.322745025018957,169.81831962898931
13022/06A/11-09-22/NIT/3,68.88248272137285,17.598357710131257,158.08760473145665
13022/08A/11-09-26/NIT/1,90.6051198203807,21.549825716885678,168.92673762735336
13022/08A/11-09-26/NIT/2,90.37635124350112,21.57281547798028,167.6143531389807
13022/08A/11-09-26/NIT/3,68.1895318906624,17.324464527543537,158.85380702976883
13022/09A/11-09-22/NIT/1,86.29870545436216,19.166921933536948,167.4942890532813
13022/09A/11-09-22/NIT/2,81.291111182038,18.65937593623043,172.90082416011845
13022/09A/11-09-22/NIT/3,68.36344926249542,17.23081003833482,158.9272481669303
13022/10A/11-09-26/NIT/1,89.80094948012344,21.40502805892407,170.10980756266068
13022/10A/11-09-26/NIT/2,83.52463478698714,19.12768838486618,171.02833711029444
13022/10A/11-09-26/NIT/3,67.17441780761105,17.435483436864654,160.61942584604643
13022/13A/11-09-23/NIT/1,89.56640491596842,20.065440996205826,170.50385122515948
13022/13A/11-09-23/NIT/2,90.18302683967691,20.466912428785083,170.1656493141343
13022/13A/11-09-23/NIT/3,78.90023592776897,18.434188997908816,171.3924791510587
14001/02B/11-10-29/NIT/1,69.75191011791667,17.62300669323926,157.21787459190048
14001/02B/11-10-29/NIT/2,69.49244894933754,17.777090157270404,158.36584233989868
14001/02B/11-10-29/NIT/3,69.54676098034352,17.83880886652615,158.53153067081402
14001/03A/11-09-25/NIT/1,69.05312056863809,17.924338290310736,157.66867878371963
14001/03A/11-09-25/NIT/2,71.32766517339614,18.169180148409534,158.41552198120954
14001/03A/11-09-25/NIT/3,68.78648646825799,17.693502459664515,156.6974027500664
14001/05A/11-10-11/NIT/1,70.03605390299792,18.005883275379222,157.30470694558565
14001/05A/11-10-11/NIT/2,67.84516639890322,18.16544072619232,159.53427073511713
14001/05A/11-10-11/NIT/3,68.78569162796903,17.670445648843447,155.62462545006863
14001/06A/11-09-25/NIT/1,68.92065473974989,17.65193412554956,159.7236156465555
14001/06A/11-09-25/NIT/2,68.11827641581608,18.09852894941737,159.7086462116843
14001/06A/11-09-25/NIT/3,67.9458173931615,18.037243082343597,159.33540274759133
14001/07B/11-11-15/NIT/1,67.57619981450394,17.939459017323056,159.19856388566123
14001/07B/11-11-15/NIT/2,71.18265577440307,18.39994367718784,158.57665663676656
14001/07B/11-11-15/NIT/3,70.03605390299792,18.005883275379222,157.30470694558565
14001/08A/11-10-29/NIT/1,69.14247050043157,17.735280887992893,157.7946747307071
14001/08A/11-10-29/NIT/2,67.78020284918288,17.666171808627055,159.1241464966557
14001/08A/11-10-29/NIT/3,68.21251617908042,17.526852109777,159.59458928379982
14003/04A/11-10-11/NIT/1,67.0170183750278,17.30168344011741,160.09303389742678
14003/04A/11-10-11/NIT/2,68.02127985830892,17.489657624250178,159.71228718026057
14003/04A/11-10-11/NIT/3,67.58069662313554,17.45434184564647,158.24590640898458
14003/05A/11-10-11/NIT/1,68.38725377678449,17.743371578672605,159.34556059737278
14003/05A/11-10-11/NIT/2,71.3265929072706,18.029791811278404,162.69886526719912
14003/05A/11-10-11/NIT/3,68.35474945647458,17.3905704855452,157.87582731468126
14003/07A/11-11-01/NIT/1,68.39536740155987,17.49447184346531,158.9068560392523
14003/07A/11-11-01/NIT/2,68.28934238576954,17.703821401784868,159.32713687119542
14003/07A/11-11-01/NIT/3,69.05477762640604,17.473692462647396,158.99864206866286
14003/13A/11-11-17/NIT/1,69.60164737181563,17.62772412613897,157.46327666628085
14003/13A/11-11-17/NIT/2,70.31428108176502,18.011205332135713,159.4298829707154
14003/13A/11-11-17/NIT/3,69.7127040219345,18.154136666229185,160.1891707058535
14004/03A/11-10-30/NIT/1,67.41132245804609,16.99558448393955,160.07183980717522
14004/03A/11-10-30/NIT/2,82.03141629746436,19.281093538031676,172.10409236707457
14004/03A/11-10-30/NIT/3,63.42750703999952,16.453197488487433,149.53080103747135
14004/04A/11-10-30/NIT/1,65.05118524396445,17.322012236560663,157.13374465913304
14004/04A/11-10-30/NIT/2,76.50459441508389,18.39471398528274,171.47954888136778
14004/04A/11-10-30/NIT/3,75.98244254109868,19.42452120427605,171.2463541631657
14004/12A/11-10-30/NIT/1,65.19831262630025,17.69134227194705,157.96764737014382
14004/12A/11-10-30/NIT/2,88.35446069178651,22.30701813945408,169.81584010824784
14004/12A/11-10-30/NIT/3,96.91227531085586,25.809187872345078,185.3785020125852
14004/14A/11-10-30/NIT/1,72.19712532329369,17.80341402877764,166.71132386722147
14004/14A/11-10-30/NIT/2,88.56694966367075,20.744689882151963,171.62727493042212
14004/14A/11-10-30/NIT/3,97.5733170591097,24.524202371123554,175.2835803488887
14004/18A/11-10-30/NIT/1,88.57309678712505,22.050092366802343,169.89683602187213
14004/18A/11-10-30/NIT/2,88.96960417359641,22.09807775320145,171.71332609812922
14004/18A/11-10-30/NIT/3,63.244338621995546,15.251107016268824,153.0442926350551
14004/19A/11-10-30/NIT/1,62.553290279222765,15.308347582508576,156.715004581248
14004/19A/11-10-30/NIT/2,76.251424721573,18.569369337670558,171.46861887993853
14004/19A/11-10-30/NIT/3,63.718892593665295,16.034854961066728,149.54727408779533
14005/01A/11-10-10/NIT/1,63.37596351013405,16.326922708217893,146.88337523274626
14005/01A/11-10-10/NIT/2,68.11827641581608,17.993649212515066,159.7086462116843
14005/01A/11-10-10/NIT/3,71.32580306798731,18.39486301595015,159.71376018252423
14005/04A/11-10-10/NIT/1,67.43410863723027,17.583560555952488,157.69543850486798
14005/04A/11-10-10/NIT/2,75.71488908374808,17.854788202236488,167.78595332947262
14005/04A/11-10-10/NIT/3,68.05624885562999,17.628822213915004,158.9493685078651
14005/05A/11-10-09/NIT/1,69.1752713475897,17.488792383415554,156.6125926577976
14005/05A/11-10-09/NIT/2,71.89504428975496,18.101783462387868,158.5085686805194
14005/05A/11-10-09/NIT/3,71.14685135673476,18.305999489526332,159.13556456024813
14005/06A/11-09-01/NIT/1,68.53142513494296,17.73924410389557,159.75686247373685
14005/06A/11-09-01/NIT/2,67.94986002456487,18.087162782458453,159.8354888854129
14005/06A/11-09-01/NIT/3,67.9473654502983,18.040960554752683,159.4459939829201
14005/07A/11-09-08/NIT/1,69.92412880985974,17.6461444105155,156.63532509006149
14005/07A/11-09-08/NIT/2,71.45159838735975,18.404948539086714,159.7250985002884
14005/07A/11-09-08/NIT/3,69.07118036269246,17.437463447420217,157.31935632763384
14005/08A/11-09-10/NIT/1,67.41575647616638,16.83295448068315,158.30715896880042
14005/08A/11-09-10/NIT/2,74.64480248290926,18.56677324585771,159.980138440312
14005/08A/11-09-10/NIT/3,67.48220136117548,17.110666847354064,159.87642525512635
14005/09A/11-10-09/NIT/1,67.19965505612556,17.326196104074796,160.3747392637451
14005/09A/11-10-09/NIT/2,70.9745529007652,18.362768312574236,158.18251270815986
14005/09A/11-10-09/NIT/3,76.73235019769508,17.782087963957718,168.3674449095955
14005/10B/11-10-09/NIT/1,67.84516639890322,18.138974640062894,159.53427073511713
14005/10B/11-10-09/NIT/2,70.9745529007652,18.072275564222327,158.18251270815986
14005/10B/11-10-09/NIT/3,68.23292057651987,17.45378237744015,159.77106332553345
14006/01A/11-09-14/NIT/1,68.15986255377973,17.476119491992762,159.27081421280442
14006/01A/11-09-14/NIT/2,71.86806076793752,18.194918741649076,158.75543870488596
14006/01A/11-09-14/NIT/3,74.86139883962717,18.657194179452894,159.980138440312
14006/04A/11-09-14/NIT/1,68.93110160541235,17.7246890242975,156.44748622792966
14006/04A/11-09-14/NIT/2,73.58033334526979,18.594547959034518,160.36455654934127
14006/04A/11-09-14/NIT/3,72.70582482554052,18.42330934125268,158.57759345342637
14006/07A/11-10-28/NIT/1,75.31714035217013,17.95925578461946,162.93623036121093
14006/07A/11-10-28/NIT/2,80.54708853457198,18.453731585490086,172.6810913518157
14006/07A/11-10-28/NIT/3,66.86281935897223,17.41603880092182,159.67825149329096
14006/08A/11-10-28/NIT/1,68.9634932647297,17.61286486136527,159.0993336697098
14006/08A/11-10-28/NIT/2,71.04614771174967,17.81620549896542,158.36009737792952
14006/08A/11-10-28/NIT/3,72.39960894449484,18.231370163889483,159.0180749723916
14006/08B/11-10-28/NIT/1,70.0093934625272,18.23302837677621,160.96144505036946
14006/08B/11-10-28/NIT/2,71.62131731803738,18.378498950833876,159.5207687492937
14006/08B/11-10-28/NIT/3,73.47220510138489,18.231703530967113,158.95259102290268
14006/11A/11-10-29/NIT/1,68.48071404516995,18.11247237202208,156.95730007715557
14006/11A/11-10-29/NIT/2,75.5187403577573,18.054355029038536,164.3884583761606
14006/11A/11-10-29/NIT/3,73.64712786722579,18.19172417636094,159.1678464063725
14006/12A/11-10-29/NIT/1,69.53244414869012,17.624157910079877,157.40560437075172
14006/12A/11-10-29/NIT/2,70.63258064474377,18.105888627846806,159.6217115995704
14006/12A/11-10-29/NIT/3,71.65819742037696,18.512151274729288,157.8661569124848
14007/02A/11-09-13/NIT/1,76.13623655284002,17.93557766418846,168.9037131309656
14007/02A/11-09-13/NIT/2,67.96719731857227,18.409885311216605,157.24755589847098
14007/02A/11-09-13/NIT/3,67.50155615666499,16.89869425990905,160.0310068773537
14007/03A/11-11-28/NIT/1,79.9181816316037,18.88634057434149,171.87342992915586
14007/03A/11-11-28/NIT/2,68.53667764035951,17.657874012670657,158.25196419200395
14007/03A/11-11-28/NIT/3,67.32138373631571,17.538290835763217,157.3859005580131
14007/06A/11-09-10/NIT/1,75.52221595039738,18.276816574536994,163.65902234518063
14007/06A/11-09-10/NIT/2,69.21194510603122,17.435704532820207,158.93034541213567
14007/06A/11-09-10/NIT/3,67.1153197233681,17.01962971864092,160.0992149489414
14007/07A/11-09-10/NIT/1,70.0067401971748,18.0577173810231,159.3511995508742
14007/07A/11-09-10/NIT/2,68.87870373330468,17.696564837676238,157.44640326639305
14007/07A/11-09-10/NIT/3,67.51337354672427,16.982851513740037,160.37376727639364
14007/09A/11-09-11/NIT/1,68.41581086131096,18.276817616787966,157.11575227833347
14007/09A/11-09-11/NIT/2,69.84628709997273,17.85466379385544,157.22224358156822
14007/09A/11-09-11/NIT/3,68.6257021914595,17.526613635944354,157.61029915565499
14007/11A/11-10-31/NIT/1,70.9745529007652,18.362768312574236,158.18251270815986
14007/11A/11-10-31/NIT/2,67.88495684070588,18.276817616787966,157.11575227833347
14007/11A/11-10-31/NIT/3,68.60317860762963,17.715698062797454,158.7261961276523
14007/12A/11-11-28/NIT/1,83.94216313090989,19.0069118015742,172.6374001015789
14007/12A/11-11-28/NIT/2,80.37124728183848,18.569434756885332,172.94533100522509
14007/12A/11-11-28/NIT/3,68.20186963383829,17.643971015030832,157.88398957858183
14007/13A/11-10-31/NIT/1,86.22740775405937,19.46621603881037,169.3647861417491
14007/13A/11-10-31/NIT/2,88.69814942006687,19.592099492938104,169.2109772790391
14007/13A/11-10-31/NIT/3,70.16365114513015,17.93059013257552,159.60952369755034
14007/14A/11-10-31/NIT/1,82.95429083029283,19.05861824722037,171.6147670079693
14007/14A/11-10-31/NIT/2,75.35012513207606,18.43208468569011,163.06271421057843
14007/14A/11-10-31/NIT/3,68.1199852925479,17.66018365138815,155.60970423918033
14008/03A/11-09-18/NIT/1,71.37454129086677,18.30839288319819,159.36338745289422
14008/03A/11-09-18/NIT/2,72.27923955514238,18.226238582491316,158.34340192124492
14008/03A/11-09-18/NIT/3,71.33448768955886,18.302970378426085,156.94954485215763
14008/04A/11-09-18/NIT/1,71.3590039889211,18.26497101670441,159.2459635983311
14008/04A/11-09-18/NIT/2,70.16365114513015,18.061431548624956,159.60952369755034
14008/04A/11-09-18/NIT/3,69.21739904922174,17.465720358082162,157.39631912613984
14008/05A/11-09-18/NIT/1,68.12231904721948,18.264834621557203,160.20873234950588
14008/05A/11-09-18/NIT/2,70.9745529007652,18.34139538077796,158.18251270815986
14008/05A/11-09-18/NIT/3,68.41176822990758,18.06313793800906,156.61566614051188
14008/06A/11-09-18/NIT/1,71.32361652617222,18.12873019587268,159.84862970326733
14008/06A/11-09-18/NIT/2,69.7222109517153,17.623163043757952,156.114080409025
14008/06A/11-09-18/NIT/3,68.70671273481635,17.541120787178365,156.40424661541994
14008/07A/11-09-18/NIT/1,68.17119909306818,18.02045270093437,159.87991060665885
14008/07A/11-09-18/NIT/2,76.26133380985696,17.911061458498466,165.337931520341
14008/07A/11-09-18/NIT/3,72.89453107872113,18.26985186393351,159.47185102289944
14008/11A/11-09-18/NIT/1,67.9473654502983,18.040960554752683,159.4459939829201
14008/11A/11-09-18/NIT/2,70.9745529007652,18.362768312574236,159.01268540988283
14008/11A/11-09-18/NIT/3,69.74786748651327,17.64514954419357,156.71778845407894
14008/18A/11-09-18/NIT/1,67.88495684070588,18.063881837536893,157.11575227833347
14008/18A/11-09-18/NIT/2,73.00442141182945,18.20918482310353,159.1678464063725
14008/18A/11-09-18/NIT/3,70.45517938265995,17.762897377535335,159.41638777378006
14008/27A/11-09-18/NIT/1,71.40399143953297,18.340074025319343,160.01754633621337
14008/27A/11-09-18/NIT/2,71.41082915925803,17.88917455864595,159.31758739631562
14008/27A/11-09-18/NIT/3,75.27981654718468,17.59914575383873,162.64210787124293
14009/01C/11-09-11/NIT/1,73.4736784038965,18.38489385690503,159.78988489556176
14009/01C/11-09-11/NIT/2,75.77139358742004,18.115114511329736,164.95096316395788
14009/01C/11-09-11/NIT/3,67.91765187014683,17.580262209719063,158.64258197046095
14009/02A/11-09-11/NIT/1,75.67785569249925,18.041485295962463,165.7566923369959
14009/02A/11-09-11/NIT/2,76.10265298072984,17.987951540773683,167.8230192061524
14009/02A/11-09-11/NIT/3,68.94849291111633,17.48315544530171,159.80490660291042
14009/03A/11-09-11/NIT/1,71.0188491921529,18.604948075230315,158.33405980012557
14009/03A/11-09-11/NIT/2,68.3820580473985,18.011899227844346,157.1300962504353
14009/03A/11-09-11/NIT/3,68.41701346883683,17.10991938165188,159.45307765519632
14009/07A/11-09-09/NIT/1,67.4175402179129,18.14261273410867,158.31384702741073
14009/07A/11-09-09/NIT/2,69.38057701507164,17.56532393716893,159.20576750105283
14009/07A/11-09-09/NIT/3,67.03039672315616,17.21159752552151,160.21310802106947
14009/08A/11-10-06/NIT/1,70.16365114513015,18.061431548624956,159.60952369755034
14009/08A/11-10-06/NIT/2,68.26047824552207,17.277921895572465,159.83728216934472
14009/08A/11-10-06/NIT/3,67.52165960738613,17.181757657444937,160.52228510194067
14009/09A/11-09-09/NIT/1,68.6145446166928,17.705981326370914,157.62666925292325
14009/09A/11-09-09/NIT/2,69.34527581009151,17.698079145625165,156.8893908483936
14009/09A/11-09-09/NIT/3,70.03605390299792,17.853668927533516,157.30470694558565
14009/10A/11-09-09/NIT/1,68.16970392794947,17.423205766377688,160.1879642950446
14009/10A/11-09-09/NIT/2,69.41012770908038,17.70118631867231,159.9725142694861
14009/10A/11-09-09/NIT/3,67.9338368865546,18.089941426428364,156.78693053548645
14009/16A/11-09-11/NIT/1,70.16365114513015,17.93059013257552,159.60952369755034
14009/16A/11-09-11/NIT/2,68.39660773911004,17.60253663751242,160.12764498574796
14009/16A/11-09-11/NIT/3,68.78569162796903,17.670445648843447,157.9857431431553
14012/01A/11-11-27/NIT/1,76.90903117489576,18.112566706551547,168.70548890533146
14012/01A/11-11-27/NIT/2,77.84339450125033,18.05722223894735,169.94777374406206
14012/01A/11-11-27/NIT/3,77.52237916802925,18.359914687860073,168.56249661096572
14012/03A/11-11-27/NIT/1,83.08336153924157,19.092871126215282,170.10568028292366
14012/03A/11-11-27/NIT/2,69.88375973878932,18.13272418053609,161.1524385013275
14012/03A/11-11-27/NIT/3,73.03861786973332,18.25551282842294,160.99077871421676
14012/04A/11-11-27/NIT/1,83.90057351968981,19.13674936930011,173.04611811117636
14012/04A/11-11-27/NIT/2,81.83499883880519,18.897993188514352,173.45895394618074
14012/04A/11-11-27/NIT/3,74.71858551592253,18.00437589277703,159.87699238448445
14012/06A/11-11-27/NIT/1,71.97254700815449,18.505285630682398,158.3082331335727
14012/06A/11-11-27/NIT/2,68.75197299410245,18.13449563999985,159.33540274759133
14012/06A/11-11-27/NIT/3,70.68255345352067,18.468000265407657,159.3641690301637
14015/02A/11-09-10/NIT/1,86.17140993974238,19.505015825365486,168.00999135510025
14015/02A/11-09-10/NIT/2,82.51522248061646,18.976990036927543,171.40877388259509
14015/02A/11-09-10/NIT/3,88.33846217962439,20.714389955871635,170.0105942491669
14015/03A/11-09-10/NIT/1,83.33579098285811,19.394830621373703,172.395532833574
14015/03A/11-09-10/NIT/2,67.44379025084245,17.713594859939157,155.6959680978244
14015/03A/11-09-10/NIT/3,70.96086733890964,18.124900452526017,159.93155773634626
14015/05B/11-09-10/NIT/1,76.24221520461877,17.909310704325595,165.4416955513336
14015/05B/11-09-10/NIT/2,67.96315468716891,18.28836503576081,159.62565856890674
14015/05B/11-09-10/NIT/3,68.21290747551599,17.419682823567303,159.2078447611922
14015/07A/11-09-10/NIT/1,71.27148342536609,18.350221981088072,159.75689580639497
14015/07A/11-09-10/NIT/2,67.78226377616504,17.834061112458517,155.79523154307495
14015/07A/11-09-10/NIT/3,68.72206118585042,17.192788247771134,158.96943997389727
14015/11A/11-09-27/NIT/1,70.88220426958218,18.076232615129225,158.609285588221
14015/11A/11-09-27/NIT/2,72.17635408889028,18.278760542176794,159.35517147639237
14015/11A/11-09-27/NIT/3,67.4854248424319,18.546873022484316,156.7167213979105
14015/12A/11-09-27/NIT/1,75.40018905552618,17.911503266311172,160.7043632230049
14015/12A/11-09-27/NIT/2,68.35844895968633,17.995885508247934,156.4637185452937
14015/12A/11-09-27/NIT/3,68.24628095190555,17.481401532823053,159.7810985200022
14016/03A/11-09-04/NIT/1,70.00535083112383,17.872861147333698,160.46135891254787
14016/03A/11-09-04/NIT/2,68.76943842508736,18.1887584052208,159.77873413047635
14016/03A/11-09-04/NIT/3,72.80966193277048,18.23198640910545,157.5929073844761
14016/04A/11-09-04/NIT/1,72.16712629397368,17.918605084636877,158.16757903825564
14016/04A/11-09-04/NIT/2,69.65332587771589,17.601328623105307,159.1155317404907
14016/04A/11-09-04/NIT/3,69.7222109517153,17.623163043757952,156.114080409025
14016/05A/11-09-04/NIT/1,70.34987437741597,18.298307360061624,160.39487780108564
14016/05A/11-09-04/NIT/2,67.9473654502983,18.040960554752683,159.4459939829201
14016/05A/11-09-04/NIT/3,69.92817144126312,17.838451157498127,157.13541122788305
14016/06A/11-09-04/NIT/1,73.91541210566213,18.5954646042747,160.61488296339954
14016/06A/11-09-04/NIT/2,67.9514080817017,18.243094602713253,162.30719781382837
14016/06A/11-09-04/NIT/3,69.31255880249041,17.50070439924843,159.4286306623795
14016/07A/11-09-04/NIT/1,71.26913890970583,18.028318954914933,159.77572653085772
14016/07A/11-09-04/NIT/2,71.82584370449268,18.2452256462151,158.71094870407686
14016/07A/11-09-04/NIT/3,72.33962527017555,18.29617950094804,159.79424456070765
14017/04A/11-10-04/NIT/1,73.44108589919067,18.294503591619037,159.96015354117546
14017/04A/11-10-04/NIT/2,72.22191020370833,18.157564926627845,159.96015354117546
14017/08A/11-09-29/NIT/1,72.58413629406299,18.23840357285027,159.3854818873959
14017/08A/11-09-29/NIT/2,71.02425160904862,18.251193808901956,157.27931935058282
14017/08A/11-09-29/NIT/3,71.09442389972372,18.05287870250976,158.40310245076452
14017/08B/11-09-29/NIT/1,77.17270944870276,17.915706978919875,168.54348255737813
14017/08B/11-09-29/NIT/2,72.3758861604439,18.174149742337352,160.76502039821705
14017/08B/11-09-29/NIT/3,67.55032802629088,18.595463556969506,159.43645800498996
14017/09A/11-11-01/NIT/1,70.46286171406614,18.041725962967558,160.86887001652067
14017/09A/11-11-01/NIT/2,72.00975973608475,18.191721483427184,159.98885080990098
14017/09A/11-11-01/NIT/3,74.2043937488352,17.76654560493216,165.69806057603805
14017/11A/11-10-05/NIT/1,71.05274127231088,18.307979321943424,159.31647156357195
14017/11A/11-10-05/NIT/2,67.69367660425077,17.704853305079528,158.0360136211537
14017/11A/11-10-05/NIT/3,67.96719731857227,18.168969627150243,160.1257447067283
14018/03A/11-09-26/NIT/1,70.63258064474377,18.105888627846806,159.6217115995704
14018/03A/11-09-26/NIT/2,67.9458173931615,18.01587015054732,159.33540274759133
14018/03A/11-09-26/NIT/3,69.48197032473843,17.512200632301802,157.97409672553866
14018/04A/11-10-29/NIT/1,69.79581327602104,17.873547932126797,158.61887613417562
14018/04A/11-10-29/NIT/2,68.51571258512088,18.026691246652103,156.71349842205578
14018/04A/11-10-29/NIT/3,68.0919712904121,17.45325937393792,159.84068415945447
14018/04B/11-10-29/NIT/1,68.41176822990758,18.08451086980534,156.61566614051188
14018/04B/11-10-29/NIT/2,68.73695035439134,17.716703733372036,157.88265881323477
14018/04B/11-10-29/NIT/3,70.21657382238224,17.815006574127057,159.78078809252492
14018/06A/11-09-26/NIT/1,67.94986002456487,18.015100231389287,159.8354888854129
14018/06A/11-09-26/NIT/2,68.66338864696415,17.973350996479862,157.199735389015
14018/06A/11-09-26/NIT/3,68.38317345157638,17.756708054164665,156.4772635730861
14018/08B/11-10-30/NIT/1,67.74156669738194,17.558729181675506,159.11859023775477
14018/08B/11-10-30/NIT/2,68.92065473974989,17.48182452330879,158.3339743658877
14018/08B/11-10-30/NIT/3,67.96719731857227,18.168969627150243,160.1257447067283
14018/09A/11-10-30/NIT/1,72.03967415570119,18.213587487137666,160.25104282839382
14018/09A/11-10-30/NIT/2,69.16970791438483,17.707131137341666,156.8169697833791
14018/09A/11-10-30/NIT/3,70.17892767632192,18.2561755609045,160.86887001652067
14019/07A/11-11-01/NIT/1,68.1199852925479,17.69769096135361,155.60970423918033
14019/07A/11-11-01/NIT/2,68.8841740693179,17.598914092479074,155.807780415133
14019/07A/11-11-01/NIT/3,70.63258064474377,18.20722731389774,159.6217115995704
14019/08A/11-09-16/NIT/1,67.9458173931615,18.178746575885864,159.33540274759133
14019/08A/11-09-16/NIT/2,71.67723226442645,17.618839736657915,159.03173035350002
14019/08A/11-09-16/NIT/3,67.7472652362141,18.046746996110574,161.2783396995187
14019/09A/11-09-16/NIT/1,68.0943219184181,17.781858150155134,158.13148258759813
14019/09A/11-09-16/NIT/2,69.64098731973105,17.868225304601136,159.10763626214296
14019/09A/11-09-16/NIT/3,68.51571258512088,17.66154111955532,156.71349842205578
14019/10A/11-10-12/NIT/1,68.21321607296018,18.094014783572316,156.1974853993526
14019/10A/11-10-12/NIT/2,67.94986002456487,17.917327674981163,159.8354888854129
14019/11A/11-08-30/NIT/1,69.28058485403069,17.655957277629977,159.68353588737878
14019/11A/11-08-30/NIT/2,69.41012770908038,17.70118631867231,158.98538390214358
14019/11A/11-08-30/NIT/3,69.60033981589504,17.378312744992744,157.7745341044128
14019/12A/11-08-30/NIT/1,69.53244414869012,17.624157910079877,157.40560437075172
14019/12A/11-08-30/NIT/2,68.15728780885874,18.06008549640757,159.4277275454302
14019/12A/11-08-30/NIT/3,68.03211027813965,18.0972060344853,157.26594626186406
14019/13A/11-10-12/NIT/1,69.55279942946733,17.61166681070458,158.94260167161
14019/13A/11-10-12/NIT/2,68.89444788763738,17.45043454672145,156.42768259789605
14019/13A/11-10-12/NIT/3,68.18568394965003,18.106125645027277,157.2383426693128
14019/13B/11-11-01/NIT/1,79.5543001163402,18.589803573258735,173.08016133507215
14019/13B/11-11-01/NIT/2,75.66306218820749,17.773638322373895,165.57209568053895
14019/13B/11-11-01/NIT/3,67.7962863530545,18.20877337311835,159.8630924779641
14020/01A/11-09-15/NIT/3,71.16485240469927,18.305692105944733,158.72612661629503
14020/02A/11-09-15/NIT/1,76.87911675527933,18.013120091941094,168.44329688683868
14020/02A/11-09-15/NIT/2,67.9458173931615,17.980887056444818,159.33540274759133
14020/02A/11-09-15/NIT/3,68.59927769973426,17.580199557411063,159.51540466260545
14020/03A/11-09-15/NIT/1,85.23831762581317,18.952651375315998,171.51869206056259
14020/03A/11-09-15/NIT/2,73.68827734683079,18.4502767113616,160.77756961210386
14020/03A/11-09-15/NIT/3,68.1199852925479,17.66018365138815,156.98369156492444
14020/04A/11-09-15/NIT/1,76.42672629863749,17.89544612536113,168.60429837327243
14020/04A/11-09-15/NIT/2,70.04612005922557,18.06596371742484,160.86887001652067
14020/04A/11-09-15/NIT/3,67.50728272478464,18.124115937265824,157.00458090695426
14020/05A/11-09-15/NIT/1,72.87694296087817,18.141070993070816,160.26025154568654
14020/05A/11-09-15/NIT/2,70.16365114513015,17.93059013257552,159.60952369755034
14020/05A/11-09-15/NIT/3,67.33103646120217,17.489164578595837,157.55094414336202
14020/06A/11-09-15/NIT/1,75.71488908374808,17.867628524931703,167.78595332947262
14020/06A/11-09-15/NIT/2,75.48560543545155,17.913823923290778,161.8041177559085
14020/06A/11-09-15/NIT/3,69.7086613905311,18.15490658538722,159.68908456803197
14020/07A/11-09-15/NIT/1,75.71488908374808,17.867628524931703,167.78595332947262
14020/07A/11-09-15/NIT/2,73.83181239054365,18.4655790230046,160.60174672911458
14020/07A/11-09-15/NIT/3,67.88012464514081,17.47592952177619,159.47686706712923
14020/08A/11-09-15/NIT/1,73.00573867074532,18.431710284242325,159.93785800787836
14020/08A/11-09-15/NIT/2,74.67951039106315,18.15978396300969,160.77756961210386
14020/08A/11-09-15/NIT/3,69.7222109517153,17.623163043757952,156.114080409025
15001/04A/11-11-14/NIT/1,83.00027800532997,19.08748749738086,172.43855701312683
15001/04A/11-11-14/NIT/2,75.34024489881544,17.938755235568234,163.29988086680825
15001/04A/11-11-14/NIT/3,75.37015931843187,17.72490008632698,163.56207288530106
15001/06A/11-11-14/NIT/1,75.34024489881544,17.8079138195188,163.29988086680825
15001/06A/11-11-14/NIT/2,83.89500290688427,19.199136457927924,172.28575004120586
15001/06A/11-11-14/NIT/3,74.10367860044357,17.481684463993645,161.42434251008078
15001/08A/11-11-14/NIT/1,74.26238346608419,17.83493256674535,162.30802303314408
15001/08A/11-11-14/NIT/2,72.13974627565496,18.210884125886462,161.60478729792237
15001/08A/11-11-14/NIT/3,74.38610071371524,17.381277527693054,164.54826954908268
15001/09A/11-11-14/NIT/1,81.39698797005319,19.01836883027211,172.0586770462088
15001/09A/11-11-14/NIT/2,81.08177852513475,19.185692224399983,172.73295427569795
15001/09A/11-11-14/NIT/3,85.38366451119414,20.253654851509516,166.4187255452737
15001/16A/11-11-14/NIT/1,76.27492942299587,18.436809887354737,166.789408867539
15001/16A/11-11-14/NIT/2,76.06577287839028,18.241550330795132,168.57351374292122
15001/16A/11-11-14/NIT/3,83.33291903013198,19.152557054313238,171.9812182432992
15001/17A/11-11-14/NIT/1,77.05883300965768,18.344299492862515,168.21588241070586
15001/17A/11-11-14/NIT/2,81.01846652580879,18.759252001958263,171.98678137334426
15001/17A/11-11-14/NIT/3,74.38441540965192,17.765487508410207,163.41413363130917
15002/01A/11-11-08/NIT/1,79.8605429491683,18.51815049579555,172.79175838648328
15002/01A/11-11-08/NIT/2,82.80345240426674,19.062903546612976,171.77004511183438
15002/01A/11-11-08/NIT/3,84.2456038496614,19.03906737733875,169.88343030491117
15002/02A/11-11-08/NIT/1,89.81730914305787,20.917817117830698,169.98036204147925
15002/02A/11-11-08/NIT/2,81.36708071395218,18.964721841525545,171.9810518220473
15002/02A/11-11-08/NIT/3,77.40000072791473,18.105493996001574,170.53421795941662
15002/03A/11-11-08/NIT/1,89.86680736817353,21.444130792598667,170.57041161072712
15002/03A/11-11-08/NIT/2,96.2743106569398,25.796133408880195,185.36335923479632
15002/03A/11-11-08/NIT/3,95.4901728207128,24.576781308825073,173.8973508316625
15002/08A/11-11-08/NIT/1,90.344054512624,21.732547412126866,169.9145939601211
15002/08A/11-11-08/NIT/2,82.90494980908615,19.195222338404115,171.77645189412874
15002/08A/11-11-08/NIT/3,69.91291090117464,18.120185706574038,160.82967544174258
15002/13A/11-11-08/NIT/1,89.38320327491355,21.083809624773266,170.21966822053113
15002/13A/11-11-08/NIT/2,89.93672281893025,23.28304116165295,174.58066260310645
15002/13A/11-11-08/NIT/3,76.31595280721837,18.23534645191908,168.68119091478005
15002/16A/11-11-08/NIT/1,93.08721338991033,23.612430471846086,173.14448108886958
15002/16A/11-11-08/NIT/2,95.5870949086089,24.700019597905165,176.0591139291782
15002/16A/11-11-08/NIT/3,95.07042510869817,24.67867296872138,174.5533344020738
15002/19A/11-11-08/NIT/1,90.07177957258644,21.38021397220379,170.27030130733777
15002/19A/11-11-08/NIT/2,75.44743779712076,18.119801865154802,163.86126971989515
15002/19A/11-11-08/NIT/3,67.76460253022151,18.260646337997724,156.32928901949012
15002/22A/11-11-08/NIT/1,92.90787350005711,23.533089599192568,173.68714676424545
15002/22A/11-11-08/NIT/2,92.25769890166619,23.561108002857832,172.8004301361818
15002/22A/11-11-08/NIT/3,88.82972768554724,20.217619212918645,168.68053531571005
15003/02A/11-11-07/NIT/1,88.67152868470167,21.503939414092056,171.31203057048535
15003/02A/11-11-07/NIT/2,88.80071391894882,21.383461067432503,170.88519817701538
15003/02A/11-11-07/NIT/3,94.91127958420294,24.76088171313443,176.1920722860685
15003/06A/11-11-07/NIT/1,95.36328903051417,24.88545447022629,183.70259391274507
15003/06A/11-11-07/NIT/2,94.91127958420294,24.76088171313443,176.1920722860685
15003/06A/11-11-07/NIT/3,84.29781726459514,19.534092919658853,169.79500827064808
15003/07A/11-11-07/NIT/1,91.0054310656967,23.16552378561939,175.17923968585896
15003/07A/11-11-07/NIT/2,89.09364865086347,20.13656604245909,169.3392101758201
15003/07A/11-11-07/NIT/3,89.28506303673926,20.06548363333391,170.388607805411
15004/01A/11-11-08/NIT/1,96.73520970762193,25.068208132762276,183.443302326212
15004/01A/11-11-08/NIT/2,100.43018501212869,26.122304322672054,193.97882513200133
15004/01A/11-11-08/NIT/3,95.17673162891008,25.52922752595472,184.39220810175206
15004/04A/11-09-20/NIT/1,94.84247976187093,25.251610223674625,182.23747270389478
15004/04A/11-09-20/NIT/2,99.35100877951811,26.124224477897627,193.02103492901725
15004/04A/11-09-20/NIT/3,95.13721812146677,25.43820738532463,182.649589497949
15004/05A/11-09-20/NIT/1,95.49745031781258,24.585792643743762,174.42338049635705
15004/05A/11-09-20/NIT/2,83.49756401281543,19.425291390940938,171.26730743452796
15004/05A/11-09-20/NIT/3,70.35502161551598,18.14404655637583,160.6810538317017
15004/14A/11-09-20/NIT/1,96.8247422944938,25.72585881335848,190.93839558414263
15004/14A/11-09-20/NIT/2,89.87478414758931,23.89391297120756,175.73805043587546
15004/14A/11-09-20/NIT/3,70.3183237131684,18.23013691955576,163.58013968501265
15004/15A/11-09-20/NIT/1,89.76370045692279,23.381597910699032,175.98188410051776
15004/15A/11-09-20/NIT/2,101.47414546764176,27.113435747943942,198.61521141909316
15004/15A/11-09-20/NIT/3,95.11148734802642,25.511738934060713,184.86056740648885
15004/17A/11-09-20/NIT/1,97.8455129039918,25.918603985405003,191.13205973881364
15004/17A/11-09-20/NIT/2,89.69417988082475,21.505740135926548,171.54210411935782
15004/17A/11-09-20/NIT/3,67.36473904804568,17.800551616136776,158.0918669336584
15004/20A/11-11-08/NIT/1,84.60730288781075,19.445103371563196,167.21617116442118
15004/20A/11-11-08/NIT/2,85.53507822234279,20.043316707109888,169.42417737338647
15004/20A/11-11-08/NIT/3,99.11801689765876,26.25122577640302,192.18112602670436
15004/21A/11-11-08/NIT/1,102.44828154194438,27.110389785844365,199.00420735284595
15004/21A/11-11-08/NIT/2,102.26204467201698,26.97246341395599,197.9482699247452
15004/21A/11-11-08/NIT/3,67.40086715799663,17.301746159107154,156.76446683573096
15005/02A/11-11-09/NIT/1,89.12786664495302,21.33602534180096,171.3500849968755
15005/02A/11-11-09/NIT/2,89.55722590354362,21.524313456001888,170.42428623577896
15005/02A/11-11-09/NIT/3,73.36167255618737,18.105333005822086,160.50830539498335
15005/05A/11-11-09/NIT/1,77.92452663502424,18.667013766246605,168.63704775083093
15005/05A/11-11-09/NIT/2,79.86185974218665,18.57591454758528,173.0032490694587
15005/05A/11-11-09/NIT/3,77.10800686084734,18.64842711934194,171.1367240233234
15005/06A/11-11-09/NIT/1,78.49859728899759,18.73345369146273,170.82399394870905
15005/06A/11-11-09/NIT/2,82.8654687308548,18.699685008080582,172.22009526389033
15005/06A/11-11-09/NIT/3,71.99473792943049,17.71768212952549,161.6517239329454
15005/13A/11-11-09/NIT/1,99.56937080231312,26.356314263120044,189.74498273938977
15005/13A/11-11-09/NIT/2,82.81692993242625,18.989220955440988,170.10351437055192
15005/13A/11-11-09/NIT/3,80.36439845342882,19.416065450201604,171.75363734591448
15005/22A/11-10-12/NIT/1,72.00049882957582,18.10230946042694,162.89592228179183
15005/22A/11-10-12/NIT/2,69.74372363207897,17.673740375070512,159.65295425795048
15005/22A/11-10-12/NIT/3,68.05082571805782,17.679315862766725,158.255068652198
15005/24A/11-11-09/NIT/1,88.36500616568482,19.912193633684584,168.8381901111808
15005/24A/11-11-09/NIT/2,96.27308509968256,24.520770388421163,173.7935102493535
15005/24A/11-11-09/NIT/3,96.61833211763452,24.13159848944887,173.65176033814413
15005/27A/11-11-09/NIT/1,90.61510373992775,21.580571203929164,167.61271560068948
15005/27A/11-11-09/NIT/2,84.58321681937603,19.196624777684477,171.92906715984603
15005/27A/11-11-09/NIT/3,84.2497501232048,19.161157605313416,172.27064951082858
15005/28A/11-11-09/NIT/1,68.38711359633929,17.583370718907396,159.16971986639908
15005/28A/11-11-09/NIT/2,67.66066991440074,17.708471211007385,157.81502564017129
15005/28A/11-11-09/NIT/3,66.96805642696788,17.43373109686055,154.87860483442327
15006/01A/11-11-09/NIT/1,97.71852802316637,25.461978461836626,183.57515076875316
15006/01A/11-11-09/NIT/2,97.36662854549299,25.9049330504023,188.5971300431613
15006/01A/11-11-09/NIT/3,97.76831175203067,26.010757349534597,188.2895437696487
15006/02A/11-11-10/NIT/1,91.98716241583178,22.79744821151203,170.72399520766484
15006/02A/11-11-10/NIT/2,84.18095874079869,18.961279666879133,170.08396743934512
15006/02A/11-11-10/NIT/3,77.5425827904742,18.39607352415697,170.29925563002539
15006/03A/11-11-10/NIT/1,80.17268026861572,18.97624339046426,171.5694765356557
15006/03A/11-11-10/NIT/2,77.42034863931175,18.528487780270755,170.60086370950918
15006/03A/11-11-10/NIT/3,70.54982229013235,18.103431888940673,161.4654894663401
15006/06A/11-10-12/NIT/1,89.94007954314804,22.00731238144925,168.2792758010829
15006/06A/11-10-12/NIT/2,78.07141106542386,18.287468091822,170.3181882685457
15006/06A/11-10-12/NIT/3,95.90321447197739,24.387003896793747,173.85793886016958
15006/10A/11-11-10/NIT/1,94.25872765624706,24.31090137590458,176.1375947717872
15006/10A/11-11-10/NIT/2,70.47566969678842,18.203513146295883,159.36338745289422
15006/10A/11-11-10/NIT/3,70.9745529007652,18.614111373077986,159.01268540988283
15006/14A/11-11-09/NIT/1,73.8671959978691,18.294503591619037,159.20965900440663
15006/14A/11-11-09/NIT/2,72.63207664596976,17.84010342513113,161.04651101860907
15006/14A/11-11-09/NIT/3,75.82048414755543,18.39276693698643,161.54130269461606
15006/18A/11-11-10/NIT/1,83.4847162388189,18.733631223185387,173.05763795257207
15006/18A/11-11-10/NIT/2,67.9514080817017,18.243094602713253,160.93321048808426
15006/18A/11-11-10/NIT/3,68.20273997267502,18.116959875092295,160.94172746907142
15006/22A/11-11-09/NIT/1,69.8616080413304,17.56838749377931,158.28675252367276
15006/22A/11-11-09/NIT/2,76.63144520095763,18.122389438172135,165.4416955513336
15006/22A/11-11-09/NIT/3,75.07470028458535,18.06664292732017,160.46462675863552
15007/02A/11-11-03/NIT/1,68.86629174196948,17.77806269655945,157.05282034927572
15007/02A/11-11-03/NIT/2,95.0646865763711,25.469503963581307,183.49705768894088
15007/02A/11-11-03/NIT/3,100.48306276362213,25.990772892679374,199.42617365590215
15007/03A/11-11-03/NIT/1,101.76067257023807,27.11279006897448,197.64255946046063
15007/03A/11-11-03/NIT/2,90.70389122520149,23.742768395773822,175.6838629845468
15007/03A/11-11-03/NIT/3,99.26964028927124,26.16707859688965,192.64251765483027
15007/04A/11-11-03/NIT/1,91.89186145371299,23.690277353645527,176.22084302217746
15007/04A/11-11-03/NIT/2,89.74535677656539,23.745712071894726,176.18859221409406
15007/04A/11-11-03/NIT/3,101.07799957259225,26.33041415604023,197.27297897218105
15007/05A/11-11-03/NIT/1,99.09988453882048,25.92009645360832,193.59485931948709
15007/05A/11-11-03/NIT/2,95.77691837394326,24.35261035777329,176.5489644698569
15007/05A/11-11-03/NIT/3,94.23841210233361,24.539286965882344,177.0937711648098
15007/06A/11-11-03/NIT/1,95.36871930350462,25.840460227671148,182.01339459321767
15007/06A/11-11-03/NIT/2,94.93843690733614,25.416767775843265,189.62803974740572
15007/06A/11-11-03/NIT/3,99.0269971579398,25.2983134565696,193.7364176271199
15007/14A/11-11-03/NIT/1,95.8095568960736,24.789738049594195,177.09597882055274
15007/14A/11-11-03/NIT/2,89.95096849891733,23.50447985341111,174.9440000196255
15007/14A/11-11-03/NIT/3,90.36634764080411,23.117763153833078,175.72906187500791
15007/15A/11-11-03/NIT/1,89.06895224297928,21.334041034808205,170.89874276340905
15007/15A/11-11-03/NIT/2,89.96699765274816,23.730084187458022,175.37344237100154
15007/15A/11-11-03/NIT/3,94.18659272799772,24.526687679352246,176.81078696657303
15007/16A/11-11-03/NIT/1,92.02128882473691,23.578643425120372,176.29111532586907
15007/16A/11-11-03/NIT/2,97.75668450105123,25.924620197665067,191.4958117002968
15007/16A/11-11-03/NIT/3,105.11215358651485,28.652117136977957,201.8581672592418
15009/02A/11-11-03/NIT/1,101.99275723681372,27.110389785844365,199.00420735284595
15009/02A/11-11-03/NIT/2,88.51231665505541,20.88823519971201,170.53310485902261
15009/02A/11-11-03/NIT/3,96.3020215658113,25.984501448945363,185.86581241582613
15009/03A/11-11-03/NIT/1,82.47812382776337,19.14970237181264,171.76186052140716
15009/03A/11-11-03/NIT/2,89.79537975592423,21.972870092908394,169.38575138556885
15009/03A/11-11-03/NIT/3,68.70063074024965,17.47150270397056,157.75779067901144
15009/10A/11-11-03/NIT/1,69.74943511820116,18.1033098260021,160.25009127663947
15009/10A/11-11-03/NIT/2,96.7645688211346,25.29613930620392,183.8494604835744
15009/10A/11-11-03/NIT/3,89.27430028939168,22.190898379087887,168.3926846297759
15009/11A/11-11-03/NIT/1,90.78918303891953,21.880336558686626,168.21851044381785
15009/11A/11-11-03/NIT/2,95.23476800134956,25.135514445371822,177.34584067570736
15009/11A/11-11-03/NIT/3,89.95096849891733,23.716963775116366,175.23417250166523
15009/15A/11-11-03/NIT/1,88.96386740938425,21.177797624447056,170.78541932258665
15009/15A/11-11-03/NIT/2,89.68450180728566,20.394049663493416,168.854568182603
15009/15A/11-11-03/NIT/3,90.42370809206587,23.197891520890376,173.18743728816418
15009/16A/11-11-03/NIT/1,90.01578835923557,21.72274746915791,168.21936872262916
15009/16A/11-11-03/NIT/2,73.79363479022796,17.78339377112852,160.87341875192777
15009/16A/11-11-03/NIT/3,73.12848294894859,18.436420283254165,160.46101578169012
15009/17A/11-11-03/NIT/1,90.09500761830242,21.765518020210006,171.3500849968755
15009/17A/11-11-03/NIT/2,62.832735174763705,16.183382114253238,149.92143731241995
15009/17A/11-11-03/NIT/3,89.75000356222056,23.980851758034692,175.73898933036455
15009/19A/11-11-03/NIT/1,101.06704500948929,25.960821807587568,198.0918310843768
15009/19A/11-11-03/NIT/2,88.49703620116823,20.414492206397885,169.84169031177706
15009/19A/11-11-03/NIT/3,80.28500615440852,18.73317929880667,171.88423509482462
15011/01A/11-11-14/NIT/1,76.62447225533496,18.355007193399192,167.89313514264987
15011/01A/11-11-14/NIT/2,69.53244414869012,17.624157910079877,158.33528208252363
15011/01A/11-11-14/NIT/3,69.0633499769041,17.590985171663057,158.56625951218567
15011/05A/11-11-29/NIT/1,68.58394938899643,17.600138994593376,156.6356324984911
15011/05A/11-11-29/NIT/2,98.5940876240598,24.764244419250115,188.8670995768131
15011/05A/11-11-29/NIT/3,108.99557750967567,29.54126888035786,212.7497409507582
15011/06A/11-11-29/NIT/1,87.98230302136511,22.345801200008005,170.83713958102635
15011/06A/11-11-29/NIT/2,71.59419057843117,17.867072889381987,160.65014900689985
15011/06A/11-11-29/NIT/3,70.19391910110947,18.108783652137856,160.55060085472175
15011/09A/11-11-29/NIT/1,69.05477762640604,17.473692462647396,158.59613115533762
15011/09A/11-11-29/NIT/2,103.81422114638077,27.7675110839898,203.79254905689206
15011/09A/11-11-29/NIT/3,109.16020105812963,28.958672643823622,214.13782299809841
15011/10A/11-11-14/NIT/1,114.38938573333158,32.16806773717135,226.9457890121234
15011/10A/11-11-14/NIT/2,98.28162529723419,25.265863457969697,178.60316149307104
15011/10A/11-11-14/NIT/3,89.27528199301666,20.793008207070148,169.75273241594815
15011/10B/11-11-14/NIT/1,88.20386872271108,20.07642957935771,168.99479695940784
15011/10B/11-11-14/NIT/2,70.21657382238224,17.815006574127057,160.82361675848048
15011/10B/11-11-14/NIT/3,83.85922728500775,19.239139192095475,169.5754199795981
15011/11A/11-11-14/NIT/1,79.58608617654805,18.569219805955804,172.4929872550064
15011/11A/11-11-14/NIT/2,83.24507601859598,18.984883158599676,170.31974326418074
15011/11A/11-11-14/NIT/3,87.94275591134594,20.765075500961284,169.24801445158553
15011/12A/11-11-14/NIT/1,85.65672422481485,19.936670768324557,167.82781434547874
15011/12A/11-11-14/NIT/2,82.90764489668841,19.614761259505922,171.95188946381242
15011/12A/11-11-14/NIT/3,83.35535603105268,19.511119934599275,171.54338441801536
15012/01A/11-11-10/NIT/1,88.20386872271108,20.385061904362143,168.1851932490258
15012/01A/11-11-10/NIT/2,81.63675344321162,19.035309850395052,172.42784163357962
15012/01A/11-11-10/NIT/3,88.58626898360241,20.653241529716478,169.6637665576127
15012/03A/11-11-10/NIT/1,83.25711069593619,19.245923695583304,171.96355549715386
15012/03A/11-11-10/NIT/2,71.15289345853665,18.393981586308907,162.48921482372714
15012/03A/11-11-10/NIT/3,71.24733016213101,17.90557790073061,160.6065538593962
15012/07A/11-11-10/NIT/1,73.65852171681546,18.114210491378703,159.95993507833762
15012/07A/11-11-10/NIT/2,70.17892767632192,17.90757009108349,160.86887001652067
15012/07A/11-11-10/NIT/3,80.89006034032165,19.232767976772003,172.54879346543922
15012/08A/11-11-10/NIT/1,68.83713978455175,17.729129853039122,159.13322392162272
15012/08A/11-11-10/NIT/2,69.45032938928298,17.687663239734505,158.4062341637011
15012/08A/11-11-10/NIT/3,73.83328569305526,18.584550001909594,160.73063297708086
15012/09A/11-11-10/NIT/1,83.33835761467638,19.000304437684438,170.10568028292366
15012/09A/11-11-10/NIT/2,104.87035629849663,28.176258297188173,201.66600457106736
15012/09A/11-11-10/NIT/3,95.67309279530555,25.61051471936332,189.76391855957527
15012/11A/11-11-10/NIT/1,77.03255265169427,18.19521491309175,167.77641578561975
15012/11A/11-11-10/NIT/2,72.82773655676512,17.830050668693357,159.96015354117546
15012/11A/11-11-10/NIT/3,71.26084414594875,18.34515468655703,159.71061549217862
15013/01A/11-11-07/NIT/1,88.97844052223964,21.129515381497985,168.4676420085111
15013/01A/11-11-07/NIT/2,89.12557104690335,21.137120682397484,170.11292199690092
15013/01A/11-11-07/NIT/3,89.32853091453414,21.175350834529244,169.71935924669035
15013/02A/11-11-07/NIT/1,88.97805109560313,20.92719942309221,169.67766546973175
15013/02A/11-11-07/NIT/2,83.07610517132035,18.966138018532614,171.28526622937878
15013/02A/11-11-07/NIT/3,85.60147786951002,18.877223102406678,169.9430165004096
15013/04A/11-11-07/NIT/1,105.36540921492843,28.238862638588646,202.2755103812494
15013/04A/11-11-07/NIT/2,106.00571908578607,28.262534681612355,202.25460749755584
15013/04A/11-11-07/NIT/3,89.95905215162723,23.06436764411897,177.75460033613152
15013/07A/11-11-07/NIT/1,90.28393604449,23.823303705567216,175.24771323149056
15013/07A/11-11-07/NIT/2,91.89186145371299,23.4493497049889,175.70533946387727
15013/07A/11-11-07/NIT/3,89.81058891585425,20.932484321437258,169.6275326292554
15015/01A/11-11-07/NIT/1,100.13524698324133,26.05124074687145,196.06622758922603
15015/01A/11-11-07/NIT/2,89.41837155645341,23.42523269711913,176.42383188032747
15015/01A/11-11-07/NIT/3,69.19265559720864,18.115336654427164,161.25323433736295
15015/02A/11-11-10/NIT/1,88.7507546875877,19.575779213040057,167.27840832526627
15015/02A/11-11-10/NIT/2,86.52651405055434,19.433354381175985,169.28544881405443
15015/02A/11-11-10/NIT/3,77.20502520425283,17.986306063460272,169.02180586281148
15015/03A/11-11-10/NIT/1,89.91878088721977,23.412392374423916,175.9083283220273
15015/03A/11-11-10/NIT/2,83.28527297947169,19.53256283003191,171.36227588470345
15015/03A/11-11-10/NIT/3,91.74664665454033,22.84395039397974,172.91463208387557
15015/05A/11-11-10/NIT/1,91.38172379761492,23.554431646748487,177.12151162513868
15015/05A/11-11-10/NIT/2,64.61563242064807,16.829475554426896,153.88132730339953
15015/05A/11-11-10/NIT/3,68.15428564932209,17.67344632071052,157.41196618198816
15015/09A/11-11-10/NIT/1,100.86191548734412,27.14740762302501,195.23202003302666
15015/09A/11-11-10/NIT/2,70.94758971428767,18.28578059940646,163.93550403723938
15015/09A/11-11-10/NIT/3,74.95198113651871,17.482259762570248,166.94632225266415
15015/13A/11-11-07/NIT/1,95.85005436723334,25.441024125055403,189.80202186450734
15015/13A/11-11-07/NIT/2,98.6378251458602,25.784602071078474,193.45189860817916
15015/13A/11-11-07/NIT/3,94.6930384298273,24.775671631689548,178.37940456136747
15016/04A/11-11-09/NIT/1,89.32675328837435,21.363646431632493,170.32748802012165
15016/04A/11-11-09/NIT/2,89.7327343477967,20.182584694813762,169.37276624495152
15016/04A/11-11-09/NIT/3,83.7407855528758,18.463085231824056,170.7161703564346
15016/08A/11-11-09/NIT/1,106.42007915510017,27.883224397521616,208.08686803078697
15016/08A/11-11-09/NIT/2,96.48267891893276,24.516562860143775,186.8912893169347
15016/08A/11-11-09/NIT/3,74.18600975966315,18.2513375253136,162.1444267345349
15016/09A/11-11-09/NIT/1,104.57887180197108,27.661832218621367,204.32694002293076
15016/09A/11-11-09/NIT/2,96.95841686241859,22.611875034743814,184.76698565189452
15016/09A/11-11-09/NIT/3,96.46047831939386,22.19611892607332,184.57838486983545
15016/11A/11-11-09/NIT/1,68.71549703570308,17.73263000782524,158.6876327387824
15016/11A/11-11-09/NIT/2,67.79100086495124,17.65000840851081,158.70113031710108
15016/11A/11-11-09/NIT/3,68.04839436418975,17.898350297787196,159.3795996711341
15016/12A/11-11-09/NIT/1,68.27811925681918,18.046746996110574,161.68085061284395
15016/12A/11-11-09/NIT/2,68.22516160490075,18.18441534011471,162.19660657849957
15016/12A/11-11-09/NIT/3,68.22516160490075,18.18441534011471,162.19660657849957
15016/14A/11-11-09/NIT/1,87.97101237082136,20.180173800289037,168.4367394507593
15016/14A/11-11-09/NIT/2,89.66507740129344,21.279779971160313,171.42918792353888
15016/14A/11-11-09/NIT/3,89.0912526264939,21.97376688201209,170.49282617389937
15016/17A/11-11-09/NIT/1,67.94354070250047,17.602210472640206,158.55511697086868
15016/17A/11-11-09/NIT/2,68.47042393693202,17.464777840318103,158.3088996880505
15016/17A/11-11-09/NIT/3,66.93597644478291,17.05211616749107,161.12541607939457
15017/01A/11-11-05/NIT/1,89.22897961801628,19.888901579714915,168.47140778874413
15017/01A/11-11-05/NIT/2,89.71260750857282,22.846744411821394,173.94594485579066
15017/01A/11-11-05/NIT/3,89.97082711786565,21.52843749675767,169.1463935835487
15017/03A/11-11-05/NIT/1,94.6878321571118,24.583981959760212,173.81779762083167
15017/03A/11-11-05/NIT/2,100.48421730747951,26.40434413790047,193.24443435490863
15017/03A/11-11-05/NIT/3,110.65415277288635,29.528539732519082,218.11733171867138
15017/04A/11-11-05/NIT/1,91.23641200875737,23.288317777086913,174.7747088079528
15017/04A/11-11-05/NIT/2,90.81398419728801,23.1715939990469,173.82978591950362
15017/04A/11-11-05/NIT/3,91.37899724154894,23.332787360474267,173.12785112422918
15017/06A/11-11-05/NIT/1,95.22032675779589,24.81661523181512,176.92721475099046
15017/06A/11-11-05/NIT/2,94.49744895090016,24.647686729519965,176.37530164870162
15017/06A/11-11-05/NIT/3,90.73890564039327,22.980388710386865,176.20847213460175
15017/10A/11-11-05/NIT/1,89.1770816092792,21.373282900659614,171.91229500946622
15017/10A/11-11-05/NIT/2,90.35092247535557,22.745354937019837,175.49076770361322
15017/10A/11-11-05/NIT/3,94.89525419025996,24.59788736633369,174.42001238883182
15017/13A/11-11-05/NIT/1,89.3966763687745,20.95209611357846,170.8479948117372
15017/13A/11-11-05/NIT/2,86.32843709658009,19.949334865160505,169.5654169155023
15017/13A/11-11-05/NIT/3,81.08177852513475,19.337267045345417,172.73295427569795
15017/14A/11-11-05/NIT/1,101.73224754253512,26.979410010121132,198.09884741683527
15017/14A/11-11-05/NIT/2,100.75550089305062,26.16820479204125,193.72661969029505
15017/14A/11-11-05/NIT/3,66.88810687377676,17.433630333411966,155.6546871319299
15017/19A/11-11-05/NIT/1,77.42427757170692,18.624305946383732,171.08008667715112
15017/19A/11-11-05/NIT/2,75.2791202518381,17.861438932407705,166.33087708673227
15017/19A/11-11-05/NIT/3,77.18010202565524,18.523484843322173,170.6572074798858
15019/03A/11-11-04/NIT/1,86.59607335746453,19.64334110760417,167.27840832526627
15019/03A/11-11-04/NIT/2,90.47138105358768,21.137526472292887,170.24028624602374
15019/03A/11-11-04/NIT/3,90.05724638649212,21.606471144235012,169.28959676597825
15019/04A/11-11-04/NIT/1,95.95333053193151,24.558519825858735,176.13738937972622
15019/04A/11-11-04/NIT/2,89.28506303673926,20.06548363333391,170.388607805411
15019/04A/11-11-04/NIT/3,72.20955536116493,18.302992692040796,161.94532635522765
15019/06A/11-11-04/NIT/1,89.59810833342083,22.923019323246844,175.63574667691628
15019/06A/11-11-04/NIT/2,83.84860951012017,19.18849164120973,170.6881009728959
15019/06A/11-11-04/NIT/3,67.67712345730372,17.592774878273932,158.4208465917946
15019/07B/11-11-04/NIT/1,88.1714729456367,19.970968824428077,167.1940535835175
15019/07B/11-11-04/NIT/2,90.16313881309371,23.518013339534978,174.58066260310645
15019/07B/11-11-04/NIT/3,89.05369896680627,22.503749748429264,171.22402049146635
15019/08A/11-11-04/NIT/1,97.4507276404678,25.85868951165772,188.82707604043733
15019/08A/11-11-04/NIT/2,101.80575240823656,27.089680057123623,198.05048322759794
15019/08A/11-11-04/NIT/3,94.67831918969519,24.454393386423025,174.26747073133518
15019/12A/11-11-04/NIT/1,89.98383850970735,20.229415754422217,170.44356502941665
15019/12A/11-11-04/NIT/2,88.75888742268414,21.495479143025502,172.48814724493937
15019/12A/11-11-04/NIT/3,92.02128882473691,23.578643425120372,176.29111532586907
15019/13A/11-11-04/NIT/1,88.38806930235462,20.11554354333799,167.1940535835175
15019/13A/11-11-04/NIT/2,96.18303653794081,24.157731795527287,173.86728827246523
15019/13A/11-11-04/NIT/3,90.19424339612054,23.561253985109484,174.93562448764212
15019/15A/11-11-04/NIT/1,88.86003851257611,20.519035491116757,167.27464943269774
15019/15A/11-11-04/NIT/2,95.21077736881573,23.4970119236035,173.40346474888574
15019/15A/11-11-04/NIT/3,91.53139181223334,23.550616314299337,173.6018454452014
15020/03A/11-11-08/NIT/1,90.13284368603234,22.396319221628797,175.175747079863
15020/03A/11-11-08/NIT/2,95.80795399211299,24.768350002825674,177.2625352343721
15020/03A/11-11-08/NIT/3,83.72191110586844,19.275467529122732,171.82529900336
15020/04A/11-11-08/NIT/1,82.64818715411833,19.511119934599275,171.54338441801536
15020/04A/11-11-08/NIT/2,76.32071543680486,18.145280950588397,168.53644786624145
15020/04A/11-11-08/NIT/3,70.3370663946937,18.03315425851686,160.8575316987565
15020/05A/11-11-08/NIT/1,90.56785375968936,21.334469473544527,170.78996575186133
15020/05A/11-11-08/NIT/2,99.70581272765499,26.292543001765257,191.93727483722066
15020/05A/11-11-08/NIT/3,97.81278527188049,25.98453386490092,184.2054122309637
15020/07A/11-11-08/NIT/1,89.87478414758931,23.877367868507655,175.39711838471723
15020/07A/11-11-08/NIT/2,94.78281853557742,24.410538520118063,178.4112951651939
15020/07A/11-11-08/NIT/3,95.00755304747328,24.415270714950925,176.22254645029201
15020/13A/11-11-04/NIT/1,91.48290503273306,23.279828694807055,176.51264032190963
15020/13A/11-11-04/NIT/2,94.16876191976117,24.42160757462928,177.0850088214012
15020/13A/11-11-04/NIT/3,95.84819161327967,25.313742084317976,183.34997486220075
15020/16B/11-11-04/NIT/1,90.5658628238814,21.523750547932956,170.92709773840062
15020/16B/11-11-04/NIT/2,88.80227033961306,19.73530734372167,168.29300420144384
15020/16B/11-11-04/NIT/3,88.7507546875877,19.557639636387538,167.27840832526627
15020/19A/11-11-04/NIT/1,87.96629417060014,19.62592203654827,169.38370740937998
15020/19A/11-11-04/NIT/2,89.30169689576874,20.206232411656277,167.9295253236322
15020/19A/11-11-04/NIT/3,94.82767697417061,24.652989274576672,175.14689798966606
15020/20A/11-11-08/NIT/1,83.42126768607916,19.51111993459928,171.77079889414816
15020/20A/11-11-08/NIT/2,81.96402822169789,19.474469353390035,173.06379349054487
15020/20A/11-11-08/NIT/3,81.90125633426341,19.41684685173755,173.06379349054487
16001/01A/11-10-01/NIT/1,89.87478414758931,23.681429049502302,175.69391115286325
16001/01A/11-10-01/NIT/2,94.49911761299985,24.800325405150925,176.9255429544622
16001/01A/11-10-01/NIT/3,89.74621441965415,22.801866529957415,172.6289010201411
16001/02A/11-10-01/NIT/1,84.0727006788456,19.81111465680858,169.76091895539034
16001/02A/11-10-01/NIT/2,84.0727006788456,19.81111465680858,169.76091895539034
16001/02A/11-10-01/NIT/3,83.55901386944761,19.375338113014347,171.4190411673259
16001/03A/11-11-04/NIT/1,89.90677472054746,22.610258901548896,172.62904840774434
16001/03A/11-11-04/NIT/2,83.76923937080868,19.485018574284165,171.40510431587919
16001/03A/11-11-04/NIT/3,75.44517283381728,17.737356825986748,162.44573514149485
16001/03B/11-11-04/NIT/1,89.94543647489931,22.893769793789087,176.66042214159944
16001/03B/11-11-04/NIT/2,89.12101127121154,22.629606081063624,172.73794679117293
16001/03B/11-11-04/NIT/3,72.98808406347449,18.246764585128677,163.39411960235913
16001/04A/11-11-04/NIT/1,90.3070548428281,23.45826728755816,175.31332899383324
16001/04A/11-11-04/NIT/2,89.28404699885745,21.452840841644996,171.72360984722093
16001/04A/11-11-04/NIT/3,77.24366232797404,18.348503996749056,168.6126024640636
16001/05A/11-10-01/NIT/1,89.48512181735059,22.821888407397193,175.70054624201978
16001/05A/11-10-01/NIT/2,91.12720932090305,23.31773614917088,176.82923201074797
16001/05A/11-10-01/NIT/3,89.46521981128872,21.427192509774738,171.65966573555164
16001/06A/11-10-01/NIT/1,95.54329140482417,25.23321901931345,183.5055282650533
16001/06A/11-10-01/NIT/2,95.04888136145989,25.104545834314827,183.149903033787
16001/06A/11-10-01/NIT/3,90.24277381356185,23.024250373891206,177.68614857013105
16001/08A/11-11-04/NIT/1,98.71551946814397,26.169578926031736,193.6969726093233
16001/08A/11-11-04/NIT/2,99.66861253381725,26.051240746871454,194.56821953416662
16001/08A/11-11-04/NIT/3,95.62296653039027,24.880402193483402,176.63728812473792
16002/01A/11-10-01/NIT/1,104.75927731087434,28.011131034431706,205.55103528478216
16002/01A/11-10-01/NIT/2,114.70074762488407,31.908737689374124,229.41676452880742
16002/01A/11-10-01/NIT/3,113.60035737538213,31.699952083133592,225.83596894669992
16002/02A/11-10-01/NIT/1,99.56513109599454,26.10030706921395,195.17829592684492
16002/02A/11-10-01/NIT/2,98.59616541888208,26.144241038161834,192.8472746336358
16002/02A/11-10-01/NIT/3,64.39075156671366,16.32801709208708,152.3001009046591
16002/05A/11-10-01/NIT/1,103.11554456462811,27.94790879601503,204.9082260404214
16002/05A/11-10-01/NIT/2,109.1289938786088,30.728657348302253,216.9796367504649
16002/06A/11-10-01/NIT/1,73.37319505970403,17.807767936802694,171.0087069797547
16002/06A/11-10-01/NIT/2,96.35133819790725,24.84898257228473,181.43438966075624
16002/06A/11-10-01/NIT/3,95.43365559335535,26.163502693273664,182.9180979904517
16002/08A/11-10-01/NIT/1,85.15332447772182,20.144581502813534,167.5636037086617
16002/08A/11-10-01/NIT/2,101.7322475425351,26.979410010121136,198.09884741683527
16002/08A/11-10-01/NIT/3,101.92491499868642,26.961849250589406,197.98876241280502
16003/01A/11-10-15/NIT/1,90.69454421413276,23.560430389070234,175.9083283220273
16003/01A/11-10-15/NIT/2,94.78858842822955,24.63852142729075,174.7702166473672
16003/01A/11-10-15/NIT/3,94.70498581819719,24.61070577706547,174.36368851704148
16003/02A/11-10-15/NIT/1,90.92924671436866,23.28364433737598,175.9291508190967
16003/02A/11-10-15/NIT/2,95.49745031781258,24.95912742577317,174.4675197793692
16003/02A/11-10-15/NIT/3,100.70965545919107,27.453802690812008,196.08357800866008
16003/03A/11-10-15/NIT/1,89.76370045692279,23.46514343367245,175.98188410051776
16003/03A/11-10-15/NIT/2,95.81714392463148,25.919812578753028,183.85835093040671
16003/03A/11-10-15/NIT/3,98.96961081599288,26.293480901332085,192.4184336035304
16003/04A/11-10-15/NIT/1,92.29127800876053,23.50784872884206,173.66746120754405
16003/04A/11-10-15/NIT/2,95.42412905200003,24.68085599458943,174.0486659847331
16003/04A/11-10-15/NIT/3,94.95560295290768,24.816148907147916,174.98932332559335
16003/05A/11-10-15/NIT/1,90.60162672119058,23.138725559307037,176.30732837136998
16003/05A/11-10-15/NIT/2,92.20767539872818,23.480033078616774,173.7990497620972
16003/05A/11-10-15/NIT/3,88.91075730098294,22.212580971662828,170.82920773207857
16003/06A/11-10-15/NIT/1,95.81714392463148,25.940734622221452,183.85835093040671
16003/06A/11-10-15/NIT/2,95.59818384847718,25.842676223824423,184.27867931949905
16003/06A/11-10-15/NIT/3,90.8127792313381,23.11852707804049,175.99760258509718
16003/07A/11-10-15/NIT/1,95.8532196552592,24.680881431711587,180.92310348930462
16003/07A/11-10-15/NIT/2,95.7787292949471,25.5395544072264,189.27814165249194
16003/07A/11-10-15/NIT/3,96.04418872001943,24.943941528566743,182.75537121443475
16003/08A/11-10-15/NIT/1,95.96403146279737,25.85025948808429,184.1830811840247
16003/08A/11-10-15/NIT/2,99.65160510481736,25.595195842768486,192.13186047131146
16003/08A/11-10-15/NIT/3,95.52941462827827,24.56958151134158,173.73812256062158
16004/01A/11-10-29/NIT/1,120.5782926610401,32.46578182753202,234.09766640991077
16004/01A/11-10-29/NIT/2,103.02428652772339,27.739740284016822,199.74314545407302
16004/01A/11-10-29/NIT/3,113.83418347321022,31.65871568142182,225.8596506369731
16004/02A/11-10-29/NIT/1,104.5226290385716,28.387193270505847,206.20824912975795
16004/02A/11-10-29/NIT/2,103.19909815127978,27.770736197770972,201.0909870383173
16004/02A/11-10-29/NIT/3,100.32607683564403,26.16816493723017,192.7997997740869
16004/03A/11-10-29/NIT/1,100.20859421845323,26.314146823291075,195.3499656884089
16004/03A/11-10-29/NIT/2,101.76781193831305,27.23901208393554,199.52042737904915
16004/03A/11-10-29/NIT/3,96.34953884828217,25.880854701343313,186.05327652347196
16004/04A/11-10-29/NIT/1,100.8340781801649,27.40624112577121,196.32819417309034
16004/04A/11-10-29/NIT/2,95.88610185744473,24.817519603011732,174.77320445082327
16004/04A/11-10-29/NIT/3,93.08721338991033,23.372445239365017,173.68259777374845
16004/06A/11-10-29/NIT/1,110.6716036884253,31.284702441245944,222.07943869232244
16004/06A/11-10-29/NIT/2,97.62010027617184,25.945303174532818,189.41401336575044
16004/06A/11-10-29/NIT/3,93.2013590572509,23.485851422202575,174.5573277192428
16004/11A/11-10-29/NIT/1,97.48705480756809,26.071430215736356,184.40813488905482
16004/11A/11-10-29/NIT/2,96.76770427396751,24.792516348889247,173.9993079402985
16004/11A/11-10-29/NIT/3,96.47875605735837,24.212598217240995,173.4374765142323
16004/11B/11-10-29/NIT/1,96.48429669387387,25.88676466288639,184.44740888179135
16004/11B/11-10-29/NIT/2,87.40582742676756,22.025234633066407,171.3966889570226
16004/11B/11-10-29/NIT/3,82.16877627984881,19.574361691084246,170.59358215657335
16004/12A/11-10-29/NIT/1,97.6293765656956,26.19957302805935,186.36714592068375
16004/12A/11-10-29/NIT/2,96.90985134200916,25.86097183231793,185.77572998900237
16004/12A/11-10-29/NIT/3,97.87430564522113,24.851150557394366,183.2347406414199
16004/14A/11-10-29/NIT/1,109.76107978758546,30.269780985980393,215.11141760418576
16004/14A/11-10-29/NIT/2,107.46947150496463,27.945847195191188,208.2232269945716
16004/14A/11-10-29/NIT/3,100.77022955443489,26.682911343601003,198.15836779144442
16004/16A/11-10-29/NIT/1,97.37549291959506,26.216359241565232,187.02554971293367
16004/16A/11-10-29/NIT/2,96.39177925773188,25.983491200228247,183.72544344075382
16004/16A/11-10-29/NIT/3,100.96439052617683,26.16049941709012,193.9714768072108
16006/01A/11-09-12/NIT/1,101.09705272025904,27.27886738286364,197.4037508790958
16006/01A/11-09-12/NIT/2,91.9595868853851,23.540316646538244,173.66746120754405
16006/01A/11-09-12/NIT/3,88.91367540927784,22.20788758590999,170.34987803324628
16006/02A/11-09-12/NIT/1,95.52941462827827,24.851005348996008,174.7702166473672
16006/02A/11-09-12/NIT/2,109.58947948695341,30.447378236794215,218.3290838126096
16006/02A/11-09-12/NIT/3,88.05037440883467,20.520838498545242,170.38505449067375
16006/06A/11-09-12/NIT/1,96.32547521063886,25.991663975247114,185.57338131841985
16006/06A/11-09-12/NIT/2,96.37220550301733,25.9258029962193,185.17906458536814
16006/06A/11-09-12/NIT/3,96.36348517930871,26.092223712113626,184.82359602814316
16006/07A/11-09-12/NIT/1,96.99349132218202,26.407167447998816,190.10858270990113
16006/07A/11-09-12/NIT/2,97.58853411148658,26.128287182386114,184.0463096027437
16006/07A/11-09-12/NIT/3,83.3468010827519,19.540545387785418,171.76256271296307
16007/01A/11-10-14/NIT/1,90.36800857260715,23.112199647710984,176.1376957677171
16007/01A/11-10-14/NIT/2,95.12992653689811,25.06209703267405,174.72951871903592
16007/01A/11-10-14/NIT/3,90.99122576406073,23.084556194469815,175.9291508190967
16007/03A/11-10-14/NIT/1,90.47328370181914,23.002426392664063,176.6531993260173
16007/03A/11-10-14/NIT/2,108.27814873823108,27.242490850505913,212.74426172777152
16007/03A/11-10-14/NIT/3,90.79981934334474,23.50877822009255,176.42383188032747
16008/01A/11-09-30/NIT/1,94.73866795234291,24.84644359030742,175.37489835297558
16008/01A/11-09-30/NIT/2,96.26443949047076,25.137285366154945,183.33606363247281
16008/01A/11-09-30/NIT/3,89.76847557490348,23.593915540146806,175.98473761716406
16008/07A/11-09-30/NIT/1,94.73866795234291,24.95407876489168,175.37489835297558
16008/07A/11-09-30/NIT/2,96.2983742945831,26.092161252903363,184.84649003073542
16008/07A/11-09-30/NIT/3,90.67526064389003,23.623412704666034,173.51394949898526
16009/01A/11-09-17/NIT/1,95.5311324519583,24.929165631569973,175.43459033229118
16009/01A/11-09-17/NIT/2,90.38503036447267,23.11976632697212,177.11693208175203
16009/01A/11-09-17/NIT/3,77.32336954381073,18.030811230970837,169.30591734728785
16009/02A/11-09-17/NIT/1,94.71218825933961,24.80795301582695,177.33487067655582
16009/02A/11-09-17/NIT/2,83.76923937080868,19.188491641209733,171.40510431587919
16009/02A/11-09-17/NIT/3,65.8382052468743,17.20226659127884,158.11280683069245
16009/04A/11-09-17/NIT/1,94.69477632804423,25.314132571911816,182.71706517635053
16009/04A/11-09-17/NIT/2,103.12739722643549,27.82218587984623,200.96365587473045
16009/04A/11-09-17/NIT/3,91.5815924409872,23.39232946746254,177.54045592432007
16009/05A/11-09-17/NIT/1,90.52904741700519,23.898623894773884,176.71793203240932
16009/05A/11-09-17/NIT/2,84.39100297049409,19.168508518958905,172.71795833904503
16009/06A/11-09-17/NIT/1,89.02705664763181,21.769247533875788,172.22953065356754
16009/06A/11-09-17/NIT/2,94.69774039370792,24.507159773019904,175.91306901340474
16009/06A/11-09-17/NIT/3,73.47931344670451,17.805683248542255,166.61945337260127
16010/01A/11-10-14/NIT/1,90.37822529865362,22.664234347395624,172.7491693043917
16010/01A/11-10-14/NIT/2,95.73063207449768,24.622496072144177,176.05911392917818
16010/01A/11-10-14/NIT/3,89.67674104461575,21.131015733329836,170.9217160086906
16010/02A/11-10-14/NIT/1,89.8979029459274,23.84142192907926,176.00556011423345
16010/02A/11-10-14/NIT/2,89.03879434081037,21.41158366876979,171.3811673842966
16010/02A/11-10-14/NIT/3,85.22637300144685,20.324957898197482,166.74283594115823
16010/02B/11-10-14/NIT/1,89.32376827169101,21.47219155676269,172.54775361686697
16010/02B/11-10-14/NIT/2,90.5689215768305,22.97927144797063,176.92899604331294
16010/02B/11-10-14/NIT/3,86.03510012762636,19.948488106275708,169.0313714118083
16010/03A/11-10-14/NIT/1,89.79906400633034,23.17011952162829,175.82339043805766
16010/03A/11-10-14/NIT/2,92.93576616056559,24.16676617872397,173.96571447043263
16010/03A/11-10-14/NIT/3,96.20848477328978,25.627499792068935,184.12331706871723
16010/04A/11-10-14/NIT/1,90.47328370181914,23.163277252988212,176.1376957677171
16010/04A/11-10-14/NIT/2,90.79981934334474,23.50877822009255,176.42383188032747
16010/04A/11-10-14/NIT/3,89.20698805275022,21.629308896406524,171.79228299541728
16010/06A/11-10-14/NIT/1,91.47090800053908,23.480033078616774,173.7990497620972
16010/06A/11-10-14/NIT/2,89.21430270900812,21.616936759882424,171.29141254499274
16010/06A/11-10-14/NIT/3,89.43935142193739,21.332598214543548,171.1864767825543
16010/09A/11-10-14/NIT/1,95.82637927264216,24.98026500226378,176.74392937229962
16010/09A/11-10-14/NIT/2,99.11801689765876,25.99260573757363,192.18112602670436
16010/09A/11-10-14/NIT/3,97.73965702180168,25.91136244142908,192.0606364711297
16010/10A/11-10-14/NIT/1,96.39177925773188,25.8992719120999,183.72544344075382
16010/10A/11-10-14/NIT/2,96.42572411968463,25.491300367284683,184.4978293787408
16010/10A/11-10-14/NIT/3,95.96558613195121,24.880426655611796,174.1761125300023
16013/01A/11-09-23/NIT/1,95.23269259632626,26.03738481151627,181.94738816235304
16013/01A/11-09-23/NIT/2,94.78858842822955,24.9042210347359,174.7702166473672
16013/01A/11-09-23/NIT/3,89.29959240791878,22.8494930539535,175.48455857904133
16013/02A/11-09-23/NIT/1,95.73063207449768,25.098212296239176,176.59723061405705
16013/02A/11-09-23/NIT/2,95.8339592065235,25.173296892988606,176.63728812473792
16013/02A/11-09-23/NIT/3,89.9908112783587,23.367565380339588,175.9291508190967
16013/05A/11-10-28/NIT/1,95.5311324519583,24.82153045698571,174.94061293042446
16013/05A/11-10-28/NIT/2,92.45965599313713,23.924315424265362,175.76509396528056
16013/05A/11-10-28/NIT/3,89.24823812787967,21.616936759882424,171.29141254499274
16013/09A/11-10-28/NIT/1,87.32082434065298,20.984107736499514,167.27217931420628
16013/09A/11-10-28/NIT/2,97.1668133415712,26.186209966926032,184.6285207238046
16013/09A/11-10-28/NIT/3,90.83574993530631,22.75115241783463,171.94789930449343
16013/09B/11-10-28/NIT/1,97.61505481533031,26.045920690033903,183.54916747159564
16013/09B/11-10-28/NIT/2,91.62660238061734,23.617255166614566,174.22710902384514
16013/09B/11-10-28/NIT/3,72.80574509454497,17.841266476423066,167.9244496103527
16013/11A/11-09-23/NIT/1,89.02705664763181,21.97006404664051,171.41992694318546
16013/11A/11-09-23/NIT/2,96.96711240262012,26.115830600230957,189.96514764461514
16013/11A/11-09-23/NIT/3,109.23331672112953,30.883700287295174,218.73138400160786
16013/13A/11-09-23/NIT/1,95.65244741741928,24.935465526667755,176.89578736534563
16013/13A/11-09-23/NIT/2,90.82026400554169,23.54237330518561,175.31332899383324
16013/13A/11-09-23/NIT/3,90.82026400554169,23.54237330518561,175.31332899383324
16013/14A/11-10-28/NIT/1,96.29112815771722,26.07737967492933,184.774878108658
16013/14A/11-10-28/NIT/2,99.3344588842265,26.629646519774962,190.53514485904643
16013/14A/11-10-28/NIT/3,99.0298541798562,26.593436936324036,190.43962396030673
16014/01A/11-10-07/NIT/1,95.5136970739329,24.837949455648936,176.44468895656047
16014/01A/11-10-07/NIT/2,95.73063207449768,24.834979993849434,176.59723061405705
16014/01A/11-10-07/NIT/3,96.65694510296844,24.940993444561027,177.5875278570885
16014/02A/11-10-07/NIT/1,97.0556496945358,26.283106254381458,190.06713491047412
16014/02A/11-10-07/NIT/2,96.8212191838834,25.940437493516068,189.54551439104938
16014/02A/11-10-07/NIT/3,92.19468568360153,23.36526243762812,173.51593306541304
16014/03A/11-10-07/NIT/1,96.3787403431377,26.133531780335037,184.21948247576788
16014/03A/11-10-07/NIT/2,95.86904377413721,25.019684814796104,176.89578736534563
16014/03A/11-10-07/NIT/3,84.45124468241703,19.546300234177632,170.04358732304874
16014/04A/11-10-07/NIT/1,100.47003209559774,26.30387507983625,191.53902275813962
16014/04A/11-10-07/NIT/2,95.83487203352185,24.87400437253037,176.23822213150316
16014/04A/11-10-07/NIT/3,96.348767118573,24.790143233766745,174.14328088861018
16014/05A/11-10-07/NIT/1,100.17386237739412,26.357794868628734,193.24148413399456
16014/05A/11-10-07/NIT/2,95.76950283098377,25.969191305904534,185.61322108995094
16014/05A/11-10-07/NIT/3,95.70333859749532,24.860911462706266,176.743245707849
16014/06A/11-10-07/NIT/1,96.80760322177322,26.257669587733655,189.98742810480704
16014/06A/11-10-07/NIT/2,89.84882105969008,21.427827488872644,171.65548729699955
16014/06A/11-10-07/NIT/3,77.43028195448333,17.93320636696652,168.35127115909464
16014/07A/11-10-07/NIT/1,91.76466304784681,23.56357860159019,173.7990497620972
16014/07A/11-10-07/NIT/2,89.54646882955578,23.50638338743441,175.51663214505268
16014/07A/11-10-07/NIT/3,89.91725774112462,23.468872961431703,175.73898933036455
16014/08A/11-10-07/NIT/1,96.78348850434459,25.934542760470993,189.5871142338121
16014/08A/11-10-07/NIT/2,98.99665899791266,26.396244679979812,192.14679524283343
16014/08A/11-10-07/NIT/3,95.56853562288028,25.94252070312133,186.2472419523366
16015/01A/11-09-28/NIT/1,94.82767697417061,24.945549984614406,176.8617775255006
16015/01A/11-09-28/NIT/2,90.50420314015736,22.982823947565553,176.18764963753233
16015/01A/11-09-28/NIT/3,69.66414563905896,17.928323536773938,161.57153955474084
16015/02A/11-09-28/NIT/1,97.69730293059544,26.03438433536839,180.95106009393803
16015/02A/11-09-28/NIT/2,96.46974748315456,23.711002725498,174.0757432675578
16015/02A/11-09-28/NIT/3,88.4652420806949,20.26147601198092,169.81229002548864
16015/03A/11-09-28/NIT/1,96.88621761606707,26.624888279902233,190.61070165364126
16015/03A/11-09-28/NIT/2,100.67437209197057,26.704473240281562,193.65363229041455
16015/03A/11-09-28/NIT/3,110.70510777061925,30.560751442411462,221.80481772005098
16015/05A/11-09-28/NIT/1,96.59139793380622,24.89581647167842,174.22155633915816
16015/05A/11-09-28/NIT/2,98.79335121668355,26.73645928903679,190.729233080914
16015/05A/11-09-28/NIT/3,97.05297137867775,24.21485822518034,173.76058266016432
16015/07A/11-10-08/NIT/1,95.43365559335535,26.22293748253664,182.9180979904517
16015/07A/11-10-08/NIT/2,94.58949710336618,24.95407876489168,175.37489835297558
16015/07A/11-10-08/NIT/3,72.82046580962088,18.111808537613882,167.41797000885597
16015/10A/11-10-08/NIT/1,95.52143432152137,25.313562994639373,177.06064882172765
16015/10A/11-10-08/NIT/2,94.86135910831634,25.076439050735363,177.33487067655582
16015/10A/11-10-08/NIT/3,89.05908167514069,22.063778639850614,172.06762958247364
16015/12A/11-10-08/NIT/1,100.65966220625978,25.947992769493396,196.77646213006486
16015/12A/11-10-08/NIT/2,88.60031918866859,21.927083191192867,170.6586056444959
16015/12A/11-10-08/NIT/3,71.90560273339666,18.58830408297911,164.18782627913794
16015/13A/11-09-28/NIT/1,95.73289134057923,25.015529244633317,181.19422419318462
16015/13A/11-09-28/NIT/2,100.42587633895245,26.421776415499288,191.9576027954483
16015/13A/11-09-28/NIT/3,108.47458583542549,28.676793192671138,217.20325445957528
16015/14A/11-10-08/NIT/1,89.3846250392815,23.30672440293602,176.50024117546428
16015/14A/11-10-08/NIT/2,95.26289779567374,24.885138848942507,174.8809209511089
16015/14A/11-10-08/NIT/3,69.84270422891366,18.563563808276097,164.26400206709795
16015/15A/11-10-08/NIT/1,89.52355559214082,23.20256965967231,172.3250298929868
16015/15A/11-10-08/NIT/2,95.06297297274986,24.71832224484608,174.05318690742334
16015/15A/11-10-08/NIT/3,67.59347920286127,17.745928717171598,158.87164393580647
16016/01A/11-09-17/NIT/1,95.14707993127698,25.7303961499456,182.88083787796626
16016/01A/11-09-17/NIT/2,97.55287902881663,25.858889537690697,191.2721025850121
16016/01A/11-09-17/NIT/3,69.68153033888358,18.282132421079996,163.25967510717345
16016/02A/11-10-10/NIT/1,100.17297766278011,26.475907314185104,196.56274443134222
16016/02A/11-10-10/NIT/2,98.64732997258115,25.948549061708334,192.8074348621047
16016/02A/11-10-10/NIT/3,65.2920729451884,17.28936213212361,155.08850758014077
16016/03A/11-09-17/NIT/1,95.8532196552592,24.91634126738914,183.23823018131867
16016/03A/11-09-17/NIT/2,98.04648011209527,25.980846368862185,191.74466514069567
16016/03A/11-09-17/NIT/3,95.53830079166168,25.8219737585683,183.46377125151585
16016/04A/11-09-17/NIT/1,102.88489876277025,27.709141752029556,198.8251977419122
16016/04A/11-09-17/NIT/2,97.75668450105123,26.00883948579342,191.4958117002968
16016/04A/11-09-17/NIT/3,80.05426449005179,18.622361895531537,171.71415431254144
16016/05A/11-10-10/NIT/1,99.27515173170734,25.9529058338701,191.8823134871358
16016/05A/11-10-10/NIT/2,89.22522585425224,21.811555646889136,170.08047548396925
16016/05A/11-10-10/NIT/3,62.96009174996198,16.211544249178385,151.1830973043661
16016/06A/11-09-17/NIT/1,89.60563064481518,23.249146681441626,175.51663214505268
16016/06A/11-09-17/NIT/2,78.73901742235867,18.341112988953288,172.80746812051936
16016/06A/11-09-17/NIT/3,62.14605026022176,15.472663704758565,157.3974702448662
16017/04A/11-09-11/NIT/1,94.62656187674988,24.618014652785032,175.54413678710227
16017/04A/11-09-11/NIT/2,90.36800857260715,23.643137676648895,177.47283125782653
16017/04A/11-09-11/NIT/3,62.77479068599591,15.279697537974291,156.64082124222733
16017/05A/11-09-11/NIT/1,100.5895609774648,25.9714173032033,196.06622758922603
16017/05A/11-09-11/NIT/2,95.76950283098377,25.738692829325053,184.5953965892301
16017/05A/11-09-11/NIT/3,72.82046580962088,17.883208777233158,167.41797000885597
16017/06A/11-09-11/NIT/1,95.98960372115643,25.331348752802015,183.59612307613781
16017/06A/11-09-11/NIT/2,95.87067273835966,24.825109132953717,175.95071155469375
16017/06A/11-09-11/NIT/3,65.92731148522468,17.658176698974938,155.6935151739746
16017/08A/11-09-11/NIT/1,96.04249038983247,25.58411288241253,189.1615342958314
16017/08A/11-09-11/NIT/2,94.35975241520102,23.438083903915395,175.76509396528056
16017/08A/11-09-11/NIT/3,73.50350338041439,17.52365351562678,168.91461779378173
16017/13A/11-09-11/NIT/1,102.19059307745657,27.097344179975007,198.05048322759794
16017/13A/11-09-11/NIT/2,102.6128069802018,27.814091836632937,200.37102234627835
16017/13A/11-09-11/NIT/3,91.16263842167045,23.86982464765126,173.72943868915723
16017/15A/11-10-10/NIT/1,102.58777602816173,27.74433740118495,201.3861804786233
16017/15A/11-10-10/NIT/2,101.7322475425351,27.063629298249484,198.09884741683527
16017/15A/11-10-10/NIT/3,71.23210735163322,18.13051643535611,164.90369502525638
16017/16A/11-10-10/NIT/1,101.06704500948929,25.960821807587568,198.0918310843768
16017/16A/11-10-10/NIT/2,100.47015300580668,26.1611018236324,195.88853046768375
16017/16A/11-10-10/NIT/3,88.20332445939984,21.283479330680322,169.0880705089899
16017/16B/11-09-11/NIT/1,99.59655777257375,25.91769508584959,191.9937467869448
16017/16B/11-09-11/NIT/2,95.31281827156037,24.94291629337099,174.27623924550048
16017/16B/11-09-11/NIT/3,65.89454796324397,17.79745813936456,157.29845943449317
16017/26A/11-09-11/NIT/1,97.73750391118244,25.86006162939477,191.96182425417138
16017/26A/11-09-11/NIT/2,99.12681089161998,26.026186144331394,194.57268552894055
16017/26A/11-09-11/NIT/3,72.73115313312677,18.06944828767172,166.0963862532699
16017/29A/11-09-11/NIT/1,95.95561317377864,25.61299819684991,189.36450386980184
16017/29A/11-09-11/NIT/3,95.6174346185637,26.071299870308476,189.3379591417648
16017/30A/11-10-10/NIT/1,100.5895609774648,26.051240746871454,196.06622758922603
16017/30A/11-10-10/NIT/2,95.2812140720318,25.157041143031318,183.01466634810004
16017/30A/11-10-10/NIT/3,68.26220360341803,17.309043165137684,156.95471260379287
16017/31A/11-10-10/NIT/1,95.57569144745288,26.19108711806481,185.66873508190096
16017/31A/11-10-10/NIT/2,96.97511749755846,26.00531512030626,187.92471203941477
16017/31A/11-10-10/NIT/3,87.23110432385891,20.55216313056876,167.47076561962967
16019/01A/11-10-28/NIT/1,95.73063207449768,24.727344819265173,176.59723061405705
16019/01A/11-10-28/NIT/2,90.71265035765074,23.557995151891546,175.9291508190967
16019/01A/11-10-28/NIT/3,77.64485258718008,18.093852819163498,169.50339578053237
16019/02A/11-09-23/NIT/1,90.71265035765074,23.557995151891546,176.4941041840191
16019/02A/11-09-23/NIT/2,90.26710103985106,23.101684949073544,177.6043281469339
16019/02A/11-09-23/NIT/3,87.44445105798648,21.110197368414422,167.66117987534054
16019/03A/11-10-28/NIT/1,94.80345916203932,24.649562673406837,175.85256640227126
16019/03A/11-10-28/NIT/2,94.20907279500047,23.782181022835044,175.19824124318754
16019/03A/11-10-28/NIT/3,91.15195512891712,23.29816735323973,175.31332899383324
16019/05A/11-09-23/NIT/1,89.96636238209906,23.84108492965978,175.4951556657222
16019/05A/11-09-23/NIT/2,88.93016782562061,21.598408341419876,172.38958178526704
16019/05A/11-09-23/NIT/3,88.85920069465655,21.511203733767683,171.8836738371172
16019/05B/11-10-28/NIT/1,89.23761335822671,22.88773033653551,175.48455857904133
16019/05B/11-10-28/NIT/2,89.32376827169101,21.47219155676269,172.54775361686697
16019/05B/11-10-28/NIT/3,91.10653908708275,23.97595352419663,175.57695277761474
16019/06A/11-09-23/NIT/1,91.66544545954953,23.429370077696035,176.24345614875617
16019/06A/11-09-23/NIT/2,89.67674104461575,21.131015733329836,170.9217160086906
16019/06A/11-09-23/NIT/3,95.70333859749532,24.732354244653582,176.743245707849
16019/06B/11-09-23/NIT/1,89.76439528419526,23.200098814402562,175.97799938440357
16019/06B/11-09-23/NIT/2,89.27334688685464,22.096227196258493,172.54101755596525
16019/06B/11-09-23/NIT/3,89.27134577945897,21.17949333058201,169.77396635369385
16019/07A/11-10-28/NIT/1,95.52941462827827,24.782065433046835,174.27623924550048
16019/07A/11-10-28/NIT/2,99.02605422147887,26.37315320341948,190.42884635769863
16019/07A/11-10-28/NIT/3,96.53365035354435,25.822857635763697,182.8042490795485
16020/01A/11-09-30/NIT/1,90.66357418782482,22.885458029300292,172.15199955764584
16020/01A/11-09-30/NIT/2,84.34715745146586,19.52802417137484,169.8322756107344
16020/01A/11-09-30/NIT/3,95.25215548920504,24.813773319161985,174.26959928357863
16020/02A/11-09-30/NIT/1,100.42587633895245,26.04946633095413,191.9576027954483
16020/02A/11-09-30/NIT/2,89.11854904297716,21.75486091603801,171.82604799511967
16020/02A/11-09-30/NIT/3,96.82824169730236,26.084460005876213,190.327921174639
16020/05A/11-09-30/NIT/1,96.80760322177322,26.40249613401914,190.5255447896859
16020/05A/11-09-30/NIT/2,96.03792691726373,24.92216874377728,174.48569387401383
16020/05A/11-09-30/NIT/3,90.25668734510123,23.163277252988212,176.1376957677171
16020/06A/11-09-30/NIT/1,95.52941462827827,24.743370174411748,174.7702166473672
16020/06A/11-09-30/NIT/2,89.10609270795058,21.938812154653366,172.54101755596525
16020/06A/11-09-30/NIT/3,95.86904377413721,24.935465526667755,176.89578736534563
16020/07A/11-09-30/NIT/1,96.15684273715088,25.72658528547923,185.12485226658762
16020/07A/11-09-30/NIT/2,96.63851158605641,24.21394260273634,170.9842045714682
16020/07A/11-09-30/NIT/3,89.76439528419526,23.31359876859398,175.9291508190967
16020/08A/11-09-30/NIT/1,90.79981934334474,23.425232697119135,176.42383188032747
16020/08A/11-09-30/NIT/2,78.8657611477267,18.450615731680283,171.29840306050752
16020/08A/11-09-30/NIT/3,90.92924671436866,23.557995151891546,175.9291508190967
16021/01A/11-09-16/NIT/1,89.90677472054746,21.93288232837015,172.62904840774434
16021/01A/11-09-16/NIT/2,89.54554687970625,21.775967345377,170.23169309381447
16021/01A/11-09-16/NIT/3,97.02153131664969,25.914547226098694,181.33127441909585
16021/02A/11-09-16/NIT/1,96.87024438694371,25.329253837803986,183.19560923275748
16021/02A/11-09-16/NIT/2,91.54299977058498,23.3675241780653,174.35869757839833
16021/02A/11-09-16/NIT/3,89.87559915045061,22.011247235590858,171.60739449959996
16021/08A/11-09-16/NIT/1,95.45272069010086,24.899704614499942,174.43091727126662
16021/08A/11-09-16/NIT/2,95.24045334467509,25.10949056926714,176.65551007870968
16021/08A/11-09-16/NIT/3,96.34953884828217,26.09333862304857,186.59139320835087
16021/09A/11-09-16/NIT/1,109.60564887808546,28.706514345118578,214.1079168787792
16021/09A/11-09-16/NIT/2,96.20317302602133,26.117197333382414,185.0326510557771
16021/09A/11-09-16/NIT/3,85.00108308486797,19.877648658944953,167.65534975718103
16021/14A/11-09-16/NIT/1,88.06143975874181,20.49331022844009,168.897656253279
16021/14A/11-09-16/NIT/2,69.90905392101328,17.944923192649135,158.51752902026175
16021/14A/11-09-16/NIT/3,96.06838967922492,26.127342414087344,183.98581747827924
16021/17A/11-09-16/NIT/1,96.60264336826613,26.110500856678247,186.83735153511446
16021/17A/11-09-16/NIT/2,91.53078711676321,23.080488379179602,174.11448835145697
16021/17A/11-09-16/NIT/3,95.63021348457481,24.697728344077756,173.78894845717804
16021/18A/11-09-16/NIT/1,96.0440778744961,24.341368469242898,174.22155633915816
16021/18A/11-09-16/NIT/2,86.0363163897979,19.9922711706993,170.19464023496286
16021/18A/11-09-16/NIT/3,90.25290276078171,22.4266449873363,171.6586892009046
16021/19A/11-09-16/NIT/1,96.76713598463986,24.185095819719994,172.18978342998284
16021/19A/11-09-16/NIT/2,89.18375072525667,21.683360413529808,171.34875768065123
16021/19A/11-09-16/NIT/3,99.29263113794812,26.788390767361623,191.4013395474041
16021/20A/11-09-16/NIT/1,88.4210792177271,22.205558025176845,169.34428971687993
16021/20A/11-09-16/NIT/2,90.67807088510597,21.69890355992884,169.03258310319782
16021/20A/11-09-16/NIT/3,89.45644752999947,21.770515658848982,170.0761951006925
16021/21A/11-09-16/NIT/1,76.31595280721837,17.93430637381872,168.55641457688975
16021/21A/11-09-16/NIT/2,68.54126250479987,17.805162140999204,159.98677229015212
16021/21A/11-09-16/NIT/3,78.80675487641717,18.71474550461507,170.18885070537735
17002/01E/11-09-02/NIT/1,75.28853079990999,17.780420155431454,161.65710513448823
17002/01E/11-09-02/NIT/2,68.12091973744711,17.689903544807663,159.36230009423366
17002/01E/11-09-02/NIT/3,70.4211076165994,18.015841725026466,161.72466232590253
17002/01F/11-09-02/NIT/1,69.04423628073758,18.06866742262718,161.13408944214697
17002/01F/11-09-02/NIT/2,67.45131222911655,17.541028520593787,159.5861065475825
17002/01F/11-09-02/NIT/3,72.13974627565496,18.210884125886466,161.60478729792237
17002/01G/11-09-02/NIT/1,67.05593581698655,17.568226364431144,158.75848227375482
17002/01G/11-09-02/NIT/2,66.4304390085938,17.174531709889973,158.7657702760197
17002/01G/11-09-02/NIT/3,73.97682073676812,18.243323215465185,161.26321771878432
17002/02C/11-08-11/NIT/1,69.14563727138416,17.752834879585134,158.91536139883746
17002/02C/11-08-11/NIT/2,68.13752166301221,17.466754803206346,156.8867658784337
17002/02C/11-08-11/NIT/3,84.36927929806471,19.534092919658853,169.79500827064808
17002/02D/11-08-11/NIT/1,79.36103227764734,18.52001208899176,171.1725576802004
17002/02D/11-08-11/NIT/2,68.6711151659398,18.232441743413418,161.7228625903708
17002/02D/11-08-11/NIT/3,89.6036167707389,21.21101655834713,171.43616777932127
17002/03B/11-08-09/NIT/1,83.89218263144906,19.466742511481375,171.19379260356487
17002/03B/11-08-09/NIT/2,67.73504169899984,18.295019385231118,162.06537881811633
17002/03B/11-08-09/NIT/3,89.40255715955506,21.253226048520684,171.78648960984103
17002/04C/11-11-08/NIT/1,85.0544249418689,19.505505451135686,170.97154262555236
17002/04C/11-11-08/NIT/2,67.62918881280011,17.792075269366027,158.7128677273715
17002/04C/11-11-08/NIT/3,83.19328765265529,19.24278118132833,170.81270952799682
17002/04D/11-11-08/NIT/1,76.55512025016232,18.23326197010171,169.46247008190008
17002/04D/11-11-08/NIT/2,72.08794810763042,17.901211339844632,160.29263696359013
17002/04D/11-11-08/NIT/3,79.6946055632826,18.78526240172072,172.77583459332587
17002/05C/11-08-09/NIT/1,75.83885706506892,18.32952653740239,161.31362253619238
17002/05C/11-08-09/NIT/2,70.0067401971748,17.712426367036723,159.3511995508742
17002/05C/11-08-09/NIT/3,81.8981165666714,19.35971352152288,172.83637901441207
17002/05D/11-08-09/NIT/1,87.8027270412559,20.620998635831707,167.37779118080127
17002/05D/11-08-09/NIT/2,70.37026731562749,18.100381505984107,161.37686548190587
17002/11A/11-10-19/NIT/1,67.81839354760648,17.607821269517704,158.41628810377986
17002/11A/11-10-19/NIT/2,68.77530256363134,17.700950772055418,159.21200372352527
17002/11A/11-10-19/NIT/3,67.03613994459734,17.061041253700537,159.60237765500287
17002/11B/11-10-19/NIT/1,87.89467163923659,20.690792982581353,167.93638818822492
17002/11B/11-10-19/NIT/2,78.60799682801176,18.464781273268205,169.08112659941813
17002/11B/11-10-19/NIT/3,75.55459549600603,17.84927648536329,161.91765588674204
17002/12A/11-10-19/NIT/1,81.93759764490277,19.338283375488064,172.62015012078325
17002/12A/11-10-19/NIT/2,69.37088037044747,17.719330714091356,159.60015791292975
17002/12A/11-10-19/NIT/3,64.01130058235876,15.952587839763405,152.04530951952586
17002/12B/11-10-19/NIT/1,71.56515160113048,17.949023404698327,162.87362674849473
17002/12B/11-10-19/NIT/2,74.7658996226344,17.72759222735288,161.95309066223436
17002/12B/11-10-19/NIT/3,67.30745211049292,18.128982714932288,158.82310044807224
17004/01A/11-08-05/NIT/1,89.26403021351311,21.588043370098884,171.65966573555164
17004/01A/11-08-05/NIT/2,83.55972975209195,19.237408613985174,171.4336325400475
17004/01A/11-08-05/NIT/3,68.57763242666876,18.059560756812285,161.42788307791125
17004/01B/11-08-05/NIT/1,95.21003917792598,25.216704381248576,183.30848788380777
17004/01B/11-08-05/NIT/2,95.96403146279737,25.631934465571316,184.82701995478504
17004/01B/11-08-05/NIT/3,89.68047674521723,22.99987515244607,177.75460033613152
17004/03A/11-08-05/NIT/1,95.46564899931356,25.805207423644955,185.61918982385833
17004/03A/11-08-05/NIT/2,99.67270890406533,25.940353360472358,191.8000646571846
17004/03A/11-08-05/NIT/3,95.30365667491293,24.609357127673306,175.27868056726933
17004/06A/11-09-20/NIT/1,95.5086099289367,25.51283965216008,185.4555885314841
17004/06A/11-09-20/NIT/2,95.45861305204399,25.914623527898325,184.9688672909714
17004/06A/11-09-20/NIT/3,71.33520588469119,18.221696723337093,165.20683447823737
17004/06B/11-09-20/NIT/1,89.46521981128872,21.88062418775257,171.65966573555164
17004/06B/11-09-20/NIT/2,69.52761473922114,18.282825142815263,162.02237729222495
17004/06B/11-09-20/NIT/3,63.20790663414223,15.848845465724747,151.89971583396274
17004/07A/11-08-05/NIT/1,89.46521981128872,21.588043370098884,171.65966573555164
17004/07A/11-08-05/NIT/2,85.16031004258535,20.1634988509953,167.28841993387087
17004/07A/11-08-05/NIT/3,81.29729651180371,19.25676256705983,171.61638790423245
17004/07B/11-08-05/NIT/1,95.64634531670337,24.675022220112016,176.81751191479762
17004/07B/11-08-05/NIT/2,89.41973153035323,21.59899005794586,171.87938906893706
17004/07B/11-08-05/NIT/3,73.53154994468402,17.523420778569612,165.6155295291343
17004/13A/11-10-29/NIT/1,90.75080018164603,23.28310463750914,175.99760258509718
17004/13A/11-10-29/NIT/2,89.54554687970625,21.397491961516106,170.23169309381447
17004/13A/11-10-29/NIT/3,66.16560339535508,16.644784089214653,160.28297230171827
17004/13B/11-10-29/NIT/1,95.46875184592294,24.813773319161985,174.26959928357863
17004/13B/11-10-29/NIT/2,94.95560295290768,24.920997654268913,175.52744001047222
17004/14A/11-10-29/NIT/1,91.1182729947714,23.54061810769834,173.51394949898526
17004/14A/11-10-29/NIT/2,89.31122610517149,21.656941966478396,171.4769103713667
17004/14A/11-10-29/NIT/3,66.7640783163668,17.57168997310748,158.5286628895469
17004/19B/11-10-29/NIT/1,95.42893129428695,25.82034894945048,182.01339459321767
17004/19B/11-10-29/NIT/2,95.89983704244857,25.441024125055403,189.80202186450734
17004/19B/11-10-29/NIT/3,84.42487087397986,19.886050550709488,167.76148625210251
17004/21A/11-10-29/NIT/1,94.99998701065581,24.781655606893743,181.53091780378034
17004/21A/11-10-29/NIT/3,76.85662248184394,17.981541142947496,168.87122332482113
17005/04A/11-11-05/NIT/3,69.92412880985974,17.624771478719225,156.63532509006149
17005/05A/11-11-05/NIT/1,77.3006664935319,18.324619027915173,168.16477049543653
17005/05A/11-11-05/NIT/2,70.0093934625272,18.23302837677621,160.96144505036946
17005/05A/11-11-05/NIT/3,66.91377971634438,17.13606856695419,161.0910501029735
17005/05B/11-11-05/NIT/1,71.2711358919771,17.900561458377194,161.13262232613326
17005/05B/11-11-05/NIT/2,67.6710156132332,17.643971015030832,157.82653692301122
17005/05B/11-11-05/NIT/3,67.20469352302526,17.183353999706732,160.80419171630848
17005/06A/11-11-05/NIT/1,76.32071543680486,18.383156750347833,168.53644786624145
17005/06A/11-11-05/NIT/2,72.70478296062062,17.949023404698327,161.2724877974466
17005/06A/11-11-05/NIT/3,67.74435196338345,17.284137163874735,158.10929251987568
17005/07A/11-11-05/NIT/1,76.45085959284621,18.354511894458767,166.68173169568016
17005/07A/11-11-05/NIT/2,70.46286171406614,17.90757009108349,161.85600038386323
17005/07A/11-11-05/NIT/3,66.60302258520197,17.140663973821916,159.65698286054558
17005/07B/11-11-05/NIT/1,70.31971442048192,17.912650752321177,160.56193917248592
17005/07B/11-11-05/NIT/2,62.819484352451866,15.878500302684849,151.7938241576404
17005/07B/11-11-05/NIT/3,62.3416788890103,15.711847839967035,152.57654467373433
17005/10A/11-08-22/NIT/1,77.12432775393124,18.253543557077275,168.10956752140848
17005/10A/11-08-22/NIT/2,70.46286171406614,18.11378851403673,160.86887001652067
17005/10A/11-08-22/NIT/3,63.32732217583121,15.835264750854007,151.99683373681748
17005/10B/11-08-22/NIT/1,79.09177091804158,18.60414621451014,170.74179635433532
17005/10B/11-08-22/NIT/2,76.3366490894846,18.321553996033007,168.2796460229531
17005/10B/11-08-22/NIT/3,67.17673827315066,17.83764910109343,158.21394204133227
17005/11A/11-11-05/NIT/1,70.372637097734,17.93945424074048,161.72033393480305
17005/11A/11-11-05/NIT/2,67.61247919446838,17.840544214728663,158.67551790396223
17005/11A/11-11-05/NIT/3,66.97468247234856,17.073950027980157,159.17494433474175
17005/22A/11-08-22/NIT/1,81.93759764490277,19.403907243170348,172.62015012078325
17005/22A/11-08-22/NIT/2,76.14478526695451,17.891563968876707,168.51934870020997
17005/22A/11-08-22/NIT/3,66.65406390239092,17.075970290913254,158.6796619800175
17005/23A/11-11-05/NIT/1,77.58273688862855,18.42925800490133,168.10986229661498
17005/23A/11-11-05/NIT/2,70.0093934625272,18.23302837677621,160.96144505036946
17005/23A/11-11-05/NIT/3,66.87084676028674,16.53884574015127,159.87787361403875
17006/04A/11-08-14/NIT/1,70.16365114513015,17.788203085707753,159.60952369755034
17006/04A/11-08-14/NIT/2,68.58394938899644,17.600138994593376,159.72666373649002
17006/04A/11-08-14/NIT/3,66.46835268159354,17.412651812627306,160.54722940102184
17006/06A/11-08-14/NIT/1,68.38147419503635,17.64370488706569,159.12639317488706
17006/06A/11-08-14/NIT/2,67.49358239536615,17.214937424005104,159.3787091813353
17006/06A/11-08-14/NIT/3,67.44757490060563,17.468545402853447,159.07534969971806
17006/07A/11-10-18/NIT/1,90.04892793691542,21.42981056560762,171.42918792353888
17006/07A/11-10-18/NIT/2,81.8981165666714,19.35971352152288,172.83637901441207
17006/07A/11-10-18/NIT/3,67.22346328927186,17.750829841914356,157.42569208378833
17006/08A/11-10-18/NIT/1,75.72180146804827,17.896878982140027,162.2242126265812
17006/08A/11-10-18/NIT/2,69.88375973878932,18.13272418053609,163.51355619441415
17006/08A/11-10-18/NIT/3,66.67891871614155,17.084004138437667,159.56841684409525
17006/09A/11-10-18/NIT/1,76.55512025016232,18.17263316908542,169.46247008190008
17006/09A/11-10-18/NIT/2,68.67117930708137,18.02807563674754,160.9539459863249
17006/09A/11-10-18/NIT/3,66.97692592222371,16.94224188243044,159.04606650892427
17006/10A/11-10-18/NIT/1,68.65079616855408,17.54833225205159,158.65915129087523
17006/10A/11-10-18/NIT/2,67.98638803338103,17.862946954807843,158.324121701052
17006/10A/11-10-18/NIT/3,67.06575011408991,17.137603834889855,159.92346235433777
17007/01B/11-10-19/NIT/1,70.16769377653354,18.13272418053609,160.1096098353719
17007/01B/11-10-19/NIT/2,72.82773655676512,18.448057674979754,159.96015354117546
17007/01B/11-10-19/NIT/3,68.08501073297192,18.150043302817284,159.80633772302755
17007/01D/11-10-19/NIT/1,69.27673192089726,17.60651877227684,159.25530552727318
17007/01D/11-10-19/NIT/2,69.72221095171531,17.623163043757952,156.114080409025
17007/01D/11-10-19/NIT/3,69.27904496704895,17.57154657399429,158.43450055912353
17007/02A/11-10-31/NIT/1,68.79673674967961,17.76662079742165,158.76707809649812
17007/02A/11-10-31/NIT/2,69.05487560908311,17.851364458215055,156.56431511718162
17007/02A/11-10-31/NIT/3,68.91589481987172,17.6090088497109,157.96165461185984
17007/02B/11-10-31/NIT/1,68.19109302748659,17.43246802447325,160.21346445594375
17007/02B/11-10-31/NIT/2,69.2047793292726,17.814896554097043,158.12942205359502
17007/02B/11-10-31/NIT/3,68.78119788522285,17.81669691422392,157.08450681508077
17007/05A/11-08-03/NIT/1,68.22102254932503,17.739977836794385,159.93048602656563
17007/05A/11-08-03/NIT/2,68.09242183533279,17.462521632033482,159.8661843203536
17007/05A/11-08-03/NIT/3,68.68988056087922,17.38860325411027,160.00439664718388
17007/05B/11-08-03/NIT/1,68.29642766878554,17.411789014249248,159.54240924935823
17007/05B/11-08-03/NIT/2,68.13136479583976,17.181049691748115,160.35318730473384
17007/05B/11-08-03/NIT/3,67.4442223790014,16.8939778566051,160.0029613691029
17007/16A/11-08-12/NIT/1,68.07103273579567,17.45325937393792,159.84068415945447
17007/16A/11-08-12/NIT/2,67.3020641101872,17.262993636143662,160.25704531836638
17007/16A/11-08-12/NIT/3,67.3020641101872,17.262993636143662,160.25704531836638
17007/20A/11-08-03/NIT/1,69.6701168033472,17.546212488103908,156.3343596042284
17007/20A/11-08-03/NIT/2,67.94874735135319,17.454938586658,158.7231281462472
17007/20A/11-08-03/NIT/3,68.98946183245573,17.424070417141774,156.0627960507229
17007/20B/11-08-03/NIT/1,68.0819532536365,17.697390636702124,159.14847432760928
17007/20B/11-08-03/NIT/2,68.64627102215023,17.347453125371214,159.7202716066436
17007/20B/11-08-03/NIT/3,68.85971066551348,17.540879982877957,157.789741711431
17007/21A/11-08-03/NIT/1,69.3863124154836,17.390374762864003,160.18917345656226
17007/21A/11-08-03/NIT/2,67.97013645089031,17.46420084475356,158.74862830714633
17007/21A/11-08-03/NIT/3,67.97013645089031,17.46420084475356,156.97213006807695
17007/23A/11-10-31/NIT/1,103.42442407885439,26.883779435841394,203.40624083035036
17007/23A/11-10-31/NIT/2,109.29867155246804,30.603019011534524,218.61826634234401
17007/23A/11-10-31/NIT/3,77.03507202247685,18.262717024911918,168.25108699251032
17007/23B/11-11-09/NIT/1,109.49532244754975,30.31507796180436,217.53019915201668
17007/23B/11-11-09/NIT/2,91.69210403047141,23.09161749031099,174.4099632185823
17007/23B/11-11-09/NIT/3,83.1895868540165,19.300403546811648,172.268046400466
17008/01A/11-11-06/NIT/1,70.0093934625272,18.14404655637583,160.96144505036946
17008/01A/11-11-06/NIT/2,70.21657382238224,17.74445784174375,159.78078809252492
17008/01A/11-11-06/NIT/3,68.47905418730132,17.238883129789425,159.76999877235792
17008/01B/11-11-06/NIT/1,67.94986002456487,18.325408151273155,159.8354888854129
17008/01B/11-11-06/NIT/2,71.32096408004277,18.21893705248209,160.46135891254787
17008/01B/11-11-06/NIT/3,69.60084989366347,17.60868904035228,156.5135934574643
17008/02A/11-11-06/NIT/1,68.87265708168366,17.508642274451947,157.8617410500453
17008/02A/11-11-06/NIT/2,69.89184566090539,17.52952084203604,156.57590683058052
17008/02A/11-11-06/NIT/3,68.87924448534922,17.621813346377703,159.55569363907895
17009/04A/11-09-25/NIT/1,84.00688763728779,19.331705880626316,169.88343030491112
17009/04A/11-09-25/NIT/2,72.46280096210903,18.07837251049531,161.83072160338176
17009/04A/11-09-25/NIT/3,69.20947696528025,17.50209183882337,157.61747887397527
17009/05A/11-08-05/NIT/1,88.97224850368376,21.55264458994667,170.87972378032333
17009/05A/11-08-05/NIT/2,89.2743623959524,20.02900041479607,169.64926691629657
17009/05A/11-08-05/NIT/3,77.12432775393124,18.253543557077275,168.10956752140848
17009/10A/11-09-25/NIT/1,93.81469716275602,23.691687226688384,175.9695247775198
17009/10A/11-09-25/NIT/2,90.25515774136248,23.38034776953757,176.9730010185909
17009/10A/11-09-25/NIT/3,83.19382223813675,19.4023656950078,172.77846095017847
17013/01A/11-08-09/NIT/1,75.46517781170884,18.890881263051217,161.55382396164623
17013/01A/11-08-09/NIT/2,69.83095878923491,17.73221618416998,157.4335026554528
17013/01A/11-08-09/NIT/3,69.27904496704895,17.6764263108966,158.43450055912353
17013/02A/11-10-29/NIT/1,82.6716787136851,19.583972805908036,171.57850477833225
17013/02A/11-10-29/NIT/2,89.91230288370217,20.18656629816373,169.31548498512268
17013/02A/11-10-29/NIT/3,68.5675961325671,17.291233165439365,157.46536106320266
17013/03A/11-10-29/NIT/1,90.65173023454177,23.032920523748903,176.0692440017166
17013/03A/11-10-29/NIT/2,89.66403360916166,21.461726340773865,171.25880048480363
17013/03A/11-10-29/NIT/3,68.76405665803689,18.119901854977034,155.5260948613499
17014/01A/11-11-08/NIT/1,90.78007325391323,23.15026045805696,176.23887660536954
17014/01A/11-11-08/NIT/2,87.99159467362621,20.59591517941438,167.35193167127449
17014/01A/11-11-08/NIT/3,71.2711358919771,17.900561458377194,162.11975269347576
17014/02A/11-11-08/NIT/1,87.42054283359795,20.49345101940164,167.09814312991753
17014/02A/11-11-08/NIT/2,75.55698437834276,17.96587173518501,165.00553026821277
17014/02A/11-11-08/NIT/3,74.5840719139852,17.49532035443948,165.78445720787366
17015/03A/11-09-03/NIT/1,70.58325293000728,17.772049455263915,160.13481351598503
17015/03A/11-09-03/NIT/2,73.67642931061015,18.186762362322238,159.87961304564166
17015/03A/11-09-03/NIT/3,69.04968773557289,17.589792425808074,159.78050083799624
17016/04A/11-08-06/NIT/1,72.29186042260274,18.361843446855158,158.10585311001523
17016/04A/11-08-06/NIT/2,75.82048414755543,18.39276693698643,161.541302694616
17016/04A/11-08-06/NIT/3,69.04861321509794,17.5970721292817,158.72366768851424
17016/04B/11-08-06/NIT/1,83.38346110806272,19.18813819185466,172.94537281517782
17016/04B/11-08-06/NIT/2,73.42774517297748,18.559166872457094,160.76496565425012
17016/04B/11-08-06/NIT/3,67.7962863530545,18.183463783554725,159.8630924779641
17016/07A/11-11-06/NIT/1,76.63144520095763,18.412882186524044,166.19219008810242
17016/07A/11-11-06/NIT/2,76.98318833229204,18.296543427660943,166.95602727368978
17016/07A/11-11-06/NIT/3,69.72221095171531,17.623163043757952,158.41774544654103
17016/07B/11-11-06/NIT/1,81.93759764490277,19.11341449481844,172.84756459691604
17016/07B/11-11-06/NIT/2,71.09703756369855,18.167974608046322,158.63784595381472
17016/07B/11-11-06/NIT/3,69.22654624206828,17.653904378870447,159.3700424552696
17016/08A/11-11-06/NIT/1,80.60647257907362,18.793446529483962,173.03401556347316
17016/08A/11-11-06/NIT/2,70.05966287442689,17.811292406525194,159.52246394584876
17016/08A/11-11-06/NIT/3,67.11001271688257,17.224743597004643,159.83446971949647
17016/08B/11-11-06/NIT/1,83.26660531425146,19.288880279774478,172.29145191923445
17016/08B/11-11-06/NIT/2,76.63144520095763,18.412882186524044,166.19219008810242
17016/08B/11-11-06/NIT/3,68.66692618477252,17.533075211876298,159.04392981086963
17016/09A/11-08-08/NIT/1,78.71780059243177,18.749325933560936,170.387969753147
17016/09A/11-08-08/NIT/3,62.53169952942357,15.737100941021334,153.03277399152043
17016/09B/11-08-08/NIT/1,72.60907576768273,17.931882226440546,160.81231001151028
17016/09B/11-08-08/NIT/2,73.89630424267317,18.157321365328837,161.29733193311577
17016/09B/11-08-08/NIT/3,64.59630950203032,16.083353881253156,153.5656670845772
17016/19A/11-08-06/NIT/1,67.6710156132332,17.643971015030832,157.82653692301122
17016/19A/11-08-06/NIT/2,68.72519468881025,17.51612137854129,158.3598425587626
17016/19A/11-08-06/NIT/3,63.30924809420308,15.820587502294204,151.88198826359778
17016/20A/11-10-12/NIT/1,73.81811587112749,18.118674873094204,160.99354577942663
17016/20A/11-10-12/NIT/2,68.04299838355674,17.749351293524544,158.67567897755723
17019/01A/11-10-31/NIT/1,63.27264118347987,14.999691336140634,155.9696399043839
17019/01A/11-10-31/NIT/2,79.29187124640514,18.58145714772972,171.29840306050752
17019/01A/11-10-31/NIT/3,69.59252417024581,18.099595658400244,162.29543216747933
17019/01B/11-10-31/NIT/1,66.67918717213318,16.994081226015137,158.6026456407087
17019/01B/11-10-31/NIT/2,75.33967008716277,17.742864741355188,162.17314387482426
17019/01B/11-10-31/NIT/3,68.23245013665958,17.625418809154343,158.39410626949095
17019/02A/11-08-13/NIT/1,67.77848007232866,17.71000028219333,159.89551409729515
17019/02A/11-08-13/NIT/2,67.6587683111655,17.69147873114613,158.678362090705
17019/02A/11-08-13/NIT/3,70.01078282857817,18.129010012934234,162.1549507262118
17019/05A/11-08-13/NIT/1,66.27361441391307,17.299944128289724,157.8452130565406
17019/05A/11-08-13/NIT/2,66.06397332630378,17.185117834318895,160.2509601654793
17019/05A/11-08-13/NIT/3,70.16769377653354,18.13272418053609,163.4561035388435
17019/05B/11-08-13/NIT/1,67.96286464506365,17.186190573431453,158.66471866089051
17019/05B/11-08-13/NIT/2,64.73342403893673,16.063604543999936,153.45075318702987
17019/05B/11-08-13/NIT/3,73.50837585984921,18.1861124808548,162.41513640022012
17019/07A/11-10-23/NIT/1,67.00511855996275,17.661665119290095,158.32028921456535
17019/07A/11-10-23/NIT/2,67.67698100116242,16.99280421770985,158.8878648666719
17019/07A/11-10-23/NIT/3,67.28259824863242,16.918781069839394,161.1124960520147
17019/10A/11-08-14/NIT/2,67.4128100200703,16.963969672664003,159.1669786363682
17019/10A/11-08-14/NIT/3,68.37084747283936,17.08286954538143,158.74455899767506
17019/10B/11-08-14/NIT/1,62.27647356056465,15.959107443110492,154.0805372574042
17019/10B/11-08-14/NIT/2,69.81845478048861,18.32920852833693,162.41945950608758
17019/10B/11-08-14/NIT/3,71.80308836710138,17.862518037636768,165.91860952762656
17019/13A/11-10-21/NIT/1,68.93207278278861,18.247436301009706,158.47746170031868
17019/13A/11-10-21/NIT/2,68.94010986418702,18.189602483760698,162.14084534217878
17019/13A/11-10-21/NIT/3,75.263271723019,18.041036790758195,163.65221093237338
17019/13B/11-10-21/NIT/1,67.67853410716991,17.66841685925947,157.9194544463784
17019/13B/11-10-21/NIT/3,68.22536362177961,17.502386809060223,157.0062272104757
17019/18A/11-10-23/NIT/1,61.89264804057152,15.888594055410712,153.92725747438894
17019/18A/11-10-23/NIT/2,62.04233646958341,15.736236858011434,155.4089876869724
17019/18A/11-10-23/NIT/3,71.2711358919771,17.900561458377194,161.13262232613326
17019/18B/11-10-23/NIT/1,67.46055415857721,17.822706103661236,158.5085266967133
17019/18B/11-10-23/NIT/2,67.85604593079596,17.470633559478028,159.14606324294257
17020/01A/11-11-09/NIT/1,66.56274019468076,16.974531302607488,160.36008940602116
17020/01A/11-11-09/NIT/2,68.22460090049037,17.594192497567402,158.9818331657933
17020/01A/11-11-09/NIT/3,69.34246840918354,17.744601791492357,159.75431081287658
17020/02A/11-11-09/NIT/1,66.57078981375082,17.03595869575355,160.25766795577775
17020/02A/11-11-09/NIT/2,70.98853332033664,18.384939697343302,163.148984592807
17021/01A/11-10-31/NIT/2,61.82291491786466,16.351086955902293,150.52902149449412
17021/01A/11-10-31/NIT/3,62.14605026022176,15.472663704758565,157.3974702448662
17021/01B/11-10-31/NIT/1,70.82545270045505,18.63486427560364,161.91358386056183
17021/01B/11-10-31/NIT/2,62.75864447820171,15.284956384100967,153.5591854683586
17021/01B/11-10-31/NIT/3,62.553290279222765,15.308347582508576,156.715004581248
17021/03A/11-10-15/NIT/1,69.58848153884243,17.755074563571906,159.49168099214174
17021/03A/11-10-15/NIT/2,68.6257021914595,17.526613635944354,160.3739277620669
17021/03A/11-10-15/NIT/3,68.24409640361408,17.725415434627795,158.8357682829815
18001/01A/11-10-06/NIT/1,64.63944143135235,16.066951746548806,153.54113998828151
18001/01A/11-10-06/NIT/2,64.80762948609788,16.095664882001014,152.71205155779896
18001/01A/11-10-06/NIT/3,67.9153410501976,17.213628521302862,160.58091406689968
18001/02A/11-10-06/NIT/1,66.45270716990743,16.995826716345032,158.9954359560128
18001/02A/11-10-06/NIT/2,67.43218607565898,16.889097391779178,160.3523394715287
18001/02A/11-10-06/NIT/3,67.99543029022975,17.16350440376632,160.20643181382883
18001/10A/11-10-06/NIT/1,66.70592966255855,17.11138703936879,160.9962529532879
18001/10A/11-10-06/NIT/2,66.66596806566768,16.44345753609755,158.88613702837986
18001/10A/11-10-06/NIT/3,67.64007313173495,17.149026825328143,159.967030129858
18001/13A/11-10-06/NIT/1,66.30954228407673,17.00446519519733,159.2473453365317
18001/13A/11-10-06/NIT/2,67.52288876592142,17.31287197449821,159.68025487215579
18001/13A/11-10-06/NIT/3,67.38768675032803,16.89625980773172,159.24399497567705
18001/17A/11-10-06/NIT/1,65.50730571873801,16.24687523990932,155.7058562523949
18001/17A/11-10-06/NIT/2,62.3319544655017,15.865961636163338,153.38476160650126
18001/17A/11-10-06/NIT/3,67.34815408643554,16.94020930704851,160.04156218239365
18002/01A/11-09-13/NIT/1,64.05024219188313,15.983220849143432,153.68903036373158
18002/01A/11-09-13/NIT/2,62.094729380614844,15.888236640472833,155.10239304746383
18002/01A/11-09-13/NIT/3,64.05024219188313,15.983220849143432,153.68903036373158
18002/03A/11-09-13/NIT/1,62.353469897270166,15.680517446590821,152.88500587196117
18002/03A/11-09-13/NIT/2,63.12585997494205,15.037767965907628,155.87717283083947
18002/03A/11-09-13/NIT/3,67.36951271826796,16.994047707743935,160.81240857518955
18002/04A/11-09-13/NIT/1,67.24517427524115,16.872882835171715,159.2179290826189
18002/04A/11-09-13/NIT/2,67.41257194397242,16.870168442068934,159.99119222187335
18002/04A/11-09-13/NIT/3,67.36951271826796,16.994047707743935,160.81240857518955
18002/06A/11-09-13/NIT/1,62.578054916025586,15.644934920860893,152.72979198698036
18002/06A/11-09-13/NIT/2,62.3416788890103,15.711847839967035,152.57654467373433
18002/06A/11-09-13/NIT/3,63.95445393576344,15.93742120420261,152.75457822037683
18002/15B/11-09-13/NIT/1,62.45122138618458,15.926867199041434,152.24559092408768
18002/15B/11-09-13/NIT/2,64.98103403810144,16.23720964072341,153.8126464521131
18002/15B/11-09-13/NIT/3,67.61687432298366,16.961685616000192,159.4136360014787
18003/02A/11-08-18/NIT/1,68.13085297554728,17.534317224265255,159.08472760992672
18003/02A/11-08-18/NIT/2,69.08731333422213,17.313802476365403,156.88050330898713
18003/02A/11-08-18/NIT/3,69.06828269233347,17.524092310466298,159.36283763186097
18003/03A/11-10-18/NIT/1,83.5821330958804,18.983758268492306,172.7946750261692
18003/03A/11-10-18/NIT/2,81.29976216388683,19.088959066035812,171.77142651411825
18003/03A/11-10-18/NIT/3,73.39931495937405,18.082068536932045,160.26097079887552
18003/05A/11-10-18/NIT/1,74.74438905527053,18.002877689422842,162.33504792734968
18003/05A/11-10-18/NIT/2,74.95456207140383,18.017779113417717,163.1713588767757
18003/05A/11-10-18/NIT/3,88.58530676590567,20.08407104168359,178.82759272921618
18003/15A/11-10-18/NIT/1,73.61024776488624,18.64981314145866,159.91834094314132
18003/16A/11-08-18/NIT/1,74.40550916127042,17.536941197539175,163.12663726687578
18003/16A/11-08-18/NIT/2,71.13948383987444,18.4664195750119,160.27957345066991
18003/16A/11-08-18/NIT/3,74.3779143185689,17.71730738149728,162.74577897579556
18003/19A/11-08-18/NIT/1,69.8741742807352,17.758317540292065,161.11827473631863
18003/19A/11-08-18/NIT/2,70.05131944107937,18.20222375207924,160.7321455939722
18003/19A/11-08-18/NIT/3,71.72707123669765,17.94783031283576,162.6857037664679
18003/24A/11-08-18/NIT/1,69.59252417024581,18.099595658400244,159.99176712996334
18003/24A/11-08-18/NIT/2,69.26651388501236,18.394852840602166,160.26403729169212
18003/24A/11-08-18/NIT/3,67.56476148372327,18.336969147642133,156.81410775675684
18003/27A/11-10-18/NIT/1,90.28888542245456,21.20674718300133,170.16669955310425
18004/02A/11-08-29/NIT/1,67.841926578751,17.701539409695517,158.14664180734604
18004/02A/11-08-29/NIT/2,69.07224952439803,17.597362843809332,159.15719846281664
18004/02A/11-08-29/NIT/3,66.79186144104618,17.668038292412078,158.1754885010312
18004/03A/11-11-08/NIT/1,68.63576158856468,17.691028327637074,158.01682613591177
18004/03A/11-11-08/NIT/2,67.75227124845215,17.580167410413704,155.00247122151197
18004/03A/11-11-08/NIT/3,69.57789694446366,17.625113564135507,159.3978247176909
18004/07A/11-08-29/NIT/1,68.50900985427491,17.554182057691374,159.40856133517238
18004/07A/11-08-29/NIT/2,66.96710953908992,17.118955799700824,159.90989276874964
18004/07A/11-08-29/NIT/3,68.89656731548949,17.678045145853957,159.26525229975027
18004/17A/11-08-29/NIT/1,68.10222991316245,17.62745522228099,159.2066709242092
18004/17A/11-08-29/NIT/2,68.20086446127554,17.604341039386636,155.5768044894261
18004/17A/11-08-29/NIT/3,68.97305897818357,17.581397608071754,159.33509222657574
18004/19A/11-08-29/NIT/1,67.15798106512834,17.184968766375082,159.67372065918372
18004/19A/11-08-29/NIT/2,67.77902249390628,16.809291646897858,159.46236865972415
18004/19A/11-08-29/NIT/3,68.25634449598242,17.429878424873614,157.62760861339282
18004/23A/11-08-29/NIT/1,68.35508246493102,17.627519165792307,158.73664020179797
18004/23A/11-08-29/NIT/2,67.39194904161025,17.293867480908563,159.96988102722688
18004/23A/11-08-29/NIT/3,70.68550332199587,18.19652349235158,161.82293502784304
18004/25A/11-11-08/NIT/1,67.8502224884118,17.529617526498594,158.9704451291191
18004/25A/11-11-08/NIT/2,67.85501987723042,17.411789014249248,159.37731860044883
18004/25A/11-11-08/NIT/3,67.33552109612457,17.229330916676687,160.55069090416097
18004/26A/11-08-29/NIT/1,68.35080372826386,17.68336219770784,158.6610940968624
18004/26A/11-08-29/NIT/2,67.53606356059076,17.56717376159052,157.89457335948606
18004/26A/11-08-29/NIT/3,68.4613088839013,17.823597686531667,158.59468197528432
18006/08A/11-09-15/NIT/1,72.63207664596976,17.84010342513113,161.04651101860907
18006/08A/11-09-15/NIT/2,71.11438731922168,18.391372976126927,160.57444140634354
18006/08A/11-09-15/NIT/3,74.05500910831377,18.20990715663065,160.85859624778067
18006/09A/11-10-19/NIT/1,73.52972600694831,18.06847557732406,160.2823286161458
18006/09A/11-10-19/NIT/2,69.06021663736448,17.62869534272274,157.0004294705594
18006/09A/11-10-19/NIT/3,78.51265495422673,18.601809332754332,171.56059507900036
18006/10A/11-09-15/NIT/1,69.54711672377401,18.125348483762107,162.68194173063293
18006/10A/11-09-15/NIT/2,67.60864708681216,16.810948704665808,159.00476384023315
18006/10A/11-09-15/NIT/3,74.15752693321146,17.907521407908714,161.34007439990108
18006/17A/11-09-15/NIT/1,67.65335436728968,18.212943287437806,161.23878320768372
18006/17A/11-09-15/NIT/2,68.80458336721621,17.584668560095274,159.34495089944875
18006/17A/11-09-15/NIT/3,69.72557665291235,17.655648324282478,156.21714434890222
18006/20A/11-09-15/NIT/1,71.62131731803738,18.460880028982263,159.5207687492937
18006/20A/11-09-15/NIT/2,71.47897749796523,18.09708147103071,159.19104334031383
18006/22A/11-10-21/NIT/2,68.36787242594185,17.41990699118417,160.03840859007337
18006/22A/11-10-21/NIT/3,68.79570016929682,17.292321854205728,159.99682538378724
18006/23B/11-10-21/NIT/1,84.0727006788456,19.288600733183184,169.76091895539034
18006/23B/11-10-21/NIT/2,82.99615883884785,19.485018574284165,170.16093417444927
18006/23B/11-10-21/NIT/3,75.5603945966118,17.84106483465057,165.51156379661643
18006/32A/11-10-21/NIT/1,66.75691413024337,17.33209418160887,159.34237543001538
18006/32A/11-10-21/NIT/2,69.43740244159862,18.226199217298355,160.1891707058535
18006/32A/11-10-21/NIT/3,69.72221095171531,17.623163043757952,156.114080409025
18008/06A/11-10-04/NIT/1,68.29263201390505,17.744784627801955,159.34954018185206
18008/06A/11-10-04/NIT/2,67.84838788308706,17.478525040015608,159.198642306217
18008/06A/11-10-04/NIT/3,67.50483658360587,16.818709113163372,159.79073981761266
18008/07A/11-10-04/NIT/1,74.85116016469298,17.477242087298375,169.47662344339267
18008/07A/11-10-04/NIT/2,65.39295926446682,17.84405537330006,157.13569532292306
18008/07A/11-10-04/NIT/3,66.71902157508063,17.312999397645516,156.7839725322523
18008/08A/11-10-04/NIT/1,72.66934719447319,17.83174418448463,165.0230289814928
18008/08A/11-10-04/NIT/2,68.99102830319633,17.865035217664058,158.85470245574587
18008/08A/11-10-04/NIT/3,66.70628206798648,17.444980867211942,159.081989808133
18008/13A/11-10-04/NIT/1,86.4180845658564,20.1885861958776,168.86003556519873
18008/13A/11-10-04/NIT/2,72.00022343281546,17.940889757219285,164.18782627913794
18008/13A/11-10-04/NIT/3,67.09634895424769,17.254880944190607,158.86424389771415
18008/17A/11-10-11/NIT/1,108.01510815949537,27.879593056739296,210.8460845084781
18008/17A/11-10-11/NIT/2,78.47758356835682,18.75239911557998,165.53088538680743
18008/17A/11-10-11/NIT/3,66.24393121727535,17.46422897680263,158.59973226343064
18008/21A/11-10-11/NIT/1,67.62144472221577,17.71148938235366,158.82425491107878
18008/21A/11-10-11/NIT/2,67.80371476007859,17.807661899010377,159.58943976148296
18008/21A/11-10-11/NIT/3,68.12377400814141,17.319832555404957,158.0752296301705
18009/03A/11-11-08/NIT/1,72.04234322069392,17.80129074734774,164.49025739408825
18009/03A/11-11-08/NIT/2,70.54054739881364,17.91768778306149,163.0016343016828
18009/03A/11-11-08/NIT/3,62.77479068599591,15.279697537974291,156.64082124222733
18009/08A/11-10-05/NIT/1,65.88725213103233,16.36041010036493,151.49077682591516
18009/08A/11-10-05/NIT/2,67.77469600734965,17.14078479435727,157.1551544803676
18009/09A/11-10-05/NIT/1,68.01932161786348,17.747418410384807,158.25749928916653
18009/14A/11-10-05/NIT/1,76.713599337476,18.06593988256412,169.10124640674258
18009/15A/11-11-08/NIT/1,75.67562455077886,17.67881476217786,168.12806010006562
18009/15A/11-11-08/NIT/2,67.21601210237577,17.717354919134248,158.9440631165866
18009/15A/11-11-08/NIT/3,68.22881826247061,17.789855487215327,158.1510956947923
18009/16A/11-11-08/NIT/1,68.28821696199235,17.741102453481748,158.68630444886347
18009/16A/11-11-08/NIT/2,68.29272111000233,17.632083632574247,158.9597523972895
18009/16A/11-11-08/NIT/3,68.00710490268831,17.77727570461889,158.69575692900744
18011/01A/11-10-05/NIT/1,67.34788273108056,17.66394273873291,158.2215611063233
18011/01A/11-10-05/NIT/2,68.5346213963571,17.469467826926532,158.25948779301908
18011/08A/11-10-05/NIT/1,67.60886536591464,17.58496205046998,159.4945822861951
18011/08A/11-10-05/NIT/2,66.84363686240945,17.315221839082056,160.0545036196319
18011/08A/11-10-05/NIT/3,67.52622679849613,16.870099315007508,159.41859805078803
18011/09A/11-10-05/NIT/1,66.90299180469549,17.771743575261087,158.01895258959652
18011/09A/11-10-05/NIT/2,68.55848135049563,17.713508978392664,159.72042595170325
18011/09A/11-10-05/NIT/3,67.23531299181525,16.920684845979522,159.70545643745308
18011/13A/11-10-11/NIT/1,69.53726056501056,17.606202941698445,158.9006458787976
18011/13A/11-10-11/NIT/2,69.72221095171531,17.623163043757952,158.41774544654103
18011/16A/11-10-11/NIT/1,67.68236205235512,18.094014783572316,158.9611140057645
18011/16A/11-10-11/NIT/2,68.01607736442101,18.020567129466635,159.79692296388131
18011/22A/11-10-11/NIT/1,73.67642931061015,18.149255052356775,159.87961304564166
18011/22A/11-10-11/NIT/2,67.14963157496182,17.751797732708116,158.75496087488168
18011/22A/11-10-11/NIT/3,63.91995155061159,15.92337621838164,152.03090403565898
18011/26A/11-10-12/NIT/1,70.67292249505495,17.88056411892218,162.51837779329355
18011/26A/11-10-12/NIT/2,77.27644554201085,18.280134495356638,169.34872923495712
18011/26A/11-10-12/NIT/3,70.16769377653354,18.13272418053609,160.1096098353719
18011/30A/11-10-12/NIT/1,68.66692618477252,17.533075211876298,158.71652717928262
18011/30A/11-10-12/NIT/2,68.46702493635183,17.526852109777,159.7596799327092
18011/30A/11-10-12/NIT/3,69.09221725564412,17.321501889425683,159.47602472276176
18012/06A/11-10-28/NIT/1,67.84906069676806,17.773100675031777,158.024100219222
18012/06A/11-10-28/NIT/2,62.29904281369635,15.920164480026504,153.6564580198664
18012/06A/11-10-28/NIT/3,61.574297351507234,15.452590731200193,157.18977118318216
18012/09A/11-08-23/NIT/1,69.47213433339003,17.94390135366869,162.51616368320285
18012/09A/11-08-23/NIT/2,62.359814472175024,15.319407683412683,157.10394121559463
18012/09A/11-08-23/NIT/3,61.64178402949746,15.515481021506252,157.35471896658893
18012/11A/11-08-24/NIT/1,77.38720131003141,17.824358967616984,169.0297361968102
18012/11A/11-08-24/NIT/2,76.2008608518975,18.019028814778398,172.58554768436989
18012/11A/11-08-24/NIT/3,69.19326127425798,18.245203404317532,163.14819360095808
18012/12A/11-08-24/NIT/1,75.46711929912749,17.740713344467775,166.06245999918607
18012/12A/11-08-24/NIT/2,83.1109549823391,19.531062048284983,170.35812750793198
18012/12A/11-08-24/NIT/3,68.54263418750885,18.296012544844306,161.5009357434613
18012/15A/11-10-28/NIT/1,73.48765485159531,17.451908313473528,165.32192788257458
18012/15A/11-10-28/NIT/2,68.78460136783669,17.607171254395283,158.58076517813973
18012/15A/11-10-28/NIT/3,64.7237469900149,16.046838527350626,152.06752662156262
18012/16A/11-10-28/NIT/1,67.93406698831289,17.786751213456217,159.33040794859474
18012/16A/11-10-28/NIT/2,68.00559546955112,17.126805328042195,158.48555882315102
18012/16A/11-10-28/NIT/3,61.6623635499853,15.43451890550476,157.29077380215105
18012/19A/11-08-23/NIT/1,67.67853410716991,17.66841685925947,157.9194544463784
18012/19A/11-08-23/NIT/2,67.4617438197019,17.135088770717285,160.9787691740503
18012/19A/11-08-23/NIT/3,62.14605026022176,15.472663704758565,157.3974702448662
18012/23A/11-08-23/NIT/1,67.88431532480253,17.773093536666583,158.44209775036964
18012/23A/11-08-23/NIT/2,68.54263418750885,18.151671231296145,161.5009357434613
18012/23A/11-08-23/NIT/3,82.70113647766259,19.049713003507655,171.216404474085
18013/02B/11-08-17/NIT/1,67.83803175476525,17.549816655770016,158.74215156687595
18013/02B/11-08-17/NIT/2,69.11391520507082,17.672376817251163,158.83486695170652
18013/02B/11-08-17/NIT/3,66.72982682319311,17.205658157647612,160.6326657835505
18013/03A/11-08-17/NIT/1,69.02399882830427,17.642459731478212,159.22498923495849
18013/03A/11-08-17/NIT/2,68.97381400644942,17.57908031399946,157.39960466652818
18013/03A/11-08-17/NIT/3,69.2302001772325,17.31742692609086,160.46661390384352
18013/06A/11-08-17/NIT/1,70.36720375901712,18.164579334884696,161.50230148988075
18013/06A/11-08-17/NIT/2,76.50575593076006,17.78864602945368,169.02385156584555
18013/06A/11-08-17/NIT/3,74.49376209404518,17.415050884975496,165.1753459930463
18013/21A/11-08-17/NIT/1,69.66749002622025,17.645937809254907,159.19571893943063
18013/21A/11-08-17/NIT/2,67.73342923724346,17.60022843405361,159.25062288506868
18013/21A/11-08-17/NIT/3,68.6529293313592,17.674978324608983,158.30949212814514
18013/23A/11-08-17/NIT/1,70.3237570518853,18.257171847149515,163.53078099673294
18013/23A/11-08-17/NIT/2,67.90018388192858,17.577318807610336,159.67881784302412
18013/23A/11-08-17/NIT/3,68.08568078068886,17.61950919515683,157.45600683316977
18013/25A/11-08-17/NIT/1,69.08045529091727,18.35001976675424,162.8180915189799
18013/25A/11-08-17/NIT/2,67.50970152846257,17.63337643240845,158.9243880765827
18013/25A/11-08-17/NIT/3,68.3895192720167,17.484817886745226,157.58762238879848
18013/26A/11-08-17/NIT/1,68.14220724085817,17.526527375300393,158.55725264434724
18013/26A/11-08-17/NIT/2,68.83783683561401,17.525470667684147,158.11310487161668
18013/26A/11-08-17/NIT/3,68.8258565372743,17.372397424452398,158.83409587104433
18014/01A/11-10-14/NIT/1,67.31856764940933,17.65581303669723,159.2041263073182
18014/01A/11-10-14/NIT/2,67.58845118343068,18.16435275295262,158.68413724951367
18014/01A/11-10-14/NIT/3,69.11940869934237,17.586918549071303,158.65093751092402
18014/02A/11-08-24/NIT/1,68.12091973744711,17.689903544807663,158.78964401742962
18014/02A/11-08-24/NIT/2,68.8174247053327,17.71504882227647,158.07954545763394
18014/02A/11-08-24/NIT/3,68.29069500741579,17.558307723314794,159.0941410036302
18014/03A/11-11-03/NIT/1,78.29636118452648,18.708828556025104,171.77207237677507
18014/03A/11-11-03/NIT/2,70.96503682892866,17.937955798858486,162.44895343301684
18014/03A/11-11-03/NIT/3,67.19073673680079,17.631979934867676,159.24061316127094
18014/05A/11-10-14/NIT/1,77.48494310833611,18.300048556976503,168.21588241070586
18014/05A/11-10-14/NIT/2,68.68753398759743,17.72655527912079,158.69468044700344
18014/05A/11-10-14/NIT/3,67.05678684227523,16.975053691598088,159.20483899886506
18014/06A/11-11-03/NIT/1,68.4378831234376,17.779258318541768,159.1406234558104
18014/06A/11-11-03/NIT/2,68.41221304075502,18.17995326775708,161.64465971200028
18014/06A/11-11-03/NIT/3,67.6350044383253,17.100838040606106,158.6537979468081
18014/07A/11-11-03/NIT/1,67.52561916800875,17.73574771853575,158.05082598020562
18014/07A/11-11-03/NIT/2,70.36791480864261,17.884176738526687,162.87114462008924
18014/07A/11-11-03/NIT/3,67.15810666150865,17.752002554723827,158.97719265503704
18014/08A/11-08-23/NIT/1,67.85150278312359,17.214937424005104,159.3787091813353
18014/08A/11-08-23/NIT/2,67.04874263744365,17.280155891627228,160.21212441554403
18014/08A/11-08-23/NIT/3,61.89403099426334,15.593994397756637,157.48707047758217
18015/01A/11-08-23/NIT/1,72.77413842747747,17.98098962217421,166.42358367003297
18015/01A/11-08-23/NIT/2,65.26514643323904,17.453791247886056,155.3900787087068
18015/01A/11-08-23/NIT/3,62.0186261574379,15.590657121311656,157.83334712372815
18015/02A/11-08-23/NIT/1,69.88375973878932,18.13272418053609,162.13956886867
18015/02A/11-08-23/NIT/2,66.99880001209804,17.411619863928426,159.51072531033344
18015/02A/11-08-23/NIT/3,67.01646475233227,17.021209172323896,160.12776753718296
18015/03A/11-10-14/NIT/1,78.0219044119062,19.162117703509775,171.70071572143098
18015/03A/11-10-14/NIT/2,72.51517408418628,17.570452347122416,162.6616481793141
18015/03A/11-10-14/NIT/3,66.6942647496387,17.79375791907974,158.39809932147463
18015/04A/11-08-24/NIT/1,68.97969367599556,17.56083181453837,157.83743884962038
18015/04A/11-08-24/NIT/2,62.51239584431565,15.659419963954418,152.82413479181966
18015/04A/11-08-24/NIT/3,62.0186261574379,15.590657121311656,157.83334712372815
18015/05A/11-10-14/NIT/1,67.59222837295427,17.638833815479874,157.85994782631812
18015/05A/11-10-14/NIT/2,68.04516777322044,17.814817170482105,158.2174300712684
18015/05A/11-10-14/NIT/3,61.71805711417847,15.570403959088148,157.50380679111757
18015/06A/11-10-14/NIT/1,69.73160251283939,17.534528973566804,159.43981592920977
18015/06A/11-10-14/NIT/2,67.61967210581325,17.357887091125637,160.26455605144452
18015/06A/11-10-14/NIT/3,78.54527970074285,18.1988661856869,171.1801312766989
18015/07A/11-10-14/NIT/1,77.54295542340209,18.189327971347186,173.28304495794612
18015/07A/11-10-14/NIT/2,80.94666990729367,18.994786543750312,171.41283509646055
18015/07A/11-10-14/NIT/3,70.6417942332489,18.21206246113518,163.65822450575232
18015/09A/11-10-14/NIT/1,67.7025751307969,17.770130840045372,158.78670731756924
18015/09A/11-10-14/NIT/2,63.129929643490804,16.342630208488675,150.80298678112587
18015/09A/11-10-14/NIT/3,66.23915097091766,17.568226364431144,158.75848227375482
18018/01A/11-10-21/NIT/1,66.0204297888637,17.1418415843946,159.76828875650222
18018/01A/11-10-21/NIT/2,68.44454698136708,17.49881940302834,160.1383605275738
18018/01A/11-10-21/NIT/3,70.31971442048192,17.912650752321177,161.54906953982848
18018/04A/11-08-16/NIT/1,68.59939848837946,17.67584618191974,159.72159978868623
18018/04A/11-08-16/NIT/2,67.22557617828379,17.244371986304696,160.11817384220407
18018/04A/11-08-16/NIT/3,66.40008038321498,16.992105691896363,159.33120888278003
18018/06A/11-08-16/NIT/1,66.34488871247578,17.172750334065793,160.27310814192523
18018/06A/11-08-16/NIT/2,67.4442223790014,16.8939778566051,160.0029613691029
18018/06A/11-08-16/NIT/3,66.42527719136955,17.214280577158764,160.87575095440926
18018/08A/11-08-16/NIT/1,67.15783683583088,17.21906764036415,160.08894056386833
18018/08A/11-08-16/NIT/2,67.39194904161025,17.039504424704187,159.96988102722688
18018/08A/11-08-16/NIT/3,67.85604593079596,17.470633559478028,159.14606324294257
18018/09A/11-08-16/NIT/1,67.2328043538693,17.195143258340764,159.96247297655046
18018/09A/11-08-16/NIT/2,66.98825218689849,17.306058445605668,160.51389902923987
18018/09A/11-08-16/NIT/3,68.0840300395325,17.65529168343725,158.37228390752418
18018/10B/11-08-16/NIT/1,67.17933423694798,17.1418415843946,159.76828875650222
18018/10B/11-08-16/NIT/2,66.90296585257421,17.32145468034881,160.4851960643518
18018/10B/11-08-16/NIT/3,67.72122831992878,17.384536029937475,158.13122168970185
18018/23A/11-08-16/NIT/1,66.86950886663683,17.328573501585705,160.19155047855722
18018/23A/11-08-16/NIT/2,67.49115142628231,17.194812689002053,159.82114061633442
18018/23A/11-08-16/NIT/3,78.97722549157666,18.80682768098575,171.7965176635424
19001/01A/11-10-03/NIT/1,85.48589713587319,19.433554823926553,169.45444667332424
19001/01A/11-10-03/NIT/2,77.18010202565524,18.15833471622539,170.6572074798858
19002/03A/11-10-29/NIT/1,82.94541960366102,19.102423687385233,171.63527006095475
19002/03A/11-10-29/NIT/2,70.22782983031111,18.231225482282607,163.1864841623412
19002/03A/11-10-29/NIT/3,68.76584556615796,18.13876678551426,160.85655962747856
19002/11A/11-09-25/NIT/1,71.75774934346164,18.109798487036038,161.12133218500256
19002/11A/11-09-25/NIT/2,69.87908547208512,17.58826082902946,159.67601515401586
19002/13A/11-09-25/NIT/1,69.64347374265525,17.664639190569925,159.18767578736768
19002/13A/11-09-25/NIT/2,68.77854287802496,17.595904759305764,159.12227053307046
19002/13A/11-09-25/NIT/3,70.28544025807459,17.836203819624306,159.0338294487913
19002/13B/11-09-25/NIT/1,69.88375973878932,18.13272418053609,163.4561035388435
19002/13B/11-09-25/NIT/2,70.44012221021057,17.316556728189635,162.3928516440793
19002/13B/11-09-25/NIT/3,67.79382739823232,17.54144405351772,158.37089919902988
19002/17A/11-09-25/NIT/1,68.92143318570803,17.522007305245427,158.70802955278336
19002/17A/11-09-25/NIT/2,68.77371619202164,17.599144128271444,159.4066161871822
19002/17A/11-09-25/NIT/3,83.75614268325505,19.11882961401381,170.82664637944356
19003/01A/11-10-03/NIT/1,70.87562466580236,18.117523379738888,161.5299676604753
19003/01A/11-10-03/NIT/2,69.72221095171531,17.623163043757952,157.10121077636754
19003/01A/11-10-03/NIT/3,68.82623689458698,18.194820004915687,161.52545901448053
19003/02A/11-10-03/NIT/1,68.17542614507536,17.60542729895256,159.3426365127244
19003/02A/11-10-03/NIT/2,68.32197212116341,17.45393461399625,159.57914037779184
19003/02A/11-10-03/NIT/3,66.6520498632646,16.79630604156105,159.14495190998565
19004/01A/11-11-09/NIT/1,66.43279934203282,17.506161444703277,159.00539230332797
19004/01A/11-11-09/NIT/2,68.35508246493102,17.627519165792307,158.73664020179797
19004/01A/11-11-09/NIT/3,65.91750189652366,17.573416513602673,158.87606599808913
19004/02A/11-10-16/NIT/1,68.93503884170366,17.658548035380687,159.2405557853825
19004/02A/11-10-16/NIT/2,67.31409717279475,17.286205099971976,160.1866410989424
19004/02A/11-10-16/NIT/3,67.33160054652538,17.802247119527348,158.18438420947834
19004/03A/11-10-16/NIT/1,68.29550176025889,17.640906458329862,159.23905145239289
19004/03A/11-10-16/NIT/2,65.3761826087384,16.295642959986345,153.64344698753916
19004/03A/11-10-16/NIT/3,68.6646250012778,17.73861356852834,159.21082988654229
19006/01A/11-10-31/NIT/1,66.97082082433867,16.977982729247227,161.1188547743263
19006/01A/11-10-31/NIT/2,62.51775383488027,15.664394596355075,152.97559390240994
19006/01A/11-10-31/NIT/3,68.29026951275786,17.560171998857648,157.7225999558533
19006/01B/11-10-31/NIT/1,68.77004924834414,17.63449212259786,159.07369361748417
19006/01B/11-10-31/NIT/2,66.40645904554529,17.232317881524892,159.03755575835734
19006/01B/11-10-31/NIT/3,67.64038899228514,17.661885311825667,156.73162891567725
19006/03A/11-10-23/NIT/1,62.59640163448098,15.861322277526257,151.64121166385692
19006/03A/11-10-23/NIT/2,76.55512025016232,17.75294138256677,169.7194637398852
19006/03A/11-10-23/NIT/3,75.7281519186066,17.92623306197864,166.02972651223507
19006/05A/11-10-23/NIT/1,61.94979811011536,15.782663953034655,155.69866749347105
19006/05A/11-10-23/NIT/2,66.61710742084021,16.96385457470728,161.06403184976088
19006/05A/11-10-23/NIT/3,67.83046097648572,17.527513753092766,158.48283360664644
19006/10A/11-10-31/NIT/1,67.47351090770294,17.51859191630501,159.306368316847
19006/10A/11-10-31/NIT/2,66.68108636667789,17.04695704121382,158.65216576986293
19006/10A/11-10-31/NIT/3,68.24382450536596,17.62436026413935,158.98720977649114
19006/10B/11-10-31/NIT/1,67.68835290724061,17.76201203497105,158.11679274432666
19006/10B/11-10-31/NIT/2,62.683083141466085,15.94291139242361,152.33579634835002
19006/10B/11-10-31/NIT/3,67.32749497107402,17.60685298043532,158.68286478198425
19006/14A/11-10-31/NIT/1,65.17285313830409,16.223747888703866,153.16719553070007
19006/14A/11-10-31/NIT/2,63.2422245932438,15.00044722399158,155.20851979352366
19006/14A/11-10-31/NIT/3,67.15422512790227,17.617709702437764,158.84908950119188
19006/14B/11-10-31/NIT/1,69.32135167618829,17.650948765276045,156.76569786808895
19006/14B/11-10-31/NIT/2,69.30439322821255,17.54990044781701,158.9769493722828
19006/14B/11-10-31/NIT/3,74.48664796396578,17.948601855431573,165.67715989540798
19006/16A/11-10-23/NIT/1,68.80458336721621,17.584668560095274,159.34495089944875
19006/16A/11-10-23/NIT/2,66.49203123522268,17.33012813625839,159.40602055540379
19006/16A/11-10-23/NIT/3,68.52485575577904,17.73163106732067,159.23486939810923
19006/20A/11-10-23/NIT/1,67.88066868426924,17.263184300475245,158.5266431175565
19006/20A/11-10-23/NIT/2,61.94979811011536,15.071212769808401,155.69866749347105
19006/20A/11-10-23/NIT/3,88.96061246604896,21.860706996414468,171.3500849968755
19007/01A/11-09-30/NIT/1,89.1853334442914,20.904405725325542,171.57033819493577
19007/01A/11-09-30/NIT/2,78.59887286704141,18.388073667735316,172.09568636744982
19007/01A/11-09-30/NIT/3,84.34715745146586,19.29904664434365,169.8322756107344
19007/01B/11-09-30/NIT/1,88.262787149191,21.936981321519585,171.3185677740685
19007/01B/11-09-30/NIT/2,84.83645955418835,19.959246229320122,169.19670232085852
19007/01B/11-09-30/NIT/3,82.44323305246908,18.981149280166488,171.1921056103641
19007/01C/11-09-30/NIT/1,64.0964970400016,16.380874528884544,149.86231195783634
19007/01C/11-09-30/NIT/2,62.04444756315393,15.470137060131451,157.44560282501274
19007/01C/11-09-30/NIT/3,81.59908213531885,19.12695575247325,171.55812754729166
19007/02A/11-10-12/NIT/1,74.30353053628151,18.11155522896589,166.1175038343672
19007/02A/11-10-12/NIT/2,62.77479068599591,15.279697537974291,156.64082124222733
19007/02A/11-10-12/NIT/3,82.44739464672368,18.512048315922666,172.19460961174414
19007/05A/11-10-22/NIT/1,73.52417120951924,17.952168694856603,164.89782404290057
19007/05A/11-10-22/NIT/2,63.137859436692715,16.328134409656418,147.33122954568793
19007/05A/11-10-22/NIT/3,88.51666935444503,21.854544276717018,171.2760946674318
19007/05B/11-10-22/NIT/1,81.13699904903271,18.799155237594125,172.8708326684638
19007/05B/11-10-22/NIT/2,63.406486717720405,15.790981979461874,153.21846221861446
19007/05B/11-10-22/NIT/3,83.87106831475047,18.915367672038073,170.4090087702294
19007/07A/11-10-22/NIT/1,76.25287156318068,17.737143406163383,166.422871142537
19007/07A/11-10-22/NIT/2,62.77479068599591,15.279697537974291,156.64082124222733
19007/07A/11-10-22/NIT/3,88.45394224327113,21.747303940035234,171.4476854206707
19007/07B/11-10-22/NIT/1,74.09581828618026,18.133270361898443,170.71049998758835
19007/07B/11-10-22/NIT/2,62.77479068599591,15.279697537974291,156.64082124222733
19007/07B/11-10-22/NIT/3,64.80181921485413,17.454729588611723,158.0544185851871
19007/10A/11-10-04/NIT/1,68.88950482307473,18.218712026406624,158.67080265272264
19007/10A/11-10-04/NIT/2,64.0178741138741,15.132707745699166,155.77527430734634
19007/10A/11-10-04/NIT/3,90.81785258716904,23.333422378619833,175.18723105398578
19007/15A/11-10-06/NIT/1,83.57712046125003,19.177167245485197,171.81589626912915
19007/15A/11-10-06/NIT/2,63.090512887604525,15.109451485861715,156.84860162426926
19007/15A/11-10-06/NIT/3,91.96796024367218,24.16676617872397,173.77757328276675
19007/15B/11-10-06/NIT/1,83.13290377076918,19.20698938699945,172.40617153466846
19007/15B/11-10-06/NIT/2,63.55611176080737,15.113297700724443,156.57014542737298
19007/15B/11-10-06/NIT/3,92.68677798249234,23.563850896965764,173.24295753820542
19007/15C/11-10-06/NIT/1,81.29729651180371,19.25676256705983,172.60351827157498
19007/15C/11-10-06/NIT/2,63.614993108305086,15.05597445074679,156.159739382285
19007/15C/11-10-06/NIT/3,68.68385042988635,18.092496182921604,158.45259982264588
19007/18B/11-10-31/NIT/1,67.04736877442765,16.94612524498501,159.25331197773954
19007/18B/11-10-31/NIT/2,62.02191275884757,15.777196925722736,155.65990350104815
19007/18B/11-10-31/NIT/3,90.06757722461151,23.607032158783785,175.5356861791451
19007/27A/11-10-12/NIT/1,90.977691900725,23.590950220258673,176.54354881360686
19007/27A/11-10-12/NIT/2,72.4957495449774,17.9177650708554,165.7301985153177
19007/27A/11-10-12/NIT/3,90.72170940376208,23.453556678552292,175.24769145185942
19007/29A/11-11-12/NIT/1,90.06757722461151,23.99940422275336,175.5356861791451
19007/29A/11-11-12/NIT/2,64.50161751263646,16.771951240967493,153.80550732728008
19007/29A/11-11-12/NIT/3,90.06827205188397,23.96483218027687,176.0573332427583
19007/29B/11-11-12/NIT/1,91.29637417297015,24.0843138959918,174.59912909501375
19007/29B/11-11-12/NIT/2,64.011162180668,16.0061693536191,149.0845227758969
19007/29B/11-11-12/NIT/3,95.75008091961966,25.249908585982507,182.61049953608818
19007/29C/11-11-12/NIT/1,85.96973930387344,20.12777870171212,170.36796098106814
19007/29C/11-11-12/NIT/2,64.3195201323748,16.35147739882335,149.49361917685312
19007/29C/11-11-12/NIT/3,68.15242315128266,17.76709195839562,157.74061622841762
19010/01A/11-09-28/NIT/1,68.10196791002835,17.72389419882494,158.2862434348595
19010/01A/11-09-28/NIT/2,67.94326755625316,17.60033375678338,158.45492997504576
19010/02A/11-09-28/NIT/1,69.79873235719681,17.661562850340903,159.81029714182068
19010/02A/11-09-28/NIT/2,69.81510869873343,17.81953874292694,162.02726477883778
19010/03A/11-11-09/NIT/1,67.93503490584314,17.643223549328642,158.39626970895293
19010/03A/11-11-09/NIT/2,64.45919045325853,15.97857280060038,152.62484547126272
19010/03A/11-11-09/NIT/3,69.69863881701389,17.664287565859322,159.15747616764352
19010/04A/11-11-09/NIT/1,69.21011898546983,17.523526918424896,159.25868828756276
19010/04A/11-11-09/NIT/2,67.82333347060536,17.5419804696796,159.83142689657777
19010/04A/11-11-09/NIT/3,68.32811145535523,17.73255945882562,159.12547133759486
19010/05A/11-11-09/NIT/1,69.59642606454939,17.76172551036679,158.86508861951395
19010/05A/11-11-09/NIT/2,67.45598291955656,17.071809557613264,160.59237226874052
19010/05A/11-11-09/NIT/3,68.40275212206465,17.505176645835995,158.32513759085407
19010/06A/11-11-09/NIT/1,67.52878838084474,18.120923548851085,158.5862066849905
19010/06A/11-11-09/NIT/2,68.1199852925479,17.66018365138815,155.60970423918033
19010/06A/11-11-09/NIT/3,70.43058358671966,18.135237725710585,163.4417391078497
19010/07A/11-11-09/NIT/1,67.68835290724061,17.76201203497105,158.17424539989727
19010/07A/11-11-09/NIT/2,67.73342923724346,17.60022843405361,159.25062288506868
19010/07A/11-11-09/NIT/3,67.92865594762556,18.214337523147133,161.23878320768372
19010/08A/11-11-09/NIT/1,67.4311464045415,18.207648592233376,158.99978359339886
19010/08A/11-11-09/NIT/2,68.48271693327312,17.786118071794217,159.40441367600172
19010/08A/11-11-09/NIT/3,66.70378204787791,17.297606982009643,157.9413624122882
19011/07A/11-10-01/NIT/1,62.39833490731652,15.569560639752533,153.37471563738475
19011/07A/11-10-01/NIT/2,63.28053484240241,15.074997979251771,156.11275326713806
19011/07A/11-10-01/NIT/3,88.69402109798968,20.645582507069452,170.10303403064094
19011/08A/11-10-01/NIT/1,70.26438541653569,18.564312873305287,162.50961438934903
19011/08A/11-10-01/NIT/2,62.553290279222765,15.308347582508576,156.715004581248
19011/08A/11-10-01/NIT/3,110.55454739705183,29.140441126708808,212.16621177370158
19011/09A/11-10-01/NIT/1,94.72960237437589,24.537266289170233,182.27572885601543
19011/09B/11-10-01/NIT/1,88.66973382777755,21.86896551884824,170.9596170604443
19011/11A/11-10-01/NIT/1,84.04934379778128,18.94384857311876,169.91820880339006
19011/12A/11-09-20/NIT/1,83.3585217891198,18.874959796117853,171.4578333929138
19011/12A/11-09-20/NIT/2,77.67445750053501,18.182032415858753,172.1748942163525
19012/01A/11-10-29/NIT/1,70.68798764049173,18.170653872564944,165.4916904990354
19012/01A/11-10-29/NIT/2,90.16419416740312,21.639053296209404,168.33194377898306
19012/09A/11-10-29/NIT/1,72.3570903520165,17.770981539508316,165.5055368990643
19012/10A/11-10-29/NIT/1,77.60621212433368,18.28766231358896,170.6572074798858
19013/01A/11-09-28/NIT/1,85.76968527842719,19.180133677551435,169.53840873837567
19013/01A/11-09-28/NIT/2,70.96411091894969,17.86106789221846,160.60279457013417
19013/01A/11-09-28/NIT/3,68.93006405652365,17.808052787403877,158.28021557801068
19013/04A/11-09-28/NIT/1,68.0137153617882,17.892722754395653,158.7487682461285
19013/04A/11-09-28/NIT/2,66.52656439238358,17.736545877622408,157.61393876833878
19013/04A/11-09-28/NIT/3,67.79100086495124,17.65000840851081,158.70113031710108
19013/04B/11-09-28/NIT/1,67.94986002456487,18.087162782458453,159.8354888854129
19013/04B/11-09-28/NIT/2,69.07118036269246,17.509525998489387,156.4912161298134
19013/04B/11-09-28/NIT/3,67.57111388942327,18.046311733012402,158.22879077928886
19013/05A/11-09-28/NIT/1,69.2219825456797,17.517664501307937,159.11082087903233
19013/05A/11-09-28/NIT/2,69.0555780892007,17.306393159241562,160.05917010232537
19013/05A/11-09-28/NIT/3,68.27846270055478,17.60275938830341,159.3814014315753
19013/05B/11-09-28/NIT/1,68.04925918597472,17.69917055115,158.55853117879695
19013/05B/11-09-28/NIT/2,67.78525945276068,17.411789014249248,159.54240924935823
19013/05B/11-09-28/NIT/3,68.29512142239808,17.30238639096124,159.5273799570682
19013/07A/11-09-28/NIT/1,68.4051084569958,17.811279748171547,159.66828106382343
19013/07A/11-09-28/NIT/2,69.57384270046283,17.737092044360793,157.32167507922858
19013/07A/11-09-28/NIT/3,67.16381217059994,17.03996295079563,157.32011549857955
19013/10A/11-09-28/NIT/1,66.59031972394983,16.648946385314957,159.58507024311984
19013/10A/11-09-28/NIT/2,66.93186838633731,16.95376273495915,161.32080737383433
19013/10A/11-09-28/NIT/3,67.79569858886316,17.920939043514995,161.51523346260046
19013/12B/11-10-16/NIT/1,70.0067401971748,17.784488918105897,159.3511995508742
19013/12B/11-10-16/NIT/2,67.87397479831291,17.435666106766504,159.57060660339684
19013/12B/11-10-16/NIT/3,68.14228920079076,17.515856142190163,159.65625501857986
19013/19A/11-10-16/NIT/1,68.42687286093609,17.59881121898532,159.37686457832524
19013/19A/11-10-16/NIT/2,67.34903540414476,17.263988007818053,160.3568348282562
19013/19A/11-10-16/NIT/3,76.14478526695451,17.71228345944213,168.51934870020997
19016/01A/11-10-03/NIT/1,72.69894084689797,18.157418383808245,160.28254707898364
19016/01A/11-10-03/NIT/2,79.1987369232232,18.424628494560718,172.2634407585949
19016/01A/11-10-03/NIT/3,75.31906003638568,18.435700269255996,162.9762692757361
19016/03A/11-10-03/NIT/1,69.72221095171531,17.623163043757952,157.10121077636754
19016/03A/11-10-03/NIT/2,68.24705624077774,17.735280684116166,159.21389912601526
19016/03A/11-10-03/NIT/3,69.12215131431076,17.734914214884565,159.36102173236876
19016/04A/11-10-03/NIT/1,69.79581327602104,17.52977073682629,158.61887613417562
19016/04A/11-10-03/NIT/2,68.4126149351959,17.7185533222178,159.24217443550776
19016/04A/11-10-03/NIT/3,74.34155717210332,17.52365351562678,167.02757728397913
19017/14A/11-10-04/NIT/1,67.66488458635173,17.705043806633032,158.67179822704733
19017/14A/11-10-04/NIT/2,62.77479068599591,15.279697537974291,156.64082124222733
19017/14A/11-10-04/NIT/3,77.36665262062385,17.888176125949702,168.85567333868644
19017/14B/11-10-04/NIT/1,67.69631299988714,17.843234559222115,158.12711751499344
19017/14B/11-10-04/NIT/2,62.77479068599591,15.279697537974291,156.64082124222733
19017/14B/11-10-04/NIT/3,69.77908719914412,17.931989970206796,158.8491527819211
19017/14C/11-10-04/NIT/1,68.54733942577191,17.760114909996137,158.80995334427254
19017/14C/11-10-04/NIT/2,62.0186261574379,15.473873787060336,157.83334712372815
19017/14C/11-10-04/NIT/3,88.62810944296318,20.644068688383587,170.10303403064094
19017/15A/11-10-06/NIT/1,70.76794124083496,18.470731756427124,163.1780732792109
19017/15A/11-10-06/NIT/2,62.77479068599591,15.279697537974291,156.64082124222733
19017/15A/11-10-06/NIT/3,63.36795956996827,16.33856787527302,149.75245050710214
19017/15B/11-10-06/NIT/1,62.77479068599591,15.279697537974291,156.64082124222733
19017/15B/11-10-06/NIT/2,62.77479068599591,15.279697537974291,156.64082124222733
19017/15B/11-10-06/NIT/3,79.53919944765896,18.8037738988797,171.53240884750414
19017/15C/11-10-06/NIT/1,75.91242965619422,17.703309829860164,166.546695172837
19017/15C/11-10-06/NIT/2,67.58087087018318,17.696852945498573,157.19009327769496
19017/15C/11-10-06/NIT/3,81.79944607607075,19.162555569369285,173.53391304476597
19017/16A/11-10-15/NIT/1,63.016025687517576,16.524406605832755,149.27328631944897
19017/16A/11-10-15/NIT/2,62.77479068599591,15.279697537974291,156.64082124222733
19017/16A/11-10-15/NIT/3,83.51953279121625,19.211993548419866,171.63527006095475
19017/16B/11-10-15/NIT/1,82.90494980908615,19.47894848565161,171.77645189412877
19017/16B/11-10-15/NIT/2,62.77479068599591,15.279697537974291,156.64082124222733
19017/16B/11-10-15/NIT/3,78.67441756040326,18.426895685662547,171.12984578477634
19017/17A/11-10-15/NIT/1,69.59737516369087,18.282825142815263,162.02237729222495
19017/17A/11-10-15/NIT/2,62.77479068599591,15.279697537974291,156.64082124222733
19017/17A/11-10-15/NIT/3,83.0898497569999,18.850430162076954,173.47605775306258
19017/17B/11-10-15/NIT/1,83.31698102234076,19.0103739048082,170.67495316426616
19017/17B/11-10-15/NIT/2,62.77479068599591,15.279697537974291,156.64082124222733
19017/19C/11-11-12/NIT/3,69.68653304814714,17.924246857193285,158.94455993580954
19017/21A/11-10-12/NIT/1,67.55916585127666,17.077720362173995,158.01853383027526
19017/21A/11-10-12/NIT/2,62.77479068599591,15.279697537974291,156.64082124222733
19017/21A/11-10-12/NIT/3,73.71294318574063,18.037593119251714,168.9179384682241
19017/24A/11-11-12/NIT/1,62.553290279222765,15.308347582508576,156.715004581248
19017/24A/11-11-12/NIT/2,62.77479068599591,15.279697537974291,156.64082124222733
19017/24A/11-11-12/NIT/3,71.89842013070769,18.385583640803095,165.29669128569938
19017/27A/11-10-04/NIT/1,62.513073817062136,15.395910557598407,157.0320605822814
19017/27A/11-10-04/NIT/2,62.77479068599591,15.279697537974291,156.64082124222733
19017/27A/11-10-04/NIT/3,70.0245464829493,17.825582687428717,161.8326380246353
19017/27B/11-10-04/NIT/1,62.81731161673111,15.054405825540792,156.2557824084046
19017/27B/11-10-04/NIT/2,62.77479068599591,15.279697537974291,156.64082124222733
19017/27B/11-10-04/NIT/3,88.63286131869724,20.707936811956696,170.6401445630796
19017/27C/11-10-04/NIT/1,63.806761576646174,16.58514989238677,154.15864223316876
19017/27C/11-10-04/NIT/2,62.77479068599591,15.279697537974291,156.64082124222733
19017/27C/11-10-04/NIT/3,69.1044527864997,17.553796121057722,158.4062341637011
20001/02B/11-08-27/NIT/1,68.04981944742705,17.574651955746436,158.15140732196295
20001/02B/11-08-27/NIT/2,68.21971726104093,17.679170825141586,159.5006493220824
20001/02B/11-08-27/NIT/3,67.67341951789867,17.677710152424208,159.11280365679087
20001/03A/11-08-27/NIT/1,68.89365304734845,17.55346645409209,158.4867105332347
20001/03A/11-08-27/NIT/2,68.82214795163252,17.540572144345052,158.5674862242508
20001/03A/11-08-27/NIT/3,67.96595485767291,17.745460235579742,158.40561303023028
20001/04A/11-11-15/NIT/1,68.3044896203091,17.661343241760104,159.44902786681328
20001/04A/11-11-15/NIT/2,67.6710156132332,17.643971015030832,155.52287188549516
20001/04A/11-11-15/NIT/3,68.77690785319975,17.567815950433246,159.03050911304697
20001/05A/11-11-15/NIT/1,68.70074190799606,17.314590201712242,159.6593153983102
20001/05A/11-11-15/NIT/2,66.21041977883094,17.330278439893746,160.31194642973182
20001/05A/11-11-15/NIT/3,68.16369430922711,17.696961712017767,159.7596799327092
20001/10A/11-11-15/NIT/1,67.74871442126452,17.218803179736497,160.24431990278103
20001/10A/11-11-15/NIT/2,67.38593795129684,16.89143453805926,160.25619011578104
20001/10A/11-11-15/NIT/3,68.26840383115312,17.703821401784868,159.3271368711954
20001/16A/11-09-21/NIT/1,67.9760591151403,17.288929643240987,159.79953524804887
20001/16A/11-09-21/NIT/2,67.88930584005458,17.343818643604553,160.21702116193572
20001/16A/11-09-21/NIT/3,66.90227410117843,16.956341782597118,159.70735282106585
20002/03A/11-10-15/NIT/1,67.5191005452945,16.96487655761052,160.05225199470354
20002/03A/11-10-15/NIT/2,67.16651486994097,17.045739247322366,160.23458705710905
20002/03A/11-10-15/NIT/3,67.40643851414009,16.942752625594352,159.34818116687612
20002/04A/11-10-15/NIT/1,67.51337354672427,16.982851513740037,160.37376727639364
20002/04A/11-10-15/NIT/2,67.59333904382162,17.682313158438127,156.52035769192298
20002/04A/11-10-15/NIT/3,67.47051954831123,17.099204551587235,160.59636572081095
20002/05B/11-10-15/NIT/1,67.93699177509028,17.140588885042174,160.65766317223333
20002/05B/11-10-15/NIT/2,67.10802403700733,17.280340878108856,159.9393821517779
20002/05B/11-10-15/NIT/3,67.70422442045545,17.138209532743126,159.74121021355566
20002/06A/11-10-15/NIT/1,67.6094278723519,17.084756629975804,159.62356332310569
20002/06A/11-10-15/NIT/2,66.58694358787163,17.24785042937008,158.88087852503
20002/06A/11-10-15/NIT/3,67.60699002904418,17.20417096475012,160.68847648698173
20002/08A/11-10-15/NIT/1,67.67770412678809,17.263211064595218,160.95714004328823
20002/08A/11-10-15/NIT/2,68.53547870705435,17.511817315100576,157.26551622464967
20002/08A/11-10-15/NIT/3,66.60023021532783,17.121903866877826,160.76702355182712
20002/09A/11-10-15/NIT/1,68.2667129655372,17.15883011120616,160.82816536276002
20002/09A/11-10-15/NIT/2,67.0996345240767,16.973783581503152,159.5414200007264
20002/09A/11-10-15/NIT/3,67.33320597555588,16.89894436764803,159.65907531332513
20003/02B/11-11-11/NIT/1,66.83237855505847,17.44899045793377,159.4811198031018
20003/02B/11-11-11/NIT/2,68.18134919665212,17.821448922344683,158.76761521030062
20003/02B/11-11-11/NIT/3,67.8016102812802,17.268280899569575,158.38272466672933
20003/04A/11-09-16/NIT/1,67.82333347060536,17.5419804696796,159.83142689657777
20003/04A/11-09-16/NIT/2,68.40385602513389,17.439092857195877,157.7807494466153
20003/04A/11-09-16/NIT/3,68.58820212266532,17.618256907696743,158.7111400408988
20003/07A/11-09-16/NIT/1,67.73342923724346,17.60022843405361,159.25062288506868
20003/07A/11-09-16/NIT/2,69.89585263735705,18.000870873398547,163.09838298704761
20003/07A/11-09-16/NIT/3,65.81898390436619,17.857661003694204,158.6402825903733
20003/11A/11-09-16/NIT/1,66.80164022809743,17.854762180302966,157.85798075546913
20003/11A/11-09-16/NIT/2,67.65536372317068,17.72421012671617,158.4169147736085
20003/11A/11-09-16/NIT/3,68.77854287802496,17.595904759305764,159.12227053307046
20003/13A/11-09-16/NIT/1,68.23608568712353,17.509297268659285,158.8493411853904
20003/13A/11-09-16/NIT/2,65.89454796324397,17.79745813936456,156.9710568029062
20003/13A/11-09-16/NIT/3,70.2308552598209,18.040511671665268,162.81720473966226
20003/14A/11-09-23/NIT/1,66.36631280870951,17.889762254696656,158.5864756386014
20003/14A/11-09-23/NIT/2,68.19410770440692,17.66117558189359,159.24169765521398
20003/14A/11-09-23/NIT/3,68.29192415176192,17.24915768940205,158.80073485937626
20003/16A/11-09-21/NIT/1,66.69883550119205,16.493413511449976,158.82321590136254
20003/16A/11-09-21/NIT/2,68.68878322606467,17.758376040172795,158.1492255576225
20003/16A/11-09-21/NIT/3,66.76016086858921,17.348920055672554,159.92859909424962
20003/20A/11-09-16/NIT/1,68.70749027935435,17.556937348133875,158.84397206555778
20003/20A/11-09-16/NIT/2,68.49310264065214,17.729957014859696,159.25262666741
20003/20A/11-09-16/NIT/3,67.14816618594968,16.997824963083996,159.90587119271817
20004/01A/11-09-21/NIT/1,68.41947954839812,17.4375324792919,159.56533858151622
20004/01A/11-09-21/NIT/2,68.78904450275945,17.579204691089142,159.137904457727
20004/01A/11-09-21/NIT/3,68.8505930584085,17.619009397021788,156.37307140940814
20004/04A/11-09-02/NIT/2,66.50119808022791,17.164284351878617,160.03216657717306
20004/04A/11-09-02/NIT/3,67.46840398058492,18.135953239252114,161.7216836399403
20004/09A/11-09-02/NIT/1,68.20186963383829,17.643971015030832,156.51000225283772
20004/09A/11-09-02/NIT/2,67.51533926204833,18.075817887422748,156.97891341640334
20004/09A/11-09-02/NIT/3,68.88072681069768,17.59682932612494,159.64752353127122
20004/13A/11-09-02/NIT/1,68.40821500322286,17.773688255486714,159.30602948651713
20004/13A/11-09-02/NIT/2,68.61973165290313,17.394697957097858,160.57388033531973
20004/13A/11-09-02/NIT/3,67.33126340673017,18.041796952941365,158.3964659750981
20004/14A/11-09-21/NIT/1,70.16769377653354,18.13272418053609,162.0107639595627
20004/14A/11-09-21/NIT/2,68.94500690621105,17.580083752865658,158.91609664252422
20004/14A/11-09-21/NIT/3,68.71166453705638,17.638125213514147,159.23996585087585
20004/16A/11-10-12/NIT/1,68.8000722537882,17.584257980343367,159.1197652548415
20004/16A/11-10-12/NIT/2,68.98762437526929,17.691233406736135,157.58810875241423
20004/16A/11-10-12/NIT/3,67.78440683365754,17.851587757286342,158.25153640784654
20004/25A/11-08-23/NIT/1,68.73190247908731,17.470670105590766,158.7719700630652
20004/25A/11-08-23/NIT/2,67.3303717889139,17.306058445605668,160.51389902923987
20004/25A/11-08-23/NIT/3,67.86887520738331,17.933767709158392,158.41374792355649
20004/30A/11-11-11/NIT/1,72.52508063666177,17.65195769171874,164.7483795522197
20004/30A/11-11-11/NIT/2,67.5906307152126,17.706255812999462,158.40600481054298
20004/30A/11-11-11/NIT/3,66.83187546525546,17.120629957844873,159.4465270490987
20007/01A/11-08-22/NIT/1,67.27774493963689,17.324147416389643,160.15330595223796
20007/01A/11-08-22/NIT/2,67.57714998724053,17.20905033147584,159.67747560283672
20007/01A/11-08-22/NIT/3,67.97820185586703,17.49438399666175,157.90986920259044
20007/03B/11-09-28/NIT/1,67.14120588158404,17.2787957449168,160.40805444558023
20007/03B/11-09-28/NIT/2,66.3223163010383,17.276656188027648,160.31194642973182
20007/03B/11-09-28/NIT/3,67.52782011730609,17.50189662544683,157.58937967198338
20007/06A/11-09-28/NIT/1,68.3632558267192,17.45582918748728,158.19335872975265
20007/06A/11-09-28/NIT/2,66.9426642523226,17.30961238721883,160.20506802731225
20007/06A/11-09-28/NIT/3,67.91707138378911,17.410900005685843,160.00044391252683
20007/07A/11-09-28/NIT/1,66.43199637094656,17.426798917001957,160.3941821138088
20007/07A/11-09-28/NIT/2,67.72523768160427,17.280638595910737,160.12609398960396
20007/07A/11-09-28/NIT/3,66.83187546525546,17.120629957844873,159.4465270490987
20007/13A/11-09-28/NIT/1,68.66011373066227,17.5419804696796,159.83142689657777
20007/13A/11-09-28/NIT/2,67.32754089416294,17.289054428056215,160.35259294166443
20007/13A/11-09-28/NIT/3,67.37764765755655,18.238061443732622,155.9021943362446
20007/18A/11-09-28/NIT/1,67.24220768295653,17.220384438165635,160.23478392485086
20007/18A/11-09-28/NIT/2,67.06907159900597,17.256120883820778,160.14133475128594
20007/18A/11-09-28/NIT/3,66.9426642523226,17.30961238721883,160.20506802731225
20007/22A/11-09-28/NIT/1,67.18867545268814,17.36465795191104,160.2810112757651
20007/22A/11-09-28/NIT/2,67.47262607568453,16.881702574791706,159.24552570121367
20007/22A/11-09-28/NIT/3,67.73750412240177,17.53526090963078,159.12655200065421
20007/25A/11-08-22/NIT/1,66.9209795599826,17.39921171756171,159.8788670766838
20007/25A/11-08-22/NIT/2,68.60945663141953,17.45126058176589,159.80075869464756
20007/25A/11-08-22/NIT/3,69.03680430146143,17.623163043757952,158.58283609545043
20008/02A/11-08-27/NIT/1,67.55032802629088,18.256611226370016,159.43645800498996
20008/02A/11-08-27/NIT/2,66.57388089773399,16.932214261566582,159.7528648130702
20008/02A/11-08-27/NIT/3,67.58621445123912,16.956300349080838,158.4771893128237
20008/04A/11-11-15/NIT/1,68.77004924834414,17.63449212259786,159.6463496942882
20008/04A/11-11-15/NIT/2,66.55608378205721,17.257306096096023,159.8729103427129
20008/04A/11-11-15/NIT/3,67.31218551297991,17.578083245852316,157.38659635867828
20008/08A/11-08-27/NIT/1,76.97144268861736,17.883962645242963,168.88026550999243
20008/08A/11-08-27/NIT/2,77.29981098899113,17.88859364341839,169.8135625748869
20008/08A/11-08-27/NIT/3,70.75533328414565,18.42983590760009,163.58636115388643
20008/09A/11-08-27/NIT/1,68.65728961050142,17.51618830454481,158.20829501561036
20008/09A/11-08-27/NIT/2,69.10358741902543,17.545263281202725,159.33334883154782
20008/09A/11-08-27/NIT/3,67.15798106512834,17.184968766375082,159.67372065918372
20008/10A/11-11-15/NIT/1,68.76579851260489,17.55094619541985,158.3641881864788
20008/10A/11-11-15/NIT/2,62.7173160178577,15.919233573961767,151.74453939746482
20008/10A/11-11-15/NIT/3,67.23224441456219,17.049187550494803,159.41024653779053
20008/15A/11-08-27/NIT/1,68.70382873990512,17.65812450811084,159.50390681879537
20008/15A/11-08-27/NIT/2,67.58845118343068,18.130788892955852,158.5764992561749
20008/15A/11-08-27/NIT/3,68.15071420704118,17.588700617942397,159.08471708224076
20008/20A/11-11-15/NIT/1,66.99235331416428,17.149815691215043,159.55356413765202
20008/20A/11-11-15/NIT/2,66.7217590911474,17.127457251174803,160.28190268882614
20008/20A/11-11-15/NIT/3,62.682985233986784,15.884318503520834,151.77136920509898
20008/24B/11-11-15/NIT/1,67.15589118519901,17.789424654200932,158.83462131771364
20008/24B/11-11-15/NIT/2,66.95682306270895,16.99811963573879,161.38371420764688
20008/24B/11-11-15/NIT/3,63.57875474889139,16.016633017217774,151.71879228713246
20010/06B/11-08-22/NIT/1,69.32754841509247,17.775068494565495,159.6115615023468
20010/06B/11-08-22/NIT/2,69.86961496988985,18.22991338490021,161.43462521987223
20010/06B/11-08-22/NIT/3,66.48515415529799,17.750120117566457,157.96174929832713
20010/09A/11-08-22/NIT/1,67.89828895797295,17.654787113701758,159.79850682262366
20010/09A/11-08-22/NIT/2,69.12000501993734,17.57796893211729,159.2251247975398
20010/09A/11-08-22/NIT/3,68.69428206700339,17.560572293272887,158.20230055123253
20010/15A/11-09-28/NIT/1,66.10128279977299,17.388538909158544,158.305008687477
20010/15A/11-09-28/NIT/2,65.81036899309213,17.43912444013056,158.59186707414204
20010/15A/11-09-28/NIT/3,66.93067779786158,16.944066500783723,158.94991715317659
20010/16A/11-09-28/NIT/1,85.59372631423636,19.278437124842664,168.56249844628925
20010/16A/11-09-28/NIT/2,66.60757373708897,17.58343887062356,158.11167152978936
20010/16A/11-09-28/NIT/3,67.23688591771351,17.269619484954774,158.5677206044077
20010/17A/11-09-28/NIT/1,67.63052364818036,17.708213307920754,158.0128644982428
20010/17A/11-09-28/NIT/2,67.12310812298868,17.757183891868596,158.43845863012902
20010/17A/11-09-28/NIT/3,67.90095518012602,17.581222606538976,159.14832746626556
20011/03A/11-11-07/NIT/1,67.52558469734073,17.396460675295533,160.16981501815243
20011/03A/11-11-07/NIT/2,68.65440459911581,17.644638288793253,159.54193244959197
20011/03A/11-11-07/NIT/3,68.35681650571298,17.16137239394587,159.00284103360738
20011/04A/11-09-07/NIT/1,68.1895318906624,17.324464527543537,158.85380702976883
20011/04A/11-09-07/NIT/2,67.35080004903664,17.294393512247122,160.41432157702408
20011/04A/11-09-07/NIT/3,67.35080004903664,17.294393512247122,160.41432157702408
20011/05A/11-09-07/NIT/1,67.8142233333804,17.78660824677707,158.5060063686977
20011/05A/11-09-07/NIT/2,66.86950886663683,17.328573501585705,160.19155047855722
20011/05A/11-09-07/NIT/3,68.89451344318952,17.62737601639898,156.9607076101768
20011/06A/11-09-07/NIT/1,69.49441814705206,17.615093572480102,159.11026263367458
20011/06A/11-09-07/NIT/2,67.87713080693949,17.55622855547223,158.35484079894587
20011/06A/11-09-07/NIT/3,68.68956331028862,17.432666847342123,159.43811026152403
20011/11A/11-11-07/NIT/1,66.73348272964746,17.272626468784534,160.0525292273304
20011/11A/11-11-07/NIT/2,66.6812466292241,17.873638520958018,158.38336206510493
20011/11A/11-11-07/NIT/3,67.18061545632766,17.298942030696992,159.73280280355894
20011/13A/11-11-11/NIT/1,67.10774889564667,17.285914566153693,160.1144088597856
20011/13A/11-11-11/NIT/2,66.83721463493258,17.1418415843946,159.76828875650222
20011/13A/11-11-11/NIT/3,67.27774493963689,17.324147416389643,160.15330595223796
20011/15A/11-11-07/NIT/1,67.58594797438586,17.09917918986578,159.93878750678445
20011/15A/11-11-07/NIT/2,67.60886536591464,17.58496205046998,159.4945822861951
20011/15A/11-11-07/NIT/3,67.03242577699545,17.25396090345562,159.503973303754
20011/16A/11-11-07/NIT/1,67.08330360887933,17.299979554577963,160.40958411834825
20011/16A/11-11-07/NIT/2,66.66610020573334,17.080338227812376,158.33028387759174
20011/16A/11-11-07/NIT/3,67.08802038094073,16.9869305557129,158.96316790029067
20012/02A/11-09-18/NIT/1,67.27109038935022,17.30587345912404,160.786641293006
20012/02A/11-09-18/NIT/2,66.63393311317913,17.579754180542352,158.9243880765827
20012/02A/11-09-18/NIT/3,66.80877252103085,17.187128175118485,159.75074303316543
20012/03A/11-09-18/NIT/1,67.04086730954215,17.252251207257938,160.786641293006
20012/03A/11-09-18/NIT/2,64.73824797503285,16.153397734159736,153.78703304339228
20012/03A/11-09-18/NIT/3,64.88196517577374,16.105634675789926,153.34161672750335
20012/04A/11-09-29/NIT/1,66.39561498502928,16.35695154067673,157.9394917191622
20012/04A/11-09-29/NIT/2,62.81473110224711,16.016146487731543,152.34705405411896
20012/04A/11-09-29/NIT/3,62.22547606085401,15.740714754831814,152.6038850741369
20012/05A/11-09-29/NIT/1,67.1736009049559,17.107642491873204,159.9057326784356
20012/05A/11-09-29/NIT/2,66.46090935261275,17.044725171793203,159.73995997563716
20012/05A/11-09-29/NIT/3,64.63523125934691,15.995611333920184,153.56870041732037
20012/06A/11-11-02/NIT/1,66.93190613561121,17.00356124620892,160.90450056077347
20012/06A/11-11-02/NIT/2,64.57693224327754,16.061102564237036,154.3394288407218
20012/06A/11-11-02/NIT/3,67.15390976577261,17.030091014793623,161.3314992916814
20012/07A/11-09-18/NIT/1,67.1736009049559,17.107642491873204,159.9057326784356
20012/07A/11-09-18/NIT/2,62.79291468212137,15.678134484075995,154.84450542376567
20012/07A/11-09-18/NIT/3,65.06070521570443,15.821724041189865,151.02776077184402
20012/09A/11-09-29/NIT/1,67.272603263595,16.901324075858437,160.26854831920323
20012/09A/11-09-29/NIT/2,67.61817023491763,17.43890574595734,158.65871560511604
20012/09A/11-09-29/NIT/3,67.0785989115871,16.946762274991396,161.0992669618546
20012/10A/11-09-29/NIT/1,67.32773119473198,17.214820771853407,160.43017234290886
20012/10A/11-09-29/NIT/2,66.66587491325407,17.069265378112835,159.08793325750568
20012/10A/11-09-29/NIT/3,67.04758038091518,16.994837900627175,159.62982940176633
20014/03A/11-11-06/NIT/1,67.00133225655304,17.230816537880226,160.11210147295023
20014/03A/11-11-06/NIT/2,66.95390057709025,16.920270406076103,161.18472650529233
20014/03A/11-11-06/NIT/3,67.44055536762436,17.039141971516603,159.95291415736924
20014/04A/11-11-06/NIT/1,67.22557617828379,17.244371986304696,160.11817384220407
20014/04A/11-11-06/NIT/2,67.48260743731478,17.02860167855691,161.25926883840376
20014/04A/11-11-06/NIT/3,67.43484221082323,16.930477343780957,159.03089776782625
20014/07A/11-11-06/NIT/1,67.0785989115871,16.946762274991396,161.0992669618546
20014/07A/11-11-06/NIT/2,67.20469352302526,17.183353999706732,160.80419171630848
20014/07A/11-11-06/NIT/3,67.24481438377113,16.967555838828645,160.89786811862731
20014/13A/11-11-06/NIT/1,66.09105407984539,17.225197138059226,160.4659219769213
20014/13A/11-11-06/NIT/2,67.31784422785864,17.397171903211852,159.76502379939544
20014/13A/11-11-06/NIT/3,67.15783683583088,17.21906764036415,160.08894056386833
20014/16A/11-10-12/NIT/1,66.92051284444555,17.28075409966512,160.48466575090416
20014/16A/11-10-12/NIT/2,67.4766974910634,17.293503137894188,159.5340051822665
20014/16A/11-10-12/NIT/3,67.34903540414476,17.210365755951955,160.3568348282562
20014/18A/11-11-07/NIT/1,67.22557617828379,17.244371986304696,160.11817384220407
20014/18A/11-11-07/NIT/2,67.15755258831032,16.964377094110123,159.21684302085293
20014/18A/11-11-07/NIT/3,67.48262647496044,17.19610675731525,160.2927512999459
20014/24A/11-11-06/NIT/1,67.42280590748082,16.925596878955034,159.380275870252
20014/24A/11-11-06/NIT/2,66.78339222036216,16.438307392132618,158.1329970482314
20014/24A/11-11-06/NIT/3,66.84870372804035,16.88120637460373,160.71274507787305
20015/01A/11-09-01/NIT/1,66.55735919360258,16.575117127464953,160.22597916989278
20015/01A/11-09-01/NIT/2,67.93659571346159,17.682768922158974,158.48111098647806
20015/01A/11-09-01/NIT/3,66.4304390085938,17.025445307986377,158.32561800718034
20015/02A/11-09-01/NIT/1,66.86950886663683,17.328573501585705,160.19155047855722
20015/02A/11-09-01/NIT/2,66.15193120867124,17.32457049125533,158.05440659844248
20015/02A/11-09-01/NIT/3,68.71164721132662,17.311010144904156,158.85673899030488
20015/06A/11-09-01/NIT/1,68.18832640866827,17.57344082399627,158.08392409214642
20015/06A/11-09-01/NIT/2,68.09786049573236,17.637473393645568,158.56963320302012
20015/06A/11-09-01/NIT/3,67.28397430499656,17.14432558201076,159.95504569411534
20017/01A/11-09-03/NIT/1,66.206023271001,17.248353857920616,160.57669186325316
20017/01A/11-09-03/NIT/2,66.63296227126467,16.930841150528156,159.9916786009641
20017/01A/11-09-03/NIT/3,65.30843454334568,16.2345261335757,153.4464956404377
20017/02A/11-09-03/NIT/1,62.10471646988782,15.942144182745205,154.76110073422913
20017/02A/11-09-03/NIT/2,67.39946108352657,16.983931626070504,156.12136063493952
20017/02A/11-09-03/NIT/3,67.1561381370018,16.61328811663422,156.41987495566988
20017/03A/11-09-03/NIT/1,67.24310797488265,17.436522207486387,157.17187107445093
20017/03A/11-09-03/NIT/2,70.00564394426921,17.816670141700456,158.928743130772
20017/03A/11-09-03/NIT/3,66.91066078257747,17.581547147472254,158.08584938554807
20017/05A/11-09-18/NIT/1,66.97599402240736,17.431522802482203,156.21241105815946
20017/05A/11-09-18/NIT/2,62.187023195002205,15.760388948725158,153.98103605250847
20017/05A/11-09-18/NIT/3,63.56076684389251,16.001694832442016,151.6708140127828
20017/06A/11-09-03/NIT/1,67.31027466007747,17.01069629944079,157.14355927083895
20017/06A/11-09-03/NIT/2,66.76561595396531,16.636912309212622,157.61684911658762
20017/06A/11-09-03/NIT/3,66.8768344805553,17.416982853068344,158.13780361076766
20017/16A/11-09-18/NIT/1,68.07562834456527,17.517136097071,157.38068647190002
20017/16A/11-09-18/NIT/2,65.62075130957628,17.228633191443684,159.41012003631127
20017/16A/11-09-18/NIT/3,65.3255370699565,16.273939082639433,154.01427073258412
20018/01A/11-11-02/NIT/1,66.74949112146719,16.975961007747873,160.02348529693163
20018/01A/11-11-02/NIT/2,67.27625751119793,17.223999109252425,159.47614336595493
20018/01A/11-11-02/NIT/3,68.34698132975392,17.404301695788348,159.94867676377586
20018/02A/11-09-29/NIT/1,68.38279072713736,17.56786871485524,157.70446154289536
20018/02A/11-09-29/NIT/2,68.72307215692798,17.56128874152651,158.33001885980772
20018/02A/11-09-29/NIT/3,67.01506208043239,17.33636052633861,159.91702916739465
20018/04A/11-09-03/NIT/1,67.72744852177082,17.719236449771262,158.42411243037063
20018/04A/11-09-03/NIT/2,67.87432389018439,17.52857155346717,159.22817878190799
20018/04A/11-09-03/NIT/3,68.81619916443593,17.531218211367044,158.91858177585928
20018/06A/11-11-02/NIT/1,62.76291473439245,15.932604487091146,152.39880184161944
20018/06A/11-11-02/NIT/2,67.08668643532037,16.82139367307968,160.20582015526074
20018/06A/11-11-02/NIT/3,67.31208180494717,17.30289270814193,160.07758406711403
20018/07A/11-11-02/NIT/1,66.80877252103085,16.9761459942295,159.75074303316543
20018/07A/11-11-02/NIT/2,67.01286963001068,17.282829044265455,160.1945087583081
20018/07A/11-11-02/NIT/3,67.18061545632766,17.298942030696992,159.73280280355894
20018/08A/11-09-03/NIT/1,64.73542189293832,15.997919077877372,152.4312335061434
20018/08A/11-09-03/NIT/2,67.07598407759832,16.982050090886975,159.31254600271646
20018/08A/11-09-03/NIT/3,67.17147641793194,17.038528955079588,160.64086624930601
20018/10A/11-09-03/NIT/1,64.8936848965602,16.039342814956857,152.33636160988758
20018/10A/11-09-03/NIT/2,67.06907159900597,17.256120883820778,160.14133475128594
20018/10A/11-09-03/NIT/3,67.32961077080522,17.27647120154602,160.58468869349798
