sample_id,N_predicted_mgkg,P_predicted_mgkg,K_predicted_mgkg
1,60.27044637564948,14.851355224495194,148.18043723734687
2,129.13450351712262,38.19308110972336,235.7725309198609
3,90.64370227363925,22.079273969780342,174.19967581318045
4,123.20143311531986,32.820501232538035,228.53435969563105
5,81.24887693532276,18.011419147217808,167.1969655600192
6,69.77481681507645,15.589958580407815,163.96740316182266
7,57.306114604411455,15.957345133530492,150.35308474525337
8,139.0107339922979,36.258141797564896,252.0230026078785
9,107.76294544255119,27.280220346899004,197.59400101794014
10,92.73749775020032,23.30211241315049,178.77527700508864
11,79.07826923960498,19.434548086288636,170.87293150336197
12,145.06158753521086,37.76875631310336,258.7630191810552
13,124.67973876814575,32.94008886114434,235.79763792486497
14,96.43772208659371,22.48866152562713,194.23611322783185
15,93.10556882052542,21.21163735255716,186.842951345777
16,109.63182316023443,26.090514603236542,181.98480462812384
17,93.16593738237417,24.132064822574005,194.2029711532608
18,115.02773900269416,30.963026055062134,222.6742789114726
19,60.91208497792004,17.57023668226967,165.196568731844
20,88.94626301683566,22.515772328520466,193.1948569243518
21,137.82608995960632,37.918096544771736,250.397099450017
22,67.25109608144334,16.35414579838999,161.33241740823038
23,94.71817839357786,25.339394140969922,177.5336475288356
24,65.59380134169417,18.085739502549334,158.63751525414682
25,71.80634670558385,18.483462475263135,169.55877013589074
26,95.60046630337096,23.608937854463075,199.75062169648712
27,102.51013379111728,24.25884707605191,204.7785753942429
28,129.5394660370304,36.992413190017594,255.12088991217385
29,129.0099818934546,34.01645590289588,237.9971624476555
30,70.61346574982325,16.96278638892671,168.43191710186116
31,128.78671895841026,36.21516281828303,261.9005036469204
32,81.23741043084176,21.18574746695914,198.53554983023
33,67.21176731090736,16.53204230813974,159.77669714079784
34,139.67416486419646,35.60676369652763,248.58415839799844
35,141.03829442905194,40.41576959944457,239.73006810534005
36,86.2312901810417,22.31435459960232,170.47669235422876
37,92.94839195865195,23.471817818664842,196.98175836954522
38,84.33996328073061,21.581105318361725,183.3251568223919
39,79.57463247390184,19.332089824490087,181.48343955851047
40,66.42734581871927,15.705086397559148,150.47475088180096
41,78.25025134193126,19.246701340702376,177.7525010334334
42,63.941422163065425,15.77855112859949,143.76569189127727
43,77.04501260850886,18.71274445435562,166.66602549891786
44,146.71078073236978,36.682629153027825,251.51149486011062
45,106.18341149542341,28.131067035254656,204.85568657739174
46,90.26904625595087,20.40496637616234,201.54796527087876
47,91.12410927947194,24.167216947152166,200.03718988547703
48,137.67896476154786,38.08444454001552,241.20459030532217
49,128.18248406203904,33.584335336084095,229.27905097243817
50,89.03108558836165,24.058090480867623,196.04792024747331
51,141.9513844431044,39.245321608412745,272.04196115215456
52,82.27912870139448,19.844030943196454,165.74248767143658
53,140.35035804795308,37.04013701693244,247.82226840992385
54,141.73068109586413,37.01426016666038,250.14278559772046
55,121.58305158658938,31.37344870502542,218.35205089684726
56,138.95814605563467,38.56631554930034,250.64959326410818
57,73.2747258590041,16.539819252503566,155.53132142374454
58,97.14569266804978,24.296881860533507,200.8773244555765
59,66.20341201533118,15.686345545056865,148.92118157412372
60,121.59902971258028,33.92021137647102,231.60615296593303
61,52.37149886247425,13.94330973705417,152.4736289744149
62,93.06495558320685,19.922674232473927,179.23978652870835
63,73.40291492754601,17.513973786837685,181.20962061960458
64,65.31271516174736,13.673815964850446,142.5852792102154
65,85.82303925529645,21.188406182018394,175.81767148357122
66,130.3906470344763,32.87407907910663,234.60183012125196
67,76.5834768368312,17.802646128442003,165.87732524076293
68,82.0464833828869,22.35878919064437,184.9635421327292
69,66.69840368409261,18.213487744842606,157.46802681998705
70,135.6149935044476,37.503347527221756,247.83056447874316
71,84.43569858178473,22.163924707220882,185.42937040211729
72,105.82009343028126,28.432278353746707,211.26272241503196
73,66.86300557156417,16.825788877125802,151.43656681794866
74,85.04388013069827,20.81400218993404,176.73283268751183
75,95.77087567594225,23.494919211486316,171.92962685532856
76,85.79542873373002,21.644094459706075,183.38970282292706
77,91.95778591343775,26.24664790113143,181.28379466574225
78,74.86186698142522,21.610248470519746,163.58256701199437
79,55.087220065883336,15.986882100605316,146.96454752376118
80,88.22416569629563,21.983332665262534,183.11251949787018
81,137.33823404340322,41.01776948365128,236.89452709390065
82,126.88234390781027,34.15524766412294,256.63194895072064
83,67.16924570101811,17.162300086708658,156.54096221969016
84,66.75379950594143,14.145012910648207,142.92102373283208
85,89.09151865931666,21.7933304653415,185.13313863438233
86,92.28368303521513,22.445508611168027,188.9508428454109
87,80.55125793448241,20.17351406378818,184.2700200506875
88,116.57564812979494,33.18182397576855,239.8875763187285
89,141.24489400392056,38.64084585623801,252.93715562143132
90,58.18216930961001,18.521294771604,146.90538320728922
91,82.82133902334819,21.97333517684424,172.66269586902288
92,83.89344715316578,20.758898550727697,182.64414492900497
93,89.18099012848572,21.93654921386523,185.0796233987359
94,132.34125200899277,37.80752263760193,254.06113985821494
95,77.48014875324948,23.372277826530762,196.21001837658181
96,61.04273421163975,14.286141841686037,138.92544639609264
97,114.92049074571467,32.039753614993366,196.17066318251238
98,56.462556466446564,13.654903259423302,141.52025953416646
99,77.6613370165618,18.539478424574565,169.16149132314453
100,84.56098193253153,20.460181719677724,181.67110759281823
101,71.52753635717623,14.243480878447304,158.23178387308883
102,130.19516353222005,37.187340677386395,257.29775653958524
103,93.4968954218426,24.89056357332743,186.25380057907282
104,63.74922985477364,16.231345493213926,145.0915822360458
105,136.33893384381335,33.673911966704836,236.24208601522113
106,99.32583789064809,27.037004001942677,195.16989280308022
107,65.12452965172143,16.88415926045435,141.641182596782
108,84.10858024852742,20.775868663159233,179.6657605044817
109,93.72105360145001,25.186083620534408,185.1227948007817
110,64.4478841813105,16.085239751527777,157.8107506573267
111,113.76563706893366,32.11929685541419,230.04411643394113
112,72.55676570248812,18.719878877169453,163.39960236085565
113,135.99175824384628,35.40860252765736,249.12558047543834
114,79.30610550174352,20.281061769703403,174.5357473395117
115,129.34962489055644,34.01141902840356,232.58218766021523
116,137.02915677246298,38.86409731641502,258.57117516745313
117,78.18998194392906,20.588046915531276,182.73388802492988
118,92.0849777891268,23.29265484501317,189.92778704247314
119,143.29291304179782,37.96704067787085,255.53187214962688
120,134.2376561276886,36.24035551900928,248.0861683363158
121,79.67967041138151,20.25043606170009,159.9402214367914
122,129.68657608407747,36.26632965209959,239.0714289345586
123,90.1495704366323,22.44174874263129,186.92852140961452
124,70.35681189653816,19.548817828497636,167.62383820273206
125,120.74111426665068,32.25004664024882,216.61180415588464
126,64.62103405519724,14.142918046782968,146.37832660122282
127,88.48777658044365,21.163311150871788,167.4782331997824
128,139.0327053007023,38.119254422581996,258.57472926964596
129,74.05189529354605,16.826154529703633,169.22044049593538
130,101.60544288497884,24.35632290383295,189.74894260465737
131,71.70667608339609,16.388710514554212,142.797661253386
132,84.7847101531792,21.142007312980706,199.09194105911044
133,67.37086231704156,18.80572652744608,168.76599930681866
134,73.49702050008592,18.387891627333225,157.1144576724748
135,137.8859359028315,36.85362784835696,256.3544950411224
136,105.46541762490857,27.495515561894965,198.15071530520382
137,134.80703292638987,35.22208058833282,233.49190528493713
138,74.9231431224696,19.263922366665316,173.47485744705585
139,65.59943923879642,13.502776906826055,168.30210191765914
140,135.4878735996662,38.26581919284865,253.67168669182658
141,131.90797405258195,34.819887478818366,259.15764967381546
142,88.6187363217808,24.329830108801975,191.78080342273634
143,60.75520578783242,17.48371234541298,144.94750390347716
144,105.6108151928935,25.733589529570878,218.12916498627
145,118.6175248705262,28.97867928937219,210.57820477281805
146,68.22254391971191,15.34011873539288,163.61772449502007
147,131.86957570766447,37.0516799980462,241.15374172270137
148,71.82397402398605,18.293221688734416,146.76122776818983
149,68.38015108151943,15.508109549083947,156.18301341939613
150,82.0864505660204,22.684366394452663,191.0080734765249
151,139.290104679197,38.273212138557,261.90931563984117
152,92.83899328557597,21.935222050961485,191.25817824545598
153,84.0410295888674,21.81032590224107,163.3837061622013
154,56.83183283710557,15.336393713374875,138.6174362806338
155,135.43888660310603,38.481685366812464,249.56974904945912
156,88.21510578029614,23.502765166270834,200.32871713219444
157,81.56938735276775,22.367329046540117,179.50722043095774
158,88.42370409522296,24.584574696313187,174.9651552592144
159,99.21309443735255,23.392052126592144,181.25269910214
160,85.86876417123649,20.53461796933134,159.04593934202305
161,64.87305128225944,16.40200431262397,154.53571071720413
162,129.1333954987389,35.1184655464512,235.7349885885685
163,141.7468430790792,39.42884267555768,257.1986540276532
164,129.06966836889612,31.605331499960787,233.17577273444581
165,54.91702788901496,17.373639675903593,160.50813146477728
166,134.8159786546269,39.478931425807794,239.81766791599298
167,82.64046078769256,20.26312262179213,177.79715579452184
168,90.76555354906245,22.07861197964733,192.37547848090358
169,78.24150584404701,19.00375267692259,164.81952951714774
170,114.29225360618852,28.246247874618035,214.36973045322898
171,79.6232127046121,21.4049199711411,181.63444130240524
172,66.26195657927799,17.351597081167252,158.0103084607173
173,129.96657350687008,35.510884844265256,231.7133057330453
174,85.50649835190417,22.192314849965673,189.02730754451088
175,134.03270789625114,36.58857043272253,254.4090800315768
176,114.80563976620611,31.96349786644586,221.4764197920859
177,87.0673727792507,22.331186395143945,160.55794111743737
178,61.983492862096654,15.459626084544679,156.509533969829
179,139.6524382857081,37.56263086770121,243.23076016786393
180,76.8489374220719,19.78535026981916,177.33925269512574
181,56.195457823384466,15.712295759200769,141.6336688262726
182,70.27990457772421,17.90784467081475,147.39875065948053
183,136.34946021650214,36.651847266792124,246.26667954685018
184,131.49852875036567,37.51653971861907,225.1687514640782
185,88.69553910001663,22.475548736707175,189.59072535828645
186,107.49651377621608,29.187850490849396,209.12210472808115
187,79.809197063634,21.709140516852376,180.56652738895053
188,132.44538968695448,38.70155111837132,246.02009620341423
189,117.79627146650729,38.4794778221916,236.97127374233284
190,89.78846607121845,21.883155034318257,175.58740793081486
191,65.96635629450186,13.571971007026535,158.6598025855045
192,142.45019043245483,38.780846318605775,236.2282287032166
193,132.4782176651845,34.599192338154104,241.2455209825075
194,119.89243624767259,29.685666639245337,222.52184657744667
195,58.606580479938025,16.564404557565695,140.8535042684991
196,63.55079171870552,14.545098575367435,154.20118979537756
197,87.52187578260538,21.565040921539133,176.5286043229368
198,138.114527336919,38.223458925415585,255.51355003801288
199,135.70552114552183,37.869381929371606,245.3245885516466
200,83.3630861423697,20.661130481330996,164.70924343964694
201,123.713277522199,33.9390142755606,228.62822838467022
202,76.97634077844826,19.90792951510935,165.90044266760387
203,73.6799480895572,19.26933629931542,170.41718975746267
204,143.90392609454736,38.74277732604022,256.9241287054355
205,105.34476099879855,27.648907369858104,206.2090706449324
206,60.59138594369921,15.365439069989359,153.76280454504723
207,63.946354187023196,17.642576135756283,144.47890438573617
208,92.07627106004757,23.0912638981673,181.01419718282065
209,79.50481063611964,21.471977806781815,160.83126337165234
210,64.04692578631082,18.04733544542876,152.43840471220838
211,110.80862621477861,30.9846781432819,217.78888774614376
212,77.28516451143155,22.43917097986527,163.49917418410033
213,129.68330868496963,34.37906081818582,232.14108975285885
214,110.77534901502032,28.229704573943113,228.04442394770317
215,92.98508070670003,23.648375447928977,189.97127016140846
216,108.42936184362449,27.009486874657384,211.64453795634964
217,89.22631965521457,22.968011270615865,183.92148255907193
218,72.65331518519561,22.249907280846013,175.521714677525
219,125.31513722858001,34.37538864244498,232.85439171304452
220,134.29006420884085,38.24117090356875,243.0212278543396
221,101.9731978418801,27.893632562430952,202.66712511577649
222,120.17011325068661,31.042904751515,251.97982360138008
223,69.665344232043,18.199693704298618,179.80922372171386
224,65.13645985007922,15.941976698427784,168.07681682585152
225,91.82383362728585,22.207368930962065,187.98018152307682
226,90.70909779316496,24.532233166967696,199.55245296846195
227,143.82416214779607,36.31464324520987,248.5153580241155
228,64.54108356347157,18.824620477132555,158.88977814969445
229,140.08421241302702,37.207795343662205,268.84395022588063
230,127.85922115911835,34.088204966039285,222.9391629761253
231,87.69765377670193,22.12760636722746,172.18808028851706
232,63.60766603340701,16.13187282898306,148.7557886124073
233,130.47453965827737,32.49176740134116,239.29070239381954
234,66.97547304121069,13.953329527110094,150.26227170768223
235,82.79263202495345,18.907973758897423,191.77142735899324
236,96.17735926519896,23.11744423755865,200.0005243642504
237,87.96585988494822,22.050475675203,177.56440232220828
238,78.04596807854806,19.317949719652507,160.35446991837065
239,135.21701120451567,35.09954805550161,229.28933076526303
240,87.56868007106816,23.41279284551506,181.39607190919398
241,139.2931259275133,38.528870779975676,271.9200092570446
242,137.73675182434422,37.82321552864659,247.10776548906315
243,138.1018447170554,39.476829216296025,237.91984902501596
244,52.075157882372075,14.912387459440849,131.53878555555409
245,85.5029162334409,20.632014551209135,188.51204922082442
246,124.89489627170087,31.858274443623927,232.8901298306249
247,62.97949766077452,16.73673548440826,153.4002290835333
248,134.75811580256757,34.13117891529387,250.19297625089823
249,141.44093919053594,38.08425043794589,260.33992533423594
250,133.4267803088461,36.4936063194721,244.8072857712427
251,85.69540203242975,23.856698347545365,179.47775283574438
252,63.16416988988808,16.243615859210667,148.93775982148125
253,139.50815156302312,37.31932310738633,258.85065814972467
254,86.23873573011666,22.430170071003253,178.97408420522638
255,67.62985816152586,17.89054327842405,174.81108423115725
256,136.96950491490256,32.664185155601245,242.841447702796
257,134.52001739954224,37.81085647558951,263.69107764238197
258,85.02893310223135,23.248004068042743,185.40707392326655
259,129.13556895898128,34.88501213596323,236.8485201467266
260,74.88472881624402,18.695013057499875,172.1321320539008
261,117.4993665681189,31.435805499087127,243.02824295354137
262,144.80013611358788,37.9003405553354,255.7184784087136
263,67.02684479567962,16.69950653033848,156.67944143487162
264,117.50857047676877,28.66804354127059,205.4976847147531
265,136.56823850951076,38.43120417848119,254.09315183655366
266,91.73995770726476,23.031014933151365,192.62360353601613
267,82.28484316021697,19.623162805429242,182.83568876014473
268,86.08464703471434,19.97598886328578,189.31512611453533
269,64.74068043831635,15.419326122797498,173.90973968493142
270,117.61079563308805,30.995306636403523,210.58874537725887
271,82.95407862149888,25.262196596274297,183.9641482383013
272,92.63344955774214,21.61551165387628,183.52064883451192
273,135.46669606603845,34.7316093681391,247.94598441746083
274,133.1856550190134,38.04614082754488,249.607307802561
275,129.54502340170032,32.57466342561239,228.98703543893114
276,55.22706148246038,16.903634483972986,143.8030229323736
277,65.5392905921033,17.780556273000816,162.04223776710015
278,139.01295809189472,36.88127528769286,240.24396923222073
279,89.39949435537788,23.264073568481564,188.48912079128038
280,77.18812674404592,20.22380573728099,173.56564556936925
281,124.85562840616375,35.46089368028421,247.96815473987832
282,62.24176513429541,15.99263259862135,175.03534091242304
283,66.38114176004987,16.72955612027771,146.0405235890547
284,73.35867578737076,18.16527289312887,179.8859416234003
285,135.34579946845557,36.9855463188018,251.7552335697101
286,65.81584168777495,18.02956107052264,166.5055915253399
287,77.3194335341465,18.23191865801612,172.74637223779806
288,134.90694253452523,36.97267419952079,262.4701786344657
289,94.74071590153612,23.05784725676398,187.369757539739
290,128.0066264532684,33.39414688992455,258.20067189263045
291,76.90004987504875,19.22081458115873,169.06835207555633
292,70.04240308980975,17.05769693085463,168.7643705361871
293,77.13654345148798,19.51934496686226,164.16037150492602
294,61.95009865263138,17.32412307521663,144.51560660329196
295,70.4126953040409,19.9473865151752,172.47214770840077
296,135.0047300527642,35.16764671704355,240.2079062819623
297,80.78432727182144,21.017807517407896,191.78331415001887
298,82.05410570148258,25.411877980253212,187.3762825280404
299,120.77219648253684,32.657568757779345,241.6294331771193
300,71.63565131272183,17.84223105784749,171.06100765048544
301,71.59429602720414,17.958455506924484,166.84058324501788
302,131.64222527554003,36.107601149969376,244.75681749293548
303,109.03815321314643,30.321090047398215,219.01246451471988
304,119.79239635382078,31.99254769081838,212.89652593150484
305,88.57778840307962,22.517320738223862,181.55300923455368
306,140.9777634380519,37.30608607471828,252.46298921531735
307,129.24710648113378,36.0844649180844,249.60379369617837
308,92.72450066274196,22.002795014273705,187.85805955154203
309,80.33168797939364,19.519624229574536,176.7654282211192
310,101.06031092892127,25.03833160716705,209.40374235060705
311,53.14998130486929,15.134438466101125,128.8215272091952
312,65.74423021353354,15.553670002138029,148.75727282604063
313,75.71078852004956,20.110761511902883,166.21469787539317
314,117.76310639552251,32.986818529502735,234.62731293017623
315,139.97889133587927,39.707058741886634,255.5345042068683
316,78.05019781242997,19.768017102465787,159.1462446309744
317,52.722404642990746,15.491503517172601,152.5970438932838
318,104.71109078933246,26.724716636412882,202.9813405007686
319,67.91847102212432,17.73161016068996,162.87732190324814
320,107.49391984227503,27.374994781920623,210.0398002509007
321,131.17137331215028,37.03037785089848,232.7039753325864
322,86.66178366653494,20.342847653405,179.02416809533275
323,81.55744723275849,20.251606678280087,174.99583362170225
324,94.83152113684692,23.554101233970453,197.5029647872976
325,136.40761622427976,38.340783881187825,240.08054045437555
326,87.57934288216902,22.159268629568164,197.05565036282712
327,137.11779526804884,37.02945908335279,250.7518829783581
328,134.09886701689572,36.04618144054478,238.6562694415077
329,66.77104652401292,14.652822588855566,156.0055551592599
330,94.29811537768214,22.389126748257258,193.9501219634013
331,56.0936727988259,16.720205502280805,147.90962126079577
332,81.00981902909105,18.328595534707507,172.2875589260562
333,79.34676488268532,20.014879333089056,172.61372666599092
334,63.72807006434193,16.486198384344547,166.84311788308221
335,79.76523326454354,20.85811523462719,182.56554107030425
336,65.47466621420601,18.751837645290237,173.62976755951436
337,120.44524946290389,32.44589886050328,237.48236914656758
338,101.31990738204188,25.199107259788054,194.49130573453854
339,59.04705161035414,14.39181065055759,144.6669649572444
340,75.48987071053513,17.442278611729495,154.58948812435003
341,61.65014685450594,15.883931233358785,153.97709389863792
342,64.94176974302091,14.067924370355554,152.6500151569397
343,109.64630554306936,28.062749275834168,220.14213579091378
344,63.28614861199993,18.450560683229885,130.62906680600562
345,58.75927823656341,15.355852439016154,148.56981363682573
346,135.94956079627795,36.79782564201227,253.91711136221696
347,112.712261239402,31.459386117015132,228.46034541558393
348,71.51350575628605,18.061919788220454,157.54678967577289
349,64.05323905009371,15.920143448483556,157.76762695708757
350,125.92158585321788,33.657763941056636,232.8966384190954
351,64.88527212667091,16.990152593594264,158.3697967851563
352,136.70417572741516,39.07078919954233,263.9727182534306
353,137.16101113702175,36.084407269233516,239.7491973217989
354,88.13980744082097,23.090627697376803,172.4720725039377
355,63.548060166371336,15.890160488896464,159.78587203026183
356,129.14935581174288,37.10303801311786,245.11181725699342
357,72.0204976404814,16.617065620148896,180.94063027727807
358,124.88209558971192,33.53919052480405,231.23143804036465
359,141.82681401067256,38.80518440004449,258.3697869993368
360,131.7872089083339,34.86080819838882,234.99173273487975
361,68.77430203228286,18.794076408847108,147.93704203179843
362,124.18197979888608,33.35634813258321,247.9823338891105
363,55.55219217265192,17.54051573530114,148.78481389598522
364,114.56249314673984,28.445270163511793,226.9250244343635
365,139.90762255857092,36.858837772737644,263.3672874430714
366,58.73424775087147,15.679940973805492,133.67603540773223
367,122.76368435649069,35.90353337627692,218.03687607589634
368,138.504269177456,39.12681593661244,251.86251265249243
369,90.08154154643579,24.898859850325042,193.3990787846328
370,59.80525631806771,15.352980336664848,149.953135810659
371,79.2908241160223,20.068339180142182,168.02027223383087
372,67.81002662521765,16.834084199007762,174.16416657607775
373,68.7620522656503,18.022001666161,158.74583209407987
374,104.01997254098721,27.548459306003977,210.67003717957115
375,65.37158981203414,16.202373261321938,147.9580537956292
376,95.9084204703541,25.66831909148873,195.08282661561097
377,142.90590278201483,39.2244734423417,259.1415709575478
378,56.568974655557064,16.670954157237947,153.42818421158313
379,85.92767101257542,20.8966634766339,189.4916497789637
380,100.84668968008695,25.61582061135473,186.92390510897698
381,66.3020361710145,18.566358126047486,141.66520118174304
382,87.23073862368375,25.025369167856415,181.57907077993147
383,122.761018328202,34.86577250935135,233.46254413460682
384,108.20355354438057,26.890265694533124,216.64399720865578
385,82.48706621984984,21.366888114714303,181.15475229548767
386,88.8718774384913,21.109856230227674,169.4153171683171
387,86.00443253852133,23.72985066831163,182.60022947538542
388,92.78801900883732,22.321792109140887,198.27270539912305
389,82.57778152259523,23.384545869457437,182.10597832095667
390,80.36342450057616,20.65458380668085,177.79833479074907
391,131.75171424267054,35.96735741633389,253.9883349890114
392,57.05112860763392,17.84154779706397,173.57029251890626
393,64.40576278154009,16.698155639330178,149.60408959292616
394,93.36165708029849,21.130035968338834,183.20292347487296
395,63.66688630717673,15.050098667675117,167.47310498477648
396,132.58302259778074,37.32127349644609,252.65541626679376
397,140.62800558594748,39.06767065963424,261.3178564826798
398,64.52096782850644,16.040333407012564,153.4373009861744
399,66.90672126327892,16.15062693091701,155.51914177233712
400,83.31431784139151,22.96503708462243,186.8966469449368
401,66.20856412900869,17.120585756944113,155.2042432997836
402,142.58872982397278,38.087878810739674,253.66036449288745
403,60.722554243577406,15.731571006466355,140.6488587146343
404,84.2127218608832,21.484551422082692,184.05668633719137
405,92.15393579647765,23.70686801996199,191.2685272733547
406,132.87705208432894,38.08452533605195,246.44878697065928
407,67.4170011031058,19.22422991219785,176.43400121217152
408,75.8423310725514,19.080933165635972,175.31621477672627
409,138.66519082805988,37.665208854916436,263.83858089510505
410,61.775863640010954,15.969723972661336,157.24619781400347
411,102.70228313285169,30.11539969157265,208.14057234233877
412,138.80243559901987,38.22990437035114,242.500297683558
413,125.65413148804548,32.36123139058841,234.6445610270437
414,132.4886178769482,34.54077539905379,264.7310081704091
415,130.1702506857995,34.28404625741553,256.27791715940543
416,65.42216062253847,17.055386064879205,156.14098428797
417,100.53512393830577,26.969434040967695,194.1389952724052
418,89.32794606937692,23.759785575192932,203.22218131006494
419,84.53151209761093,22.940016878899495,187.89455961724272
420,74.74890148122425,19.438783341711723,175.94402077879306
421,67.95408623349998,15.741416985549709,156.84429800148362
422,75.23174830731213,18.85424291432918,179.51224124140705
423,82.1708847617194,16.94379604584357,183.42197013405368
424,63.07320599613707,12.579678654465509,162.6570648467061
425,78.25366434559292,19.3218992220795,166.1898615732608
426,136.04686599965177,37.355259004036434,225.71854249840786
427,66.59779601592528,17.518969443499035,160.28788299716874
428,145.15641382826544,40.36464292490768,264.13283674686244
429,58.94738354853177,16.203687336623855,148.5725514059892
430,71.90361186700925,16.8886378002405,147.21925617470063
431,75.8839329318296,19.61789822981385,164.99994828719466
432,110.4904954824285,28.704928758327092,205.53364146351672
433,110.6921563414951,33.137951333015124,219.9222983165137
434,63.02529229736937,16.40784202704959,149.77999444502416
435,72.91659144181061,16.777359690675045,154.660729765718
436,76.1918922407746,17.934858585820475,157.16512471990055
437,85.20050673203585,21.07858177212146,178.10579071329212
438,82.06967597290809,21.000769196013714,172.54960576529223
439,79.96609000541824,21.625612377050256,168.2148404497443
440,66.27221457468552,15.921006679129638,154.43138557416162
441,68.5525993218027,18.877373165770855,171.317683779198
442,133.87085785970905,38.470284799987176,260.6866570590889
443,64.04456015333433,16.65396083673313,148.41464824957754
444,61.441740558866435,16.38768549308273,158.28061146447826
445,71.88182656956043,18.384109768856437,163.9739923603334
446,129.75818829109497,36.25227773237736,230.92482637415353
447,139.5912433067868,38.7510766168477,266.98042287066556
448,76.72004864417492,20.20342341516842,170.4342513224117
449,63.78864298286849,16.245289534555685,157.10080177190414
450,66.78271050213873,17.145113100839954,162.6325645855977
451,76.55852867498491,20.30719924150255,162.3787769268936
452,135.86407681334325,36.906749782473035,258.0921705865039
453,64.39208299630916,15.251378566445327,157.1076061450569
454,136.87978545692064,37.01998314711171,263.14344330423455
455,70.92319881148912,17.897150276194314,168.5314216961845
456,67.34806787971077,14.451526793601403,149.48525271145917
457,67.88077106588192,17.853706372505574,155.56885588359435
458,49.14093435610368,14.481247720339125,141.3699473442019
459,61.07170469838685,16.004173902670914,155.93837949732082
460,70.93665843756824,16.04982312969513,150.54603232337539
461,82.636736794517,21.713535490547113,166.85021870217352
462,131.2016808873388,36.32742308560495,263.94870421771407
463,99.0228345320034,21.28159472617241,179.3904344426459
464,133.20994905333092,37.05677003371375,260.3171594212482
465,140.61227545744006,37.62401899621542,237.94321559076914
466,76.57128528870062,19.65295673923575,165.99262136288095
467,94.41065844429423,23.782083400040545,195.6147514963928
468,135.76278892908485,37.785765350114566,255.07047859004493
469,95.76880688413814,25.707697634977674,187.47714807348777
470,136.12633820592143,36.53470258279792,252.28124459040623
471,70.91101656448454,17.684366378428788,172.43409025080751
472,134.7493627185195,36.299953125786665,247.19638121239691
473,88.06109209182392,21.06705865221045,182.43228802514963
474,140.04627445161546,37.83098399162956,230.7565251120595
475,130.28084544342184,34.70741353248841,241.9205609606419
476,140.95565403869378,37.968113674298216,252.02513435332722
477,82.08245140280444,19.905738619985843,181.83860716889714
478,128.0871596098871,36.335972308386296,256.46873616717045
479,136.46965391803602,37.35747420421233,252.00583382214805
480,122.07467830455043,35.01408239037925,235.28397862335044
481,127.31288043942952,36.82137511527332,249.03858779966092
482,81.08115456167226,19.79104406678726,173.6652145368313
483,61.209436270111745,15.430513453879884,166.07032743035464
484,121.48831207407997,35.792018860779415,217.1063816509899
485,139.30545143096973,38.103836228763775,248.87249956097762
486,135.93513155907988,38.92400808174623,255.55590544234275
487,67.67037257714863,17.514101754284372,160.8189194086013
488,96.4317976876696,25.844788468326833,207.01926830471976
489,136.57537090011206,37.629149983622746,259.3561124073048
490,126.124993375687,33.97073417246274,241.8426272534281
491,60.90748676363849,15.518654553504712,158.75892619972248
492,134.84542715254435,37.45803123959184,241.5411352238639
493,95.06177867173126,24.529555196215984,176.50879733018695
494,91.31883878431758,24.07864735141688,187.05615026144417
495,59.7252994642591,16.542171777330164,157.98020716237912
496,71.7033778167667,17.92836936418657,166.364173253683
497,130.82118743780262,34.506160358628584,243.76834936924556
498,64.33814651872353,17.185462415380854,150.60558351212833
499,136.4420560144263,38.77252727188529,264.5310339433624
500,134.3735096232111,37.83020795327476,222.06767407969434
501,90.0605265044619,22.075537534451644,172.424303504955
502,130.3404197034043,35.90068721155637,235.5389108031579
503,84.48887166473153,22.55353474388845,199.28002876339534
504,94.09175519117359,23.46699906292962,187.44764815889712
505,89.06251971551579,21.241528556391973,177.8527567266704
506,75.17393748902354,17.446653115877947,178.44000893950343
507,132.6077781843824,35.533730559704516,243.06692045485588
508,79.5949800840563,22.103075299720917,184.87810470771956
509,138.197442201617,36.92437314920645,241.481007006471
510,93.04073890197499,23.82678148907964,193.77414965466176
511,106.92838653289057,29.52083093741523,223.2011518450556
512,56.63304107118092,15.885916123641207,153.79567089746803
513,141.11303869145675,37.460845566552,261.1865404415972
514,127.559597356245,37.68590343522325,236.44263972036114
515,89.00459405887813,23.231875298432552,188.33831643533682
516,86.83193045507733,22.08074860735884,179.9620130180438
517,67.93397148450431,17.05604984172029,160.72670252794325
518,78.63124129156743,20.76110267654829,169.49778813566195
519,131.46097118225916,37.20062765169184,260.20364446466755
520,64.77127179610326,16.906628995552946,134.986755255889
521,110.07221808441739,29.03415587857958,208.24046349042789
522,56.61326320520741,15.124908631883864,139.5163124642858
523,127.48644489336289,35.65824957359615,222.81900791388423
524,138.8100400022099,39.68908599144603,265.1884157333389
525,135.17019506327713,37.945757015707905,253.31487672692006
526,59.62812860630687,15.524150542726582,147.7234235885986
527,62.471270843795004,16.45001533073312,168.49144962628316
528,93.54497330152309,24.70083286752231,209.07814735332386
529,84.72232794424345,20.568055103025443,182.80906374072302
530,142.77388256244262,37.91917672556301,253.4255904598372
531,74.42039473467044,22.15167671962872,188.05657807285755
532,136.24765562963776,40.41158343725055,258.8817820267586
533,132.85936350269563,36.44487578546026,239.62264447322386
534,125.99045356496426,34.13536091224366,242.09071848373347
535,91.44875555491195,23.31598116227788,185.7448744107409
536,136.96954434592476,39.090018831585276,256.4349841268904
537,141.17694317176804,36.305404195602456,260.79794108169114
538,91.70867396785977,24.741469766427958,177.98885156889074
539,60.30616805010235,14.499764471233963,154.55501317399802
540,76.14224387428239,18.005783515641305,175.84900256396756
541,139.7329439407611,38.2602271194171,256.18827990328595
542,126.74894158645263,34.50039858773268,242.66327605214215
543,86.48272153934737,20.937254284708377,198.80418657078187
544,91.84641966346858,23.592162877505977,192.51509276431906
545,129.3430711114101,35.43429698400137,231.7354079266917
546,66.8537119638264,16.521544348317104,143.09471265779462
547,87.50350032648937,22.58745630142852,186.0329069512274
548,86.07290259580601,21.331664098558345,192.03288736078193
549,136.27777864875077,35.03967312518454,259.20023204367686
550,92.8147527392618,21.441924298711218,185.14624916739717
551,124.73410260733908,37.03943997638782,225.7482652841396
552,132.69183358557927,37.23616208154065,246.06503851499633
553,130.934215555266,38.0581413959909,247.74819404887265
554,137.55039268326695,37.77299828224017,255.99245966394142
555,134.7965660025568,36.07436023720053,252.72675666092653
556,64.01357989804133,17.536856414399114,136.6603727087925
557,77.20409981813656,19.06891318995028,165.72273984224347
558,70.74958044909701,17.296560731415926,148.5401847476056
559,88.89289625213615,20.66067143028697,179.69116098039868
560,107.86430803857722,29.28912402944542,216.10666239871222
561,80.1446825484876,23.214138135298963,167.98540893532154
562,93.29179740163461,23.782303072896052,189.08389800009323
563,71.32257393382044,18.62609122855293,177.61037065763944
564,71.33316564971166,18.48674471910864,163.57329575241909
565,75.30019957718156,18.973463124769342,162.68990387095275
566,140.94760014319527,38.27672928987292,249.64379084366232
567,63.110939674208886,15.705651596515361,151.06244394742882
568,73.61726821975715,18.122890402602405,161.17975780245305
569,143.15703742093982,39.52510329962722,260.9292585052383
570,70.09173890683823,17.08140431689014,167.37798441612537
571,131.20970638086007,35.89207611626517,239.1883223412622
572,90.23590782975187,22.13907515679926,177.68282551364345
573,70.36946066340649,16.559161594045257,150.53715662806698
574,127.97693089986892,33.19664778175608,228.1791334453573
575,137.15741894450832,37.69272960097248,248.804969303167
576,139.67655805785236,38.145283592197934,247.58782395608083
577,73.72906615174192,18.95865289969225,176.99275061047098
578,139.4614623390143,38.52637065945927,255.33201161410219
579,62.73267787286984,12.759002593880624,146.30082495554817
580,93.81425852181052,23.8357983246612,198.13567819465052
581,53.29226125450287,15.33082295207018,144.89186011199115
582,132.43539506852377,36.68508206019491,244.44132906740217
583,53.639942966469874,14.79484090654809,140.15897468785008
584,81.64936358781473,20.96739567506648,182.12362774477933
585,133.5563952045222,37.91379497952874,244.9628775015763
586,95.65388516872399,29.122636974696885,227.8290618215024
587,68.1535762009694,18.59234998824316,150.9700996363501
588,69.20868583024286,18.915493444206593,154.97062437589713
589,59.85468668313896,15.528928950848409,137.0415805682584
590,63.23037077359642,16.004201465496006,167.4008406793393
591,65.80413978455643,17.228618886466393,145.36567378588157
592,130.37844762809905,36.010633966794494,238.13694259938822
593,94.74810760246696,24.874969086485113,203.87311567269072
594,75.54317201930037,15.767272161546742,167.1721155588849
595,134.37268122739763,36.84583066758464,253.5106901254225
596,63.24395142049326,13.492283214682038,143.91054164036925
597,82.93889609205162,21.96739268025556,186.0183817765645
598,104.37213733267006,24.562142372935785,187.59305829534506
599,98.5698408323337,23.33637167914584,218.7563579404794
600,73.25948556068796,17.636867240284882,178.67916587554538
601,67.25184115031891,18.89796787072689,158.99299497842705
602,101.3160025835223,23.60133270349313,214.18094857822516
603,101.19971627962043,26.169081810840375,205.7307443348123
604,68.59199259433449,16.083464303516706,153.786513971748
605,76.64893290104523,21.72417570405396,169.12366620311644
606,55.77707378538499,15.620594164551953,145.01731019095178
607,86.9775010369185,23.577477832909224,183.54281195747902
608,50.583134890848804,13.03253370143575,156.47126893004506
609,58.257456233440614,17.66003230212051,145.00125264850422
610,73.0796029427125,18.73524885236429,163.18338985609736
611,78.35857376693731,19.364386608101007,167.081201640427
612,69.24230729095497,21.193599645628034,171.24284819137253
613,129.87208045748994,33.80195244955599,240.90075810142227
614,70.34127397789264,15.815955084384354,168.40075106711132
615,139.4930306532065,38.134315958275856,254.72983474168356
616,142.95959710022817,40.84880676156089,257.73012518239153
617,68.2466661343628,16.71972285313117,170.8607297471935
618,99.30563915717742,28.948166716921595,195.50518905488525
619,89.31914877979911,22.782619145869415,183.37762299035774
620,81.30169923893288,21.190605252275557,184.56450934490826
621,93.46348425456175,22.774761162633713,191.03624371542125
622,84.95349109712147,23.411812212512817,205.2045667697101
623,67.21402629531282,16.67634466206076,145.98216104070107
624,59.05007260655213,16.21250403543642,140.1812262572523
625,97.57829341867843,25.234813717442865,192.6432585403717
626,55.267045179734815,17.83758658058135,145.85831291370678
627,60.07650132743324,14.969646562165424,144.31671807172748
628,88.43225498900733,21.75541302816055,180.93515172321443
629,65.51633067613024,15.27685391467841,158.6184380779837
630,81.53838251033808,24.470245570607226,180.62109533648734
631,88.50817215730488,22.285461731781968,159.0600943784727
632,139.38937634681048,38.61263835836666,270.388942469395
633,132.1776546216953,34.872081873860665,240.78460087080282
634,129.11302265927077,37.27058728779429,246.58194157998577
635,74.36581631273017,15.730826880099796,164.54327130520605
636,68.64207762371358,18.861019915897774,161.49167704701117
637,136.56708201232405,37.87844920098225,235.34036113036652
638,93.35675831226187,23.82017599029354,191.33350942601217
639,86.3970003963819,26.28977242883475,197.8430534807681
640,62.041737728962914,14.592975001973018,141.29477345057006
641,62.05421599774309,15.076947126252561,147.62733733160525
642,81.87413457224838,20.88066819813034,175.3602816531148
643,86.83628545712826,22.477514715212596,177.60662661445613
644,89.26540898571163,23.47167775092335,188.3930703760757
645,79.32458358306968,21.01125123789655,158.37153831623218
646,136.0174208916786,37.76722866083131,266.66451522470396
647,101.95649649461329,26.681799450031274,206.32221018287427
648,97.71852802848422,20.633602203022907,186.90843125568745
649,88.14022823774377,22.641676447256057,186.665555378851
650,71.65101467201201,16.671642931578177,178.1085142364652
651,69.80334260448659,16.861839260346944,159.50919126626502
652,139.6503664487628,37.128803969157026,257.87181928542293
653,132.43487578270995,32.12203937401582,235.9874726507895
654,80.51577512794827,19.513336380604894,174.0017442873423
655,60.76453239217802,14.925999158034807,142.04869775405018
656,68.72386456215385,15.346985133205015,159.14571206438526
657,80.02411714452752,23.350203071386527,199.28879674658802
658,65.44252398417056,15.726826451651343,151.21645726109725
659,131.59236979135122,33.411756707657744,243.46530974364433
660,131.66787561256703,35.9561786397034,236.11311912382442
661,64.98289437035012,15.051442380769267,145.4943143165363
662,130.47829882101655,32.82741729297448,249.39358257899747
663,130.1693597979984,35.84108334212025,245.49204484924513
664,102.74504875942323,25.69682768612839,185.17353038214532
665,65.40812666851168,16.3585714170943,150.36083385876307
666,66.43857517383458,17.835678097844294,155.1545850544047
667,86.95924153084285,22.593143818281394,186.17112115725263
668,86.1117676162661,21.571078437699782,169.96552321854733
669,105.63253784074878,24.76341773425821,196.33847660291482
670,87.97224993548646,23.106199026743358,193.85454574672937
671,93.98325988221215,23.09607141283534,196.6491626308106
672,143.01906179154284,38.949137373705476,263.64874545824637
673,74.6308908828283,19.24019162109086,180.79950098740582
674,112.30440025158448,33.05100879199346,234.53895185390635
675,56.95122484627759,14.681812055992525,156.08359447008846
676,132.5431323021132,37.11201340729822,247.53736179895307
677,68.36243951710428,12.135008732846076,162.60572974189935
678,59.08536195731996,15.093335641237369,149.05333391193435
679,136.96023827915397,37.857319238635085,255.30238216912971
680,134.36715532053674,39.938260085192276,260.6960235710245
681,90.9023023571984,22.889252058061302,172.54710293673298
682,107.61571132374137,25.97471534797064,194.4680741527511
683,97.61723047640753,22.253324291939382,191.91139159660332
684,71.51748491373174,18.672736871577094,169.30718902615055
685,132.10149998075093,36.00908772486232,235.263266099795
686,122.61245205905716,29.99202241067174,229.05004169821436
687,135.08663281081508,37.89859510155341,250.39338331951765
688,106.12769841022737,27.84265209702463,209.91309803661076
689,86.07086944528564,23.132074364218713,171.79041675115064
690,96.97808087644631,24.184897457159668,187.59263240350145
691,95.63390336890019,23.696427113167864,197.83063277100726
692,53.79813023970103,13.059020079902718,153.91820813852422
693,68.10057090496836,18.2677000922556,151.4450074615601
694,110.35791183737626,28.291751089163935,210.5843028285469
695,77.87165634091092,21.307225039758347,174.4756274057565
696,106.67787881061143,31.94197287568809,230.51178875225455
697,90.35102480980285,21.49578963547062,185.3480288757202
698,126.78391205633166,33.52465681706042,257.8969760149685
699,67.24044761321161,15.640519346566979,154.90652463964855
700,69.44886255128459,17.921557687633555,164.86666034835233
701,109.35077815244891,30.26537328265272,205.08524488103376
702,78.86680664742487,20.040254383052577,167.82174278932743
703,54.452098568660396,14.018989386399664,147.3160024187364
704,72.92389830585556,18.493329392322252,167.93478565513433
705,72.83320946638055,18.102654175242197,164.36749658810098
706,141.63339568309564,40.14800977038105,263.7404190591033
707,127.22389442347149,34.20719351662482,233.70080191591816
708,65.3150618023393,17.02364145159338,158.86017327691903
709,86.92907765920249,24.98885441055871,183.10648559856892
710,94.0791345150587,22.231737783844498,186.24414774598753
711,72.51322389533571,16.803804365364382,163.6327121421983
712,125.81636780535474,36.18245349660388,248.32645061190757
713,73.00755664547513,18.620608360578654,162.47766321065467
714,58.19722254496191,15.342099845578907,140.65296734459397
715,62.09121795602092,15.978201970942932,132.74136233408893
716,136.8090020033825,37.9341389928335,253.06534541936745
717,133.11759688561025,35.53524414679911,245.11291908099142
718,139.71095030856682,37.597711362151266,255.30872589251064
719,69.95049680207455,16.46748502504097,153.4284584180992
720,93.60706395057208,23.283219475236017,182.6348635023398
721,130.68541255447414,35.50327495347525,240.50382446867
722,96.33185112456184,23.55304743210608,198.09028251410703
723,73.48187389113306,20.130550296525204,147.725048664323
724,92.87639960431967,25.828741073570608,187.81224064886885
725,132.4193926587932,35.943373865456614,222.34281461891763
726,138.36845293355924,38.6378784719978,265.85172737632064
727,75.99198311857144,20.450196218512172,173.41110793756306
728,88.59594923338999,23.635211313959683,193.3290699924626
729,100.17955772361344,24.535081117771806,201.75898813721696
730,67.12641897670672,16.074053472277402,185.0900784952294
731,78.23954534886822,19.940142256986483,172.5630861003731
732,74.95875299149561,20.42514879493871,183.83998752368913
733,74.52411108772328,19.38578189224952,159.1808231444372
734,127.87120735434935,38.65058700985403,246.61608523379957
735,58.80037755905587,14.028872145994884,152.50570799065756
736,133.43611227288332,37.41909413633751,264.54113011096257
737,56.07874158268712,13.707351475375601,121.69721480552938
738,91.2882982255285,21.452248870662242,168.39299252823696
739,67.05034217723706,18.229921765059284,164.74061431409322
740,61.03901623567815,15.878442914356631,147.05555100647453
741,65.65676848559589,14.353091222057769,160.9158566749933
742,82.67615196412629,22.031239501153195,188.6334378621016
743,90.85542225039454,21.754311807545708,177.45602096371263
744,58.72490850680049,14.928569061058196,145.17845782696455
745,92.59517975483381,23.141442734850298,195.19219122405954
746,140.49183114704712,39.80746508459698,259.9165292382754
747,71.7674503590735,13.54316308881175,151.9383681999943
748,134.1947939541761,36.82099354806804,240.28985464725287
749,138.11106839885414,37.34877006204555,252.85814575974942
750,120.24213895857442,31.546250816140994,219.6626346502471
751,66.6757186243369,17.81889670418769,148.91930045295126
752,138.21867089704241,36.24519097166253,260.31884535751186
753,130.26763948273495,37.74737893340605,269.2998746095936
754,59.09680136836313,17.21739574798088,151.93194695863022
755,66.35908996284417,16.655305299969488,150.3442599009107
756,79.35016439195634,19.537292349369462,177.17164185323125
757,117.4177370438459,31.350930993909525,224.5515420848827
758,131.73246694350135,35.666430658775006,239.06193789219859
759,141.99355152682747,37.06083202776626,246.5529688133292
760,84.49286101398239,21.84119879905289,187.27419932854994
761,77.62179892008079,19.812508077453717,173.41199803942274
762,93.09478515088634,23.08078633170241,191.50074979405
763,90.16034423403617,21.57534272375413,182.44480110025805
764,89.37998955497251,24.6914777067303,196.77608114529866
765,88.01234576171844,19.298443976697566,184.48014355400105
766,120.21846898179025,31.71335244032861,220.75607047230042
767,81.53084163620925,18.772952605883805,183.7979494445971
768,134.100003716228,37.12555080498708,242.10791558212279
769,62.66463450704013,13.157029428239131,139.25423420141883
770,90.0316148565125,22.9214823784739,186.5866349244094
771,74.05678743163654,19.19699289631963,163.90078747582209
772,138.6710818994149,39.057102569175974,247.54127399470153
773,70.747441122828,18.45462873036585,150.2979377301106
774,55.69929943329785,15.219570038869348,149.0550115800435
775,92.3269445951744,24.04127891779449,184.30456629513142
776,67.54591730059946,17.423782102085955,161.35443219747887
777,91.76480948099434,22.448548704109953,181.33602355387137
778,93.27887699388772,22.956326153210643,192.11091910699673
779,97.42707587513057,26.56507704784725,186.5358644063521
780,117.92104869084638,33.900081491734085,235.3543880880144
781,79.11903902613551,19.601672524121255,159.94931475849884
782,130.12912209544336,35.2134039930559,239.6295359494229
783,88.3904359627986,23.4979707789871,180.76157843508994
784,64.58725111248535,15.44329965249513,147.54118765515406
785,91.55908653933008,25.829937894327877,207.81004898621356
786,143.07547690494593,36.34179430328641,242.75686722564902
787,108.8145098378156,29.299506970690405,209.0416913115653
788,61.72822104877026,17.11766778120454,164.3600092511832
789,67.26055816216812,14.952448418386792,147.0487808065856
790,142.6879446012976,37.855856227938894,250.72280283747497
791,68.20210208202407,19.05772744641123,168.6410853142228
792,122.254880306249,34.482725232757495,228.2230189120865
793,61.89053390039837,14.77367107788342,142.60607338876886
794,121.14191067753048,34.98155890051827,242.23789786670832
795,91.21578606327859,22.95007869410659,181.68358288456952
796,132.91073874948447,42.030695736495,247.22296364572514
797,141.9850966738749,39.39140781275652,250.09288429523016
798,115.99059013082592,31.08595325652442,219.12484822240341
799,87.865827569774,22.426758966634498,183.8372202697995
800,146.3700687909755,36.45298467041481,240.97010537951147
801,88.16179666466363,20.851167396892475,186.15980366203146
802,65.21988338679373,16.28965781940009,165.1799447442372
803,137.92336285849805,37.188340203999324,245.4154696693635
804,136.54653033154742,37.439595125849046,253.7262876974551
805,65.08684157884177,18.13560644328476,150.2236568240236
806,90.835390023682,20.20054719246566,176.2552970054061
807,140.56301224327532,36.44319394843463,251.65550247874228
808,142.58478282442675,38.43107222963778,249.8597056476691
809,59.21088764864981,14.891130970393734,129.4651749089511
810,74.64771715433169,21.288543077145146,176.03916709166842
811,138.11462030350447,40.049781420943845,266.6618772237257
812,135.7586472183837,39.5382812095928,250.56404141119955
813,81.39202134351628,18.032885215572545,189.62424181531318
814,146.66351316434796,37.84830975338223,274.0657961440036
815,136.18997629422685,37.63478665903495,248.3785992638766
816,127.69451496882586,34.342234008834644,235.6787948620283
817,135.0418595781428,36.11292255577231,257.43143923596887
818,61.61296699337628,15.120621674056862,145.89865589913126
819,72.1703276735349,17.257760711541135,170.77027911090622
820,65.76895752351352,13.485521242309856,140.1068676848895
821,78.3128574969818,21.444672735170943,170.02870260572396
822,85.58890481570835,23.011810738501868,180.18562289319115
823,58.07188519305716,15.027005158684808,142.72308777715142
824,51.76411016737128,14.44921699306766,150.67946967401724
825,136.457013517832,37.239647442448536,250.41751223847413
826,132.29061760294624,35.75606541291284,223.23685055460916
827,61.80153247811079,15.098042904946302,152.37998614826748
828,56.835060030932844,14.845396074891509,152.71025378722052
829,87.0631470683762,18.470126879634297,175.31764560784285
830,60.41034736414604,15.428529364881433,145.87613076605217
831,108.85434341400781,26.699011537680903,201.56207940008275
832,58.64251106472634,14.761241721858003,145.2622595635912
833,77.93633075334363,19.423780236133165,167.31949443844346
834,86.80091228038943,21.73836407248449,180.33407229418648
835,61.979418012321155,17.50842163273236,151.76672085121604
836,63.41547459741165,14.042736307252698,147.42882152742808
837,145.298275077655,38.041790372734944,249.19234142215865
838,70.64325967326552,17.763186038375597,151.88061568113548
839,123.54376137348503,34.6564877442813,233.15482621791494
840,137.41249195930456,37.56214730332234,232.94886440183316
841,82.16401687378725,20.32593337194631,176.46939640372088
842,81.55386146973908,20.501221203722068,173.28703913241262
843,111.29589166494758,30.35609634045134,206.09230701598005
844,130.11365591594077,35.765845067037176,235.9178928562411
845,86.9362784705312,21.712158227594347,184.38114606324808
846,66.95673444741094,14.734547229186544,141.25189706496525
847,81.53785923743243,17.16110574432358,171.79576499123894
848,137.6078110333955,37.09810925863818,248.97446121044757
849,63.99640043683936,15.402539441532186,149.9361708680286
850,133.98778050799555,36.95378407608697,246.53335763534832
851,72.55079572033388,18.04674758152501,166.02294689973704
852,59.82160082264742,14.617635041962089,147.9752166490022
853,120.43841669389876,31.132415919434994,215.34299638892767
854,143.67907239583892,36.6399044852142,259.55556551409273
855,94.90374123248802,23.000153046563014,198.4571208094725
856,89.9086841874503,24.020224076054756,182.2372700726597
857,73.16680980605518,18.847624634260878,155.15985663582504
858,60.7429581664229,12.53221949692311,143.99828106504233
859,130.94666472079194,36.58594550727161,247.51179265218005
860,74.76184640701929,17.84146687437524,165.03283185952455
861,78.07924398862717,23.79003656550149,178.4749629306095
862,62.386000624112626,17.98383190271709,160.82976903385492
863,126.58700703022849,35.197283887608315,241.11568540567848
864,62.2379642077672,14.225959077669664,150.9193965820485
865,61.9986515759194,14.842422658224853,139.3306958083472
866,123.31487966594615,34.26883957893719,230.21175111034967
867,76.44701494482915,22.967247778006357,158.9761661661585
868,95.9456619244739,26.931000412455422,211.40882916912975
869,136.81165571438888,37.049595255009,243.3825693375835
870,140.58462017406637,38.5630845883509,253.6662446172643
871,55.08574724171839,14.770844452736892,153.88654596603104
872,89.85316196776867,24.08467452321424,183.7857604310939
873,118.01831729045871,31.324310045131188,225.39656376830274
874,62.025443749430096,16.302147373019157,159.5911279868595
875,76.5168969379492,21.082634496261196,173.24172852750078
876,72.05947057109792,17.297629136235674,156.0064742334758
877,78.19420447607887,20.391536152171238,166.73756089213785
878,126.39253875504231,35.50107912550728,233.71231590775923
879,78.76744346165229,20.63872812848977,186.72100849969098
880,94.33731286221801,21.58943739510732,190.69224682580457
881,98.31969559367847,25.06595692644472,191.89710791269417
882,85.19898679482453,20.915483248536827,178.17028509646306
883,79.64835463207852,21.800855518780015,174.7865692707268
884,79.90211334160365,19.1762935510712,160.4358984985046
885,79.69449902219047,22.99127931887347,189.92242576321254
886,81.97593032027537,23.2789548700059,180.5329321026782
887,127.22086978388823,36.00579736953953,226.92857709836548
888,88.91452157846724,21.44083644483403,173.38382326411684
889,68.54828677337396,19.895484806531567,158.53531560397178
890,93.26583081634806,22.275876556683397,171.48513964720755
891,67.12791582912551,17.70589973994839,163.71631060096772
892,141.01453036500445,37.0170553230548,240.80042274107254
893,140.91994724003186,41.36078036875206,260.3899138897007
894,59.13498123705704,17.352837689813644,142.92011883390572
895,81.7239496489572,19.981625612348576,171.65356189025226
896,93.54266284467991,24.549141905952094,207.42335302610647
897,115.49804098027646,31.6021638356886,225.28007950819332
898,131.71175274463042,34.45805216403087,261.3713585257384
899,76.26914656899781,17.8889775377175,150.27660617180882
900,71.68180269605362,17.817259912921255,154.25056004069452
901,117.45017819564292,27.476154808238796,208.9348215923002
902,80.10025211380689,21.434201143535443,163.21895421816592
903,99.33844032297081,23.729500854441405,211.562841740689
904,126.67011039375647,34.2516404807267,239.2041167958025
905,60.71054447296985,15.849908864699456,149.2795929583043
906,132.4683584201992,36.491803898532346,246.59246378429913
907,81.15757796862759,22.519130404242897,182.18564188251557
908,66.2859713497776,16.334490499020337,132.46490219068207
909,102.33542846879509,26.167151405090973,203.7784751196946
910,60.31464698384943,15.256800105954097,154.29118702006366
911,122.8173218193861,30.04236119793602,245.05247526193605
912,119.26151681069943,30.84468838298495,229.968227277067
913,133.5896951789448,34.52757865121135,249.73019601236257
914,71.68022312448068,17.01261106830105,146.1876244428573
915,127.85252670870288,34.72800026758825,234.85797330438803
916,57.52059770959223,14.762941943939245,157.59332977901883
917,91.4455252638103,23.48447005996278,206.5994551243139
918,133.45515248749936,35.85798082133237,244.21234085182778
919,98.74472093599934,24.89218329395023,191.40612896846912
920,65.91684167521542,16.345795743215408,157.7430516160017
921,133.19668147176012,36.63453037375147,249.11796850677447
922,64.08645187973394,15.097676801247188,139.32977683535475
923,138.88087167038464,35.64111099154072,248.93945601521827
924,82.52457960342082,20.570793836285283,167.24168656658614
925,60.63641223644787,14.691750658760869,144.12191865597606
926,78.0167776236626,16.251696891979247,148.14516717471693
927,94.67710739867185,25.652955195206477,184.76097408976503
928,123.28182407977816,33.27480300394092,228.046448367183
929,133.93295041094362,37.05295119648736,249.5334459378154
930,102.60050210507008,27.64665059624833,206.91317997911153
931,69.55573254784166,17.718224967762605,163.0605124587681
932,120.24641158862707,31.023953544333366,242.60300409069046
933,135.33135330259603,38.12937392455022,270.12002451311247
934,97.1248676188,26.94819551009064,206.08310592297653
935,85.32634851055487,24.026113942222796,179.9552575306749
936,99.59953274937159,26.85502001186128,210.5785732554543
937,70.80640085676289,18.30904016695423,158.87764653880268
938,143.4816918269245,38.32428263987244,250.38371845912965
939,65.7048005598385,17.224723080968246,158.9693738758596
940,125.87386463909891,35.18928773873867,230.95408268241871
941,94.08353023527648,22.109525544483972,190.66196693819813
942,123.75255186283601,36.54719869703299,219.5056854169521
943,135.31811519025464,35.97434861714414,236.522368497521
944,74.7836599659315,17.717361169212467,173.57905174749473
945,89.45145975437781,23.836878975249054,207.2027312914248
946,71.9356157645455,17.168833707204815,164.412371470056
947,73.19959397428075,19.580634753605516,166.09786886036233
948,135.89387961330027,38.12745415251425,249.7484640495198
949,139.25832452050176,38.51455208763982,255.50113879591757
950,117.43891417166891,33.00700811675918,228.61352867812187
951,117.9064246528286,31.319673585438256,209.18623109523526
952,93.99655432542416,21.201611434110074,172.51181774454443
953,107.11362950836092,30.000011742147667,225.86012292392724
954,136.04465645661296,36.10711143392219,245.24663739898176
955,57.19601310463749,16.985468171932528,160.9090599195338
956,61.290568438304625,13.777763476198547,157.855655436791
957,138.08575287996777,36.72565199468874,233.01318244562412
958,75.57798085320358,18.935650859710446,163.0698524900871
959,80.36165456608678,20.027382390960195,170.3107170466856
960,87.84205454464741,21.4234250467863,175.75297764414452
961,81.91092201327133,21.08892142400174,174.19448404934158
962,140.2265993715748,40.09923953747436,254.2016277505339
963,85.93884608519808,23.66291091875203,191.59173173060512
964,56.93913983085501,16.27578784385034,157.83725361726854
965,91.70902544038857,23.45386806497059,205.42509530907105
966,69.23585859078123,18.705270799043706,152.68792933567372
967,72.73251687740883,18.606993762661393,190.85642598790062
968,94.03042195392018,23.192187708036922,172.73223433165052
969,122.98104362633141,35.47936979068188,228.35966634719412
970,66.24811821377098,15.146248178423331,159.002540109014
971,83.23308456715846,21.269620409805412,161.98823727604355
972,135.27091055887126,36.348901649292635,245.7388565448391
973,95.71865388351027,21.199335714667793,183.11556615064652
974,94.54833311536545,25.65284209184028,199.38924661714063
975,68.40822406511863,19.211021255159995,163.65367054829755
976,91.68008875622387,25.71737405521129,201.8867871633377
977,136.1654369269576,37.214683407945465,244.48379580751364
978,74.9223092776049,20.044493752025463,163.6552833944315
979,69.36640418379572,16.931229060213102,143.67003850474964
980,122.62024390859712,35.302599642509854,227.82100530727658
981,60.19852953494455,12.791554871923678,149.45602305876926
982,77.70138432359,18.31237393998972,178.17356259838422
983,73.93085534575894,18.82193694683176,165.56771529141807
984,72.52796548625388,18.792092576016277,171.1704787785241
985,80.01453348626104,19.65896550036494,197.4098813797988
986,55.58824883523968,14.406266995985883,152.03254343001313
987,77.83359438793832,21.56823273445197,182.70691871444703
988,66.75522462109652,13.577581561836187,152.3759369712901
989,88.26657925018442,21.74300172262507,197.8245000562694
990,87.86100855025231,23.367770980689414,188.26278958957047
991,73.8225364327951,18.870694281238844,187.4680534333876
992,92.69414944894841,23.359080430800386,190.31869919447902
993,90.32613581107508,22.502385350691966,186.25399985936613
994,121.13759724617903,30.314956140443474,242.08180665364668
995,60.17684248236663,15.482498129546988,151.89678276111798
996,75.91259444806586,18.967370545726496,167.31934522186728
997,132.80775335430724,34.35005095056666,221.11473139555395
998,79.82514214185672,21.459938737696813,181.80013506877467
999,137.25744063456423,35.211667290041596,260.3475867443509
1000,62.682747354004185,16.304365559866834,144.65460467941423
1001,96.75475881942636,25.546923896358667,190.02836992065275
1002,129.59572088244428,34.95862498857316,229.60309030441292
1003,137.5325537270021,38.17412568950447,264.3852880812857
1004,82.00093239217553,20.09519064876199,176.2764463632731
1005,97.27596120137325,22.669592397016526,181.66573803218523
1006,120.74076391050544,33.28681231298472,242.8460119331336
1007,84.33872629095315,21.082258414606518,176.1902250518478
1008,132.07747379530903,36.53301559398013,245.79424869371545
1009,125.03514016894012,32.95000669944819,231.20118587862729
1010,60.37329887357951,15.904275339524068,119.49841258288998
1011,91.7005958761185,23.04419388553831,199.46555899201383
1012,137.2075743651698,36.859417142239124,268.3658026646222
1013,131.4651609932187,38.471095124457044,254.39685567603513
1014,71.05486027069881,15.872195175427121,169.8806298708139
1015,86.43838409118122,23.089098706571008,178.02489214488847
1016,127.87915047508542,36.986689280992145,238.72974448865878
1017,90.31006505666961,24.025952412091595,188.08311054343076
1018,110.85557990143569,27.99616746544957,214.1853689198551
1019,137.2061135066147,36.355623685421484,240.68464817772835
1020,65.34184098591881,17.132458826210318,163.948217080111
1021,84.49457095389688,23.075276112704298,177.56517369874175
1022,94.49689667278676,23.243912555104057,200.3460373177049
1023,134.7980714040061,40.86027681237688,269.72414520794695
1024,134.5147059757704,37.8395894195967,268.91577682037513
1025,128.20063228521607,33.553491273503475,233.13098115769608
1026,60.15215753353478,16.416202938717273,157.56971443548724
1027,131.60491089568657,34.58076307380557,247.90399685144016
1028,138.53847365799257,36.597085694321244,261.9524215664298
1029,89.93649567141749,23.66933421578712,179.8621312515556
1030,79.63483746217952,18.51793959375257,175.80929497541783
1031,66.51091914160341,16.750942293019623,141.45844077134944
1032,136.79628712504186,35.05879168812558,231.56079708653115
1033,101.95114429557835,24.362608251851835,196.92770579979188
1034,65.22226449425827,16.90350779503956,170.2920674085582
1035,65.24934954274039,16.712743298569617,153.95712977103727
1036,85.42602517888285,20.22814518337532,183.73092285034002
1037,71.17922185093717,16.01329658214588,155.94456069290257
1038,88.29569686702835,23.842496833500814,198.89356859684065
1039,76.80639819122055,18.276430826682077,156.1779037243834
1040,95.16840504287659,25.918091268614408,202.98622749763243
1041,132.40737222339106,38.29438386554765,255.49316281680152
1042,86.49234353850208,22.80721870931777,203.45523028940934
1043,125.4453220724473,31.07445605073185,229.27567743855448
1044,120.1486985631427,29.92260278501303,227.32450349341204
1045,137.03014907659124,36.97623760658142,262.1838244426565
1046,138.1453273254207,34.32998414098651,247.5803054180886
1047,102.9336641049174,26.447946203461367,198.07223514688806
1048,71.74249037673361,21.420820636469298,174.77729097385057
1049,138.19473033737486,38.69633579354474,251.2377854278234
1050,68.48619755001572,18.070322841108922,151.06085074112167
1051,136.46969187306385,39.08513023532642,247.37518781456848
1052,137.67161530964043,36.39250369523486,256.0915694404533
1053,140.3943767697061,40.1106230321248,266.5975057362548
1054,90.37159182136682,23.583437945676113,185.40713804028152
1055,142.18537824351742,38.69948924700822,249.42931058990277
1056,66.69555935366596,17.716395110833137,151.85716411046562
1057,90.9651744845445,23.0289371435935,188.49296815047978
1058,67.73738457334709,15.48301777552498,151.78278045250855
1059,63.48987745742962,14.963256805297927,138.68515233098938
1060,121.18661235992396,28.90456079827708,213.87593393701988
1061,131.77749467497406,39.98303376596896,241.75387191813692
1062,130.68378098442204,37.524489539737665,251.7842749130859
1063,94.77990727582637,23.295334551103156,187.1948820385042
1064,65.07819612763596,16.686507853850355,153.76798681855945
1065,59.51279347681025,13.863568765514882,157.94374838502912
1066,83.91078839835065,23.970796308409177,192.77774706808603
1067,91.16914906433945,23.62400731104668,185.51591096349895
1068,77.03281009991913,17.637790634930816,155.86889077390882
1069,61.09656799018989,14.825282417765944,136.63318553432288
1070,106.67647524414089,24.23606677028771,212.20249820162488
1071,86.65435044302247,23.375984439740094,185.35441161895685
1072,96.6684564676804,24.446413405105137,199.6136851944943
1073,76.16461588100259,20.426254814723013,187.26481111360147
1074,85.06559025556864,19.560689443076694,171.85312088622138
1075,140.30057214917449,35.76578988927128,251.90989676488576
1076,57.805622803362404,13.61573553863512,151.223489084526
1077,62.29079403800558,15.157473704365811,145.2281690684653
1078,74.59465024404643,18.657185863073146,184.2633996712421
1079,93.88594871357425,24.594589903014473,220.23348222556143
1080,137.642193247051,37.566178803620325,253.58138504707117
1081,84.79833064257373,25.33929284798714,187.82722643532637
1082,72.27404566866777,21.02200418012824,176.4359581499077
1083,57.04137367110919,15.505079977320117,154.0468420864997
1084,134.4628004742565,36.87919208239142,241.54413609739797
1085,139.17953382805146,40.05738668790363,259.7515886674474
1086,78.50530443207298,20.820856374897982,174.1185460003936
1087,127.81801330453301,35.30398005929706,244.81287023526912
1088,63.703747921128446,15.680166371422098,148.10719893666754
1089,132.2033157855639,34.00333384566064,253.25524351211897
1090,84.31862728479574,22.84668761493347,181.14719140062894
1091,134.4971054099552,38.42179333709368,230.80104531398368
1092,126.24141136966624,32.31814967348776,223.75947168914885
1093,119.1687820626665,30.195216622180297,218.05194007358716
1094,133.3085008935582,37.87441128308031,249.27271618180228
1095,91.752192397044,23.097851945562322,192.46109103765187
1096,97.411774588178,22.32421655372121,185.13041581420546
1097,79.66193416828317,19.58840366907258,177.89722479357712
1098,91.75463885289771,21.604568267033475,207.613264953317
1099,76.02664826426675,18.156521605240126,170.2642931170443
1100,52.558949103703775,15.254997977464225,148.3570886111756
1101,70.77478224503263,19.049774981597242,161.04567923642762
1102,129.12790645356654,35.89802330794917,252.28174459681102
1103,135.02130093902932,38.3504663172791,277.33701237704486
1104,134.53816504575948,41.2260745088467,250.3527831394821
1105,140.70747102477094,37.8363942948233,254.00814054593215
1106,95.57055914329412,23.294566272354867,191.70039048662156
1107,66.65378095310673,16.876164060345648,157.23769448917096
1108,87.05001641577893,21.700909079564713,183.6361916936665
1109,74.37570016474825,21.316520756734857,173.41428027430592
1110,65.91924388223082,17.313058328770754,144.77030776453117
1111,83.86916408083891,22.362139603624783,189.59098090269813
1112,88.92353996540403,21.785102705471548,170.3386132108024
1113,111.41640011481299,29.72913957407948,215.31056764186812
1114,136.44843910347407,37.26815372740709,249.1445347984778
1115,134.69159089032257,35.08256019200751,241.90439748173
1116,106.73600316018681,33.20035578621819,230.19375138192348
1117,74.16992848890654,19.734198537021502,174.2746165598954
1118,145.65499116771937,39.76057609648688,256.1693996638091
1119,96.06182120697831,28.876175478825235,191.13934663684395
1120,79.45222111028836,21.45847566565102,175.27791011398912
1121,139.02935216677795,36.675547101681055,240.15879798917385
1122,136.80332402987028,39.15637901286458,255.72465847493987
1123,140.54530514134754,38.544872451432504,241.93438325287715
1124,94.09414989497581,20.76825387303872,187.3656889799582
1125,137.68921107773969,37.031934199287086,269.4430770987386
1126,120.30988234584768,31.045591942795333,239.56013307479927
1127,76.04272954586399,20.28718483235883,182.18444845013212
1128,56.63506910822317,15.370237792299097,156.62733078826025
1129,66.16259106550301,13.516668397590266,129.55027786466513
1130,93.66547007515435,23.235647096781843,183.70372375827327
1131,77.25892698118047,19.710366416062634,185.00467880984294
1132,61.82309173822994,16.874855247670105,140.6582166926709
1133,66.032644304567,16.358505164383313,157.0064067341074
1134,116.77664111538972,30.194910976139468,221.40683653889968
1135,87.97457197394924,20.24691318862533,181.81185145135652
1136,64.04532273041927,15.486211022661875,173.86861664445055
1137,136.54894996818405,36.69072252401104,244.5630242521509
1138,72.66021582415517,16.130266126998745,156.2138378366984
1139,62.13295050425266,16.552222047556622,154.03699437478136
1140,102.10741791280704,25.585706997411236,195.5696350177497
1141,80.32479378255555,20.50995166866954,171.80672469187778
1142,66.03462831563286,17.338529377908984,141.9775112854541
1143,89.1437145996364,23.131448793937377,194.28965991795283
1144,140.57342614271184,39.04114094992054,252.7136489522267
1145,82.51899793838218,21.09454144581093,177.3978300415385
1146,131.46924203325833,37.19813370335395,257.0031809103211
1147,72.38344861201506,20.110290896289374,159.68188775232238
1148,112.70171865795737,28.245710622469733,207.4038524364225
1149,143.97038318131317,36.522703487692745,252.749393376967
1150,137.26867929004752,40.093605613842435,255.00561614154287
1151,82.97329528363129,21.52448187181665,174.82164285045613
1152,144.48902686033412,36.99190373859975,254.01169619552857
1153,82.29755550071324,18.66074268205785,192.81143806054976
1154,88.11861739626858,23.38183161594815,186.86953435595885
1155,125.90166327421657,33.8934071957645,223.0444300274118
1156,94.59791418491284,25.57459394529505,200.24571788651318
1157,72.83038640190323,19.606214431522314,152.4298608198631
1158,141.58972022401443,38.20393913320655,234.9631577411273
1159,142.41921254794883,37.978517868771256,249.07689438275108
1160,67.84415628626293,15.822498004989681,160.791678651316
1161,89.0400866424731,24.857769528034044,198.50153782483787
1162,84.32967025134204,22.313566011776302,174.40735330019137
1163,61.45822561406584,16.262824636973846,155.59266801129283
1164,82.99466009936239,22.437527248511042,201.65564902451385
1165,81.42623072989595,20.36386551744943,174.04912962074965
1166,69.0870008673851,17.365957086350388,158.30727668882767
1167,134.8720602643876,38.28666407462821,254.26661249660606
1168,60.248995558752206,14.921046394420888,143.36518067419647
1169,79.68417069222092,18.3431747765022,160.71780781770573
1170,99.55331843343897,23.757538089106912,192.36906916135408
1171,127.6734199242867,33.61759192714195,235.53423181021665
1172,130.55350681320616,38.11862755812143,237.90035958113137
1173,129.76108652529948,36.3522877891083,224.8264943901475
1174,96.38933663331237,25.105739700092762,193.97628676883625
1175,135.71884514814778,37.7372889247845,238.96314859043872
1176,116.34345972928047,33.837170404005015,219.4200120162759
1177,78.85269179417399,20.63614212220726,178.8588262504887
1178,72.48984890293598,18.413189187482182,162.69703743835464
1179,87.55704364031872,22.03643811231476,191.55072511485295
1180,104.61166091236903,29.199837107134396,209.9221240035325
1181,140.82858172819417,38.25785295854518,266.3131591772618
1182,63.53500472106306,16.665355762583072,157.16841965505117
1183,130.93259217670106,36.856456643575505,243.62996636511065
1184,132.82494818468672,37.24230747692088,236.37266472042748
1185,84.34200377954447,22.553915928695876,173.772978992453
1186,137.17087091783876,38.290097096582926,253.1869272392466
1187,76.42816277148512,19.28110080768595,174.81524519151262
1188,72.08284523627472,17.646427377027404,164.13278627172107
1189,95.17505960524433,25.126109749301957,183.26981748907505
1190,85.79984769470995,24.93276092751063,193.31970659004057
1191,62.27233418064123,15.992824828173568,150.61127803777535
1192,138.50648433883683,37.02446070188385,248.75702590750203
1193,70.93555826089825,18.365821376362437,163.68335430722996
1194,125.75811013541046,34.17807645839583,236.19142294633704
1195,71.07632838373668,19.22732998027858,180.15536241919793
1196,136.9661655117254,39.351136197977084,257.3179178716695
1197,129.5162097772668,36.23682376593259,250.4969362718369
1198,143.06640987324357,38.82824587779055,258.8267492916597
1199,87.93387674149564,19.721712759279296,172.39021422845062
1200,71.66678641976056,18.704724000028712,162.50685354310485
1201,80.4259900043519,20.544101821035042,177.09865835317999
1202,69.05562475303813,16.08277134146344,147.4848466008613
1203,77.571204951105,20.64481563807752,186.24876768417616
1204,88.26169035157854,22.39561752813832,184.89371443851846
1205,63.83864488880547,15.318732087627634,140.7632650567653
1206,81.08584847500993,19.10604820816176,173.2419217287153
1207,93.40422295321567,24.605322952521394,185.31773626658563
1208,61.603199134645315,15.099892064989765,147.04621774958443
1209,96.21390942838941,25.511490351244145,209.82802610212534
1210,131.68249762268846,35.84098939467986,227.3433474873669
1211,61.82233436235919,15.583164225601934,152.58701189312288
1212,62.2284274961408,16.37432380582239,163.22188352618343
1213,68.16853787758339,15.138869143152105,144.345115965142
1214,90.44098099604103,20.847938511978203,186.00628394858106
1215,67.97654648664972,19.050000686665523,173.47303094243696
1216,88.94310603355582,23.771578344422185,200.769722351681
1217,68.97273826963473,17.037450811787078,158.48967032583744
1218,81.73068096726121,22.604872457493016,181.63572848579744
1219,122.3570932750656,32.53842810442915,222.458219639194
1220,91.46070223222077,22.70972226857828,184.9947916929161
1221,138.85577053574556,35.83772030542352,252.42026386608117
1222,81.5052845995438,20.032635279302962,184.25119282152335
1223,58.8743022872245,14.660772555014084,149.41768084595125
1224,135.9904812666085,38.02358280490529,249.24993888636865
1225,66.3617109430994,18.248087787224566,158.18875500789042
1226,135.46164157740515,38.64651447297761,253.54551151486555
1227,75.91919194639813,18.52271787796444,167.68099644881372
1228,98.63670165266372,21.59897913947113,201.1385445721152
1229,135.81453677299547,37.74328050458258,243.69764222756294
1230,59.06710730737888,16.28185440789805,153.88799163020016
1231,135.81183768002234,37.47230641143582,255.376803412233
1232,94.0021049120921,22.590273002788827,177.65821542064035
1233,96.72793713036391,24.777362636867547,209.36589168810778
1234,76.08046510286196,18.758016986624472,163.40988516197643
1235,120.13866154867547,35.48348689428165,236.9093819713181
1236,61.05138445067118,15.65206815798632,147.35702527128086
1237,143.45221321694103,38.175766528725056,259.17786302495534
1238,67.09911199786272,13.150491718698182,152.03715825030014
1239,141.65014708438943,39.14396914553429,260.33540380873734
1240,95.49289222884373,22.807173890030267,197.0502836130884
1241,132.05446585815605,35.363322481427765,276.2448969527121
1242,93.01712705328403,22.092082353942335,183.82852722841247
1243,85.18788753061638,22.868172720142574,190.50487608801765
1244,116.93298525844871,31.040862117280394,219.6959319366442
1245,88.48412430093006,23.33187073379594,196.3628831032552
1246,106.00467091607806,27.245733232385565,208.00116646553255
1247,77.26754003519706,21.5794616319105,162.5835895783966
1248,68.23955310040152,17.83084741517331,160.88571962774907
1249,142.04906733935812,39.304010822974014,257.13873826700024
1250,128.68099085308666,35.848238547722,240.3349152498346
1251,85.5799133180782,21.017200938755327,175.74014252819154
1252,60.041866808378906,14.326641386042471,133.26891682670671
1253,72.13834745536126,18.72917828768635,166.3628276322701
1254,80.82936765299705,21.045335327036433,166.84190402439015
1255,79.94216467566498,20.20351565955228,171.48603857944627
1256,63.466382084259926,14.89266350738191,155.74786022784323
1257,98.5441425067881,23.996483120520264,190.51503816060327
1258,63.03233921169645,14.511285945335246,138.5296962023813
1259,91.15682624424927,20.10214082641897,172.92702329963655
1260,132.84932635107893,32.516601647850905,242.55680975055313
1261,115.88001995145642,28.58184861148256,220.1715256815419
1262,89.87978928973061,24.51665725697423,178.6581115890588
1263,116.23114113475107,28.879558772337173,221.00744352384157
1264,68.17165114193666,16.692377735775533,158.0934117936898
1265,71.46862462770333,19.56461259651579,154.32709645562858
1266,72.94162232143815,21.082758676817427,192.25308435764956
1267,56.92680467495686,14.855626471342775,158.32074507537752
1268,60.71281809014793,16.748895088090222,161.25471741203776
1269,137.42647719775402,37.47461103901349,257.8171759679297
1270,90.55757558469152,21.701711298700427,191.06522586065373
1271,78.16679901909212,20.12831066626895,171.5282282123667
1272,135.60232266455208,38.10006581402828,249.74106106405716
1273,82.47011586543682,20.159074553766754,173.3276737173097
1274,75.8184096646655,19.611504226377647,174.34883890126585
1275,60.711922453948425,13.7778643267015,135.11954119894844
1276,67.31015735045631,14.383280329609468,159.2368130623755
1277,90.45297422724879,23.842023365767243,188.96432784835582
1278,143.29787949377092,39.24320543011521,256.67456404801015
1279,75.0137021151547,17.025764607256814,167.2205612829088
1280,63.460261956957616,15.236482293976822,147.91084122357557
1281,133.6417023261145,36.48603289862162,252.16239131650255
1282,83.02623081712404,20.53234853289805,187.90610170563204
1283,130.40156423023575,35.03537743689385,252.39160640515362
1284,69.61493651592342,17.278955643906084,154.67346282361663
1285,92.41946008199109,23.37046269847914,191.04364096228446
1286,129.12540639799212,31.485621498103335,241.58982733374657
1287,81.71823993067578,21.130891266696874,173.3157336141892
1288,62.07169135213662,16.717094665215487,150.02989306771553
1289,74.2292312754904,19.5931837929752,169.9191842741833
1290,66.36446625661657,16.65490740431481,146.20552571203396
1291,86.11101433883346,21.715943255645925,170.54385764582284
1292,64.79478230093129,20.566860350721537,171.9054850136347
1293,131.22605362319217,33.588888111171585,233.815703496064
1294,82.07923114046427,21.499006922711164,167.45810784544165
1295,74.55819109965145,21.07502908644899,166.30028169498226
1296,88.70798353154198,22.472999977360868,206.82559359558664
1297,65.70392215223107,14.934881337737162,168.6698158705429
1298,79.0903045114399,19.702521036510625,165.12906035925621
1299,136.13564741962608,36.076556714577954,246.01399648075517
1300,97.60467841317535,25.725711675191203,191.0450066719375
1301,70.0921184787703,16.37625235314611,147.55394854342174
1302,140.552162034248,37.84874317759404,256.04039629340065
1303,83.1181007312244,21.16119665922761,176.79365174253803
1304,136.13436894812827,36.074960855662965,238.99441487105145
1305,82.41226350376554,21.088720228907764,177.701842660835
1306,144.9693919615144,35.95243039221689,248.16469654810456
1307,82.55409400455297,20.951921565007314,182.32653125563982
1308,94.08116989846096,22.783637381910335,191.30721434823042
1309,64.28657497238369,14.710259324124925,140.60890589280106
1310,90.42184587732676,22.551303442602435,180.40087330055349
1311,68.30681049243593,17.218254747981582,153.1380624418488
1312,140.69322810356914,39.80276054540601,251.0823518847719
1313,118.1966503036041,33.05497332252028,221.14867583114008
1314,84.38512728581235,21.15911223504322,179.58897955141805
1315,64.0156942087283,17.018884011381065,144.71445029882932
1316,126.81903471302947,32.57621679902038,219.01318572748553
1317,109.04428307556334,30.308747436208332,209.65560264202114
1318,80.98348586091738,22.737191255473075,195.93819121773296
1319,78.89063177127038,20.546418607849592,175.46599504790885
1320,68.35916574653005,17.664809946168518,154.34263665033578
1321,93.62321245791391,24.23991075526963,189.61250389320784
1322,71.44170870295547,19.39785555929128,169.77209386558454
1323,142.996131424374,36.90930250479391,257.71035960148583
1324,113.72011834469963,30.26142955053329,220.89095154432115
1325,140.91664383568633,39.4855831401571,252.27495205715644
1326,62.67981123086029,14.70175941410609,149.06559040499565
1327,102.3235554672732,28.417901523819175,211.45430271912662
1328,90.96859187456658,21.622225777150845,182.83366517352562
1329,130.85140927972864,35.12283728050863,246.57038983546656
1330,68.43194558254409,15.956514665919812,171.87848528931872
1331,140.05619129233722,38.96255811238951,243.19181881235804
1332,65.61491445173208,19.261101814322874,169.07006879482478
1333,94.54124455669893,23.38596138833686,198.1774711946586
1334,131.378473715418,36.27092607950432,255.722523296452
1335,124.49102152303787,34.03857206557499,235.6618377374575
1336,132.05925139131617,36.96113213042957,245.5534551985662
1337,100.47836922938505,25.26234281598066,203.68139675841277
1338,78.75391356001823,19.689569140241694,171.79919136489278
1339,66.87108096670953,17.679375562965784,157.19448198471903
1340,72.78135547941069,18.044634972192657,170.8485360664515
1341,96.06873224379235,23.609921170529756,176.65883145281654
1342,61.53477888948529,17.283544273770392,163.47556798335907
1343,136.00750732565055,38.00717863318351,240.87191443281412
1344,82.19307700452525,19.88747925452967,186.99020588667182
1345,87.23105111573351,20.94131362818239,179.7113923658982
1346,55.888450010032,14.129868134171717,146.07704307586815
1347,58.4014140408461,15.74751720143744,143.50943063349186
1348,58.92777045005378,16.411693908632987,152.63481433400733
1349,145.9287061208225,35.11405083236109,256.3305875792658
1350,79.83608119479806,20.494604456744955,174.324225664765
1351,138.7663694301312,35.48290046943155,250.0926271538055
1352,130.87199028746602,35.92955573784861,239.7638077841453
1353,59.90807250671589,14.798641035342987,157.57898495267276
1354,79.35074099209233,20.227469735998152,166.43464547701663
1355,66.66364784106209,14.32672195393092,150.93473008884007
1356,136.88709622838016,37.96550169658581,255.53329135231562
1357,142.91804058247044,40.105713210202815,264.7602620422366
1358,71.07123518293473,15.67184779348126,162.7588717001544
1359,103.75348654783765,26.563474130771915,201.70703054707627
1360,116.42298087761964,27.918233670147007,237.1652917460183
1361,143.11871050849462,39.42641231026278,239.80105300228095
1362,93.07552595192975,21.651691819416495,188.44898514811086
1363,135.71402146073072,36.372988643136175,267.06921938602824
1364,129.66697135723302,34.45727100005971,256.7760522419869
1365,91.12738219540417,22.035719136234146,203.71208903424267
1366,73.90126740569055,18.986351858341255,163.99746233363683
1367,90.30048080341054,21.70074185766885,187.36713932907168
1368,131.6764603573244,34.30039446160139,252.4449822969843
1369,103.07149063009201,27.383767202448073,190.95758933774343
1370,89.8407465623453,23.89394147723517,185.43824552900392
1371,131.9607140041762,38.89441272079319,265.7515096525199
1372,99.98833997173345,23.915866459504887,180.34080369354436
1373,136.5358283991159,39.36343995010015,246.04425479087033
1374,70.01837403141099,17.722374651050384,166.9918568290262
1375,97.53133699701216,22.472215613222897,197.57729166832084
1376,143.514206430775,37.865555694802936,253.99824453859827
1377,68.80455301213814,15.202288032202679,151.22508690910684
1378,134.20547359031647,36.880936704207606,237.24264658524257
1379,62.49106064648084,16.402670727373174,155.19967761085624
1380,117.57225132325199,35.22690696001285,231.67827493177904
1381,73.0189664899796,18.89422977089936,175.97416251675978
1382,63.79527130896205,14.872582243403894,153.52046967088674
1383,123.68880135135036,35.38667210057493,241.21488072085205
1384,92.57533363485364,24.09008988996653,179.83012080472062
1385,134.60944707073372,37.16141413080976,232.17202224408044
1386,99.6844580088313,23.9589743089658,197.77623354368143
1387,92.54151148582233,23.590777172887297,182.54634722093564
1388,82.0929795214381,21.423120540363858,181.21970339124042
1389,135.0503485593704,37.356524058680826,248.46842648683406
1390,67.549744236836,16.916968243150603,146.36811110105688
1391,113.6444286577077,25.27990714416963,202.6360576869262
1392,69.16755408114078,17.86311990770123,167.34550333430272
1393,61.78475493048702,13.829841761627923,147.59081590620224
1394,122.45987507106345,34.3485462123487,233.71788320216132
1395,60.64656181068022,15.074062548578864,147.33767897474334
1396,92.94323654509793,21.99136417925497,184.14513615813033
1397,70.24279530981245,21.01423163396492,158.89532675999632
1398,95.88328842144104,26.162986698587748,215.5932432032303
1399,127.39195447993872,32.50468967588094,238.41394985326045
1400,84.06868105894956,19.786396313050506,166.75000708412054
1401,79.49480986124927,18.584436777304102,165.75459427707514
1402,65.9116876625449,16.59963548987908,156.10855782242902
1403,79.91351610394291,17.59555290572681,191.73816463277134
1404,87.49703567119114,23.002037122987414,194.44178154767573
1405,89.71085030328284,23.430850782828838,186.3901996093559
1406,61.67764082059136,13.203019785168712,143.64916321516978
1407,132.39040560689054,38.23311298569724,252.23707995229003
1408,90.992756638832,22.12183766998476,190.37965908131437
1409,130.4156973041353,35.07123683039075,240.65315830299406
1410,135.03121851232302,38.07127915246847,247.1465778166579
1411,96.19299052450815,23.56473964195205,191.7697178638795
1412,68.9790073921597,16.26973149418435,157.44367189339349
1413,97.35430313261044,24.355055263475162,184.0500732703092
1414,80.05059828172391,18.70330382946263,164.35125554581134
1415,117.65201710154668,35.194759955180906,248.54805064268177
1416,129.7935818232866,33.28505907315938,252.15905837257364
1417,79.17553407503516,20.141347137062585,187.35674591622586
1418,67.86718521753838,18.781662041840487,167.54360176856366
1419,67.52135031584939,16.870951992744434,160.1439457793701
1420,136.51688741982431,37.62136049882524,238.3783337856303
1421,99.1854440227798,26.33564454698508,203.07636051520194
1422,71.93538574233621,18.16817620351797,164.65848887396587
1423,72.68481964822838,18.276456044430727,159.91093589124512
1424,68.38082000138702,17.757431460890107,169.22791185576548
1425,138.12071160086597,33.68030221930581,240.82709749030388
1426,135.63817186937732,34.52210941418793,245.36526445626166
1427,70.83525592544679,16.13018299711722,170.00921781238222
1428,142.14227785463626,38.51199399973854,255.89893051631654
1429,111.36556890727248,29.550653967482432,210.71182125158552
1430,125.09537179702464,33.30233195289595,214.31575542440345
1431,67.48804009312248,15.612425317414298,151.2675928961967
1432,127.47361709057829,36.579684799400916,238.27827349204145
1433,58.26949023834731,14.622931869879014,143.02284232459786
1434,76.1499409614786,21.431630237087507,162.08861618021413
1435,77.17242723173688,18.35889102340949,168.0710173418191
1436,72.49841978911462,16.80874571496993,169.2511778954948
1437,95.71530047745016,23.073154043603576,197.77710012339216
1438,96.38141091606366,25.415683838845883,196.745681966567
1439,89.93693844697528,23.384922865783476,183.93740355015444
1440,95.3453260734979,24.564072794212674,209.92071107113506
1441,134.89196511093726,38.05354034656066,257.49558652016543
1442,72.30358510676922,17.520764494734987,162.55793439026164
1443,79.8270226875221,19.826694795190445,194.46906489985776
1444,55.69792891508575,18.747330691548424,146.51842665541693
1445,134.80156149872042,36.82665188635661,243.3573000326928
1446,89.02096521630583,26.135783725069142,204.30759509556134
1447,80.19274548192524,18.62186655528583,177.70202077938953
1448,136.43622426086156,38.212955437021314,247.7114286839661
1449,133.30374979902672,36.59598826071517,245.98975128902723
1450,94.49681712919912,22.147316235256138,200.99859544930953
1451,56.73375497823984,15.727126070207907,161.9995180963041
1452,125.43845326801348,33.22249802808229,237.44002633064613
1453,132.9934539906321,36.673919679160996,247.3440934490561
1454,124.53328715275514,32.619852921752305,234.7591844676568
1455,73.81549562141167,17.670161285205875,180.0374640746704
1456,147.07624601311542,39.769620758035124,258.9708589050247
1457,88.38669234086163,22.425363280862452,173.05598683604055
1458,95.64686843342754,26.23308944064862,194.94184902663224
1459,101.85180253564646,23.911733737524973,199.08473309900452
1460,116.34640027257697,30.857057496365965,232.8304536147938
1461,57.64165718511777,14.60402797883027,138.94443395743204
1462,120.96830373495388,33.303417261951175,235.5004674477061
1463,66.89201295458801,18.16888438444475,163.47167412870945
1464,109.0651915032801,29.801769293889734,210.92987233860467
1465,133.39125556910315,39.98788607240807,238.0627631435485
1466,64.80827013906017,17.652178359704894,164.30057330893288
1467,134.1967768450111,38.06826544194579,250.55622756108565
1468,58.34463311845102,15.738374278813625,155.28435629102447
1469,138.53441727311628,37.57027627992043,251.68036017180614
1470,92.97549753102415,21.370052885911,178.8059989449217
1471,127.66012162629032,32.67883812473344,231.5713444194765
1472,85.81528985363548,23.092845796806298,181.36251054657785
1473,141.11264623483694,39.00298999939405,254.09262855938323
1474,61.89605671493492,16.166244626799056,159.39703664505643
1475,82.95810250555327,21.417465808602007,181.13939452551415
1476,83.667672344057,21.71807576471114,184.80565488503206
1477,95.46576049803201,21.876019512918692,200.6613478234071
1478,84.43372575999541,20.585116806042212,179.18266760543608
1479,86.27251416817218,21.184455059422493,163.9130702143557
1480,60.67415966371876,14.720928302246636,152.2658012621723
1481,83.86885925497869,21.233860929668058,172.8201988060459
1482,77.9786872597122,20.212382217286336,170.25582830978178
1483,125.23034055321382,36.15484673009183,241.78979968734382
1484,73.95008875763101,19.146631831038086,179.58915485630385
1485,88.98391571372525,24.024406499158605,191.63249201364047
1486,70.06004396637178,18.436179546654987,166.3807622005142
1487,65.54666971346363,15.687975695641684,154.785306359132
1488,86.37477289261317,20.720323180264106,192.46601179721947
1489,67.07492001589608,15.690318256018035,139.8441446508629
1490,68.99961466459406,17.023862605171264,156.6014622917585
1491,93.6808153937208,21.373480797309572,192.8442460632014
1492,68.14543692706725,16.11836515810751,150.4612498414547
1493,102.51452859007664,25.029072352873097,197.59112881382163
1494,72.36384493210247,18.556480311382177,146.83342777950966
1495,116.09414452897994,30.032355190268373,230.25840237338014
1496,83.63100125910073,21.127927842786445,163.08601621491522
1497,127.59115612436055,34.34226302826216,225.22471171819782
1498,60.395819963251135,16.598125841541417,140.94523385055228
1499,68.2253666681115,14.202263440057253,150.88104433475766
1500,128.04980252197393,35.10798178395219,240.79315735923177
1501,106.15021345451602,31.8348643975073,232.064353587693
1502,63.8905328641725,13.640149297341623,155.63099479369046
1503,61.78730653141457,17.8587698200048,165.20510768194913
1504,61.206383555910975,15.31251209438071,149.71205091618268
1505,74.96378034818393,17.90736027031277,151.63284050052633
1506,62.53683363800838,16.082650771893288,150.77794583140266
1507,127.57468850998558,34.67805447442489,237.66374688630387
1508,125.22344990050102,33.807795453138446,243.89002131712496
1509,136.6836233210527,37.269533610086654,230.73521497809
1510,89.94509030983102,23.3902227459572,197.09370821189546
1511,77.64819828270669,21.510949288202223,190.4465397660782
1512,80.96751522054407,19.76051871337383,173.47542156007282
1513,150.71247700128825,37.415710877524084,258.8810974416443
1514,65.33764927616765,15.868563602317282,149.60395027203097
1515,104.46528603286366,29.906181134615153,206.00409359476475
1516,74.41947561464757,16.623016116922862,151.37396373937767
1517,140.04712162353454,38.59261359377566,248.90063770754523
1518,136.62625855015693,37.244037874098275,250.56343461917535
1519,74.67848615515352,22.714278962205928,170.25342601454028
1520,134.09065207280295,36.077778488286704,246.66161302930638
1521,71.94146016971486,16.583046209861894,177.34863780854332
1522,138.89874324075492,38.57344536283191,255.5883668196379
1523,65.14458613004771,17.18302544139506,156.26498084512016
1524,71.64441902022453,17.801854440740623,166.29711943718314
1525,64.38098897483871,16.088163000879394,147.43727545487042
1526,98.07757326243838,24.19925820595383,196.73810224245673
1527,102.62146600662112,26.11185773261405,227.79905685334222
1528,103.48455885846015,25.80058766240119,193.80036011246082
1529,70.67008282968558,19.440318617977155,175.29991676308273
1530,130.27739507230078,35.29580689051125,236.4032431402397
1531,88.63225258533943,23.194924348361486,182.65762938901403
1532,129.8108194621116,36.71289235720874,249.74947864857378
1533,85.21112195652913,22.13009671298717,192.7561212861898
1534,89.21338075265602,22.92505756134138,187.22934391263752
1535,61.63988576250004,14.4371799335792,136.15179943319265
1536,65.83538591926252,18.89692045531694,156.90442478651508
1537,79.59017670818223,22.84718161840428,187.79235274063737
1538,95.580520700718,22.64369530733224,177.1742160266949
1539,92.16146907532656,23.95793778904428,193.92026611887835
1540,117.92457696134399,29.11873302176068,213.25088587803174
1541,86.68670300962613,22.049173924109784,182.5846698169581
1542,87.83181249439936,22.333732627866336,187.30236301200839
1543,119.2195805804955,31.569150847215997,226.28313097631306
1544,100.10525901656779,24.918235453376045,192.89978887565607
1545,140.4945919807411,41.11754097104013,265.42286675478243
1546,62.21856448056253,14.235348704300138,153.0486583762254
1547,77.43118475693954,20.61596019671647,170.12623847717592
1548,124.76273492634907,35.647494744076546,233.35427708382267
1549,88.69130979492829,22.34414040529682,184.9034068526203
1550,115.51785794421556,30.178045117691344,209.971474690537
1551,127.4780667864771,36.25340945919563,244.63005501697708
1552,130.1596235916056,35.43913761581353,232.7151428898152
1553,87.4209602912528,21.977898961189734,179.29975408633274
1554,132.81704002843298,40.57955715868566,248.6094574214642
1555,87.4318885636827,27.902710007933045,196.2132521417989
1556,113.49404638373998,27.979627189241295,223.0282936863932
1557,134.6301205476038,36.5118592571425,246.13317228597353
1558,71.52530756887533,16.9679955981298,157.31897419436984
1559,137.53946073680672,37.41509282740906,259.9688686428687
1560,136.03271018810497,36.070301515065246,262.1265318929658
1561,62.079067414634785,16.508448327176446,155.91893844702986
1562,87.66690958856584,24.507013710791913,187.71345663317987
1563,90.58932441669317,21.531512604410583,188.0796201603507
1564,84.62080914651703,21.634935574535735,200.62631851497727
1565,86.09117938955211,21.97028923328921,189.17607457303984
1566,53.47402752550082,16.537101156710616,147.10510927322898
1567,86.24962544352918,22.271871869631674,183.15558561348914
1568,73.56724758902705,18.410702104653534,176.4674230899702
1569,124.01058279517594,30.07454341422054,220.88346956555623
1570,55.60123499468455,14.709043743529906,154.46677482165566
1571,132.15816754452322,35.7155546145322,223.54808871444746
1572,66.64759427713143,17.01719158679703,165.2729084360233
1573,86.43946813949229,22.2158769500869,185.0681670822278
1574,141.9250617426558,37.3387639815712,248.11536406816586
1575,102.02195321187538,25.039105761570422,190.85267881345482
1576,67.67054284357924,18.667692698209578,154.69480332125
1577,84.28107704519762,18.385868402055504,170.0679751335
1578,130.5276138423547,33.83736785911777,245.65647778623105
1579,120.15563882240001,31.69492999313767,236.80073247902433
1580,127.52789308068839,37.07495466542565,226.09675672667694
1581,79.92095005498099,20.20380409598351,180.86948805407235
1582,54.66239537188573,15.770519691188062,136.18815394302928
1583,137.86750342196714,37.36646490368371,252.78614116557907
1584,55.68138892281194,16.532245439257537,162.24053028892436
1585,133.71652055098141,36.64221460777601,253.05154670722922
1586,73.603442476239,18.374699079891197,148.2166918337197
1587,90.41505769195585,22.080832813661733,188.52345518054602
1588,64.4508508221859,14.211632090734362,143.25302629109447
1589,68.33093762480884,16.755355394291424,159.27676541420266
1590,92.41629436055304,23.722668116719017,196.01979589210768
1591,81.9363709970434,21.669340624274778,187.94724664980995
1592,142.09456254978224,39.279177645889064,253.7168087251159
1593,74.49823217996227,20.154211999076896,168.8141188505265
1594,59.54545718633855,15.39903841734937,144.51354335492476
1595,88.2763527912793,21.234028439769926,184.6502354590884
1596,116.59780880909818,30.697455920318664,243.9825824076748
1597,92.10620263338662,22.159179621983977,210.03216692266474
1598,71.27279681043997,17.609276125406243,159.5815624106921
1599,69.79893738490678,20.024487724257597,159.2071809369848
1600,141.00661909405628,36.17323763534957,257.0406973664799
1601,84.63202166349608,20.349210990463668,192.81640415457323
1602,102.91901078238274,26.02488451589932,203.42716828520705
1603,99.35733008295198,27.51295499290619,197.40634775310647
1604,63.46627268816993,14.949034345654901,156.97099051063404
1605,71.54820295129063,18.914977382621682,181.94923664283496
1606,127.9606979019404,37.99723848852777,235.77294278639857
1607,66.77666453601223,15.948947324140212,153.37768930830376
1608,79.16333949904418,20.680798714407985,168.1765474087504
1609,92.82467591396569,24.775024734907394,188.44499166017386
1610,125.32726162082531,33.281516817873246,220.16964631593626
1611,137.30657023164392,39.11681673824554,266.0691077966557
1612,125.79950504588307,34.74677868341323,235.84851509654774
1613,135.5186098487119,36.912001262345456,246.4972146411774
1614,98.12171254964916,24.31705630231856,184.34555872965095
1615,61.11100594730785,15.494396622684617,144.2667382154239
1616,83.2069283459958,21.61249777041817,190.53575248588754
1617,133.99965313208284,37.43235593955624,243.84430206645223
1618,89.55463972723827,24.104969739451402,193.0550693507389
1619,115.55186907539137,31.104805271900183,225.8360359994197
1620,85.35415371203844,20.809867666543173,185.375584139302
1621,53.16324243715557,14.290595966678554,147.98429135200428
1622,83.32602544729326,20.719094131837632,182.70819765580805
1623,132.5296716867338,37.870673100938326,239.00957177913992
1624,134.9099549393199,36.212996879134444,242.81963336680744
1625,86.94816068227493,21.216375418624146,179.05592809255316
1626,81.85426053065565,21.20555845439985,173.337900904966
1627,97.7116165331513,22.98873977492605,184.20592430517956
1628,130.39363709366225,38.73666733335377,229.4996692601754
1629,68.80009586008312,15.677306573006982,158.7783066122249
1630,68.4473124054917,19.467759467003003,159.17510335881013
1631,90.05221981053798,19.500477116245715,176.4352286575698
1632,64.5252001130835,16.62903894708403,148.80264946068783
1633,91.27023659634989,21.819504577864326,175.92204794660287
1634,74.93493989050314,19.75230699595411,175.44794684391647
1635,137.992211909383,38.8555090109239,256.40311805748325
1636,102.84047663315543,27.863699504149036,209.83038912917098
1637,62.003829232605476,16.08393452056647,147.62366161530167
1638,72.09687912712037,17.995339038107666,165.86702250530087
1639,139.69419584219787,38.4156284416594,249.2530851481288
1640,142.05066962745818,39.60795182339153,262.8371251468364
1641,137.67653647807091,36.56720408941296,248.3750353021928
1642,142.26289899117606,37.888428684739516,263.23212948878654
1643,136.15556337191862,38.66153461075599,241.013368068252
1644,135.37058581880424,36.61349151549137,242.87995233952432
1645,76.3901158465607,19.955781322857753,166.8444692720495
1646,86.37961061521604,19.943991551226137,178.9487246357594
1647,64.29922756777704,18.825377476473555,158.24468584113902
1648,92.64127301099877,23.599680529130367,183.2852160848478
1649,72.44396224827979,17.66033411562918,177.23127868402892
1650,70.95260990600666,17.652554719260795,167.9237509630843
1651,67.96275350134977,14.47768199363379,154.93472652080894
1652,87.4041928340802,23.834986026291748,194.11957593330436
1653,91.65252204924694,26.065499864804607,180.5314978732272
1654,58.40172501323649,15.581182269248336,153.91214675117618
1655,71.86200336288822,18.358800957520057,165.31822718767202
1656,135.57209056463452,36.42452776341394,241.9089579167667
1657,121.50752642189751,31.175860506036766,247.86860502570548
1658,83.1343467959514,21.139627350675045,187.57762487144126
1659,64.99234980105378,19.735635842459747,168.1296248396565
1660,67.47796981677776,19.564130897538043,142.31803231426866
1661,130.58532765289678,36.11478462544293,250.59156898592238
1662,138.49614005849466,39.78965770726161,254.39227456478065
1663,133.88679971933718,35.68742380468192,234.79759583323377
1664,65.71277045548447,15.895066252111173,150.91941408711213
1665,138.41665581925335,35.011045319764555,255.47793994508177
1666,139.02666720108007,38.86053186798924,253.15953175260606
1667,98.98879439776645,27.301359267403758,222.5774644259325
1668,133.85292019794304,36.27785733076413,247.6922817300042
1669,76.03943322432058,21.0816883158023,177.33853139119287
1670,74.90374423140501,19.796421676722783,180.15156910327303
1671,59.96245800996058,15.85372504460269,149.43661658401592
1672,134.57685612562642,36.17653521039889,243.7556294552841
1673,134.0828309406975,35.29534704355499,239.24064533489937
1674,89.40207989063113,20.694988526552947,175.5032759770368
1675,76.18512882384314,20.25823828717203,179.46657876658068
1676,117.28201589925395,31.481167310434667,217.60222901674476
1677,68.45632170345591,18.245020023270683,170.11789015803075
1678,57.28788974347513,13.629000469146144,142.67803768586302
1679,105.25760905035588,26.28790908024384,210.4816673031597
1680,75.96348138028108,24.22385694320568,185.66417113009922
1681,71.8382328277028,16.69114389393914,166.0061889227734
1682,137.81136871971498,37.38551931087981,256.56370816708653
1683,106.59279242908393,25.186185680361273,214.91090136840157
1684,72.88328468598593,19.45112919403503,175.3096441244982
1685,74.40523370665052,17.794497389503366,162.6834540303582
1686,141.38633001129483,36.587765645854105,260.9091007406234
1687,141.00652471872522,37.45311745130249,261.48812907381165
1688,60.58130596881489,14.954322111373012,146.38462932847258
1689,125.25879948792111,33.95455807885238,227.0207098080006
1690,86.25883907925362,20.942424547868303,189.07596305729962
1691,100.35813303522731,28.390644963928942,200.23666044251235
1692,64.55434176872973,17.394152725419776,154.33535358549435
1693,62.731828980279786,16.637516262486873,158.42442093089167
1694,80.45484764898593,20.42299119867795,169.0519774532296
1695,58.93136066462217,16.772825354329253,153.68542179775423
1696,67.61359151290971,16.22209180908653,159.39876934583657
1697,64.61691777471084,16.737979704585932,161.62662632166754
1698,66.81556345838725,16.38918222713661,141.78235194385255
1699,135.98379403735382,40.14429373357553,255.19784244898474
1700,127.51402660086096,33.54585403654527,240.6289049427218
1701,131.29624862263276,39.54742031639586,245.97029819979298
1702,56.856458009966055,15.507740567148844,144.415976794856
1703,87.19106502901309,23.370329082490475,188.54632329232842
1704,64.09309577285696,15.813602558369572,158.717663629697
1705,60.43090253910302,15.851446946178653,152.6802953845913
1706,80.69964820086669,20.14919051507889,177.3057564787484
1707,130.356928015101,34.760535867771615,242.4424980618791
1708,92.57184131853596,22.1030202957085,189.3208966529953
1709,134.83302888697733,35.2440512782217,225.73352044077737
1710,142.5503352936294,40.2319364025121,250.7077353648062
1711,61.59677291908695,17.575151936170254,169.60993679217344
1712,67.81653374861214,20.50302022844736,158.48108537282877
1713,81.56741426783269,21.876395988729445,184.88767682694052
1714,54.55245237981352,16.82380969734759,145.7121806271497
1715,58.83147748655346,15.202056564499348,145.53830969601145
1716,141.66166242718737,38.62288154413253,238.74131217248802
1717,70.33797556531918,17.695129106074948,156.82415264371886
1718,82.69729605899225,21.25634574947105,168.03886772049606
1719,143.44983739287963,38.48606593717009,245.07823061153275
1720,92.90129270124915,22.43067319239445,205.59924048520503
1721,66.92865847652875,16.499550066564,140.04507245492982
1722,77.08784692101989,21.03583307050442,166.78367395301566
1723,100.42737808434124,23.92739965445509,196.36412447724933
1724,74.67967968382307,19.000308918917806,157.4156801658295
1725,94.02976634246077,25.242924753468063,187.00678713797933
1726,80.50228674862838,19.05398571726355,171.14687466923888
1727,74.32711458917062,18.858165249178246,167.05322458854798
1728,138.18846346850958,38.913089340195995,254.79764420108094
1729,78.5604154759746,20.7325213267228,174.66386583169552
1730,136.83410135851747,38.90547483470605,242.12633313822005
1731,94.35328642056747,26.076981276302728,190.1506854580047
1732,120.19501073583864,36.935587498184184,236.47973173909995
1733,130.82000105766517,33.91165343586676,243.36117589214498
1734,53.73048320532944,16.7018252940999,142.0104437470119
1735,75.89020085636041,20.14671469012502,165.66401498092807
1736,137.4307717029666,39.82606901270076,264.7556706578278
1737,64.31843463557804,18.23905593174261,137.2349922548116
1738,84.26328662264228,22.439439977347256,182.92362343891907
1739,63.22757158244042,16.16162375382642,150.62862364971963
1740,62.441390789894776,15.70213284708212,147.90994643673318
1741,83.50326834625149,22.541755161079738,188.12500200441983
1742,77.86580559028891,20.57914058588628,176.25518984515833
1743,86.30638546042309,23.680780899447665,197.71430506838215
1744,68.62698934520283,18.67314332720952,162.39854186779252
1745,64.31382956442866,15.881904577172897,156.63743338742464
1746,59.279426664572476,14.978165518930721,148.60463091050897
1747,60.07606676552117,15.773644063366033,147.48907814233323
1748,95.08545333914695,23.60658059809318,189.99769160481702
1749,82.23793030886189,21.802141784315534,186.45607737784852
1750,69.29895227213031,17.489839125243737,169.924666141918
1751,119.18125928522169,30.473353704266867,225.96474019304358
1752,88.11958568663195,22.842321619850008,192.98045619699738
1753,76.09223791717862,18.612678636848905,163.4393205698328
1754,108.0370644254466,30.743269889549314,208.89825361845757
1755,136.32806964701584,37.30492830239058,247.76654282265005
1756,86.46531606182437,21.268068587839373,197.239981826086
1757,136.1862252372645,38.05887551723437,245.18115516004343
1758,56.792194967729365,17.72334050426786,141.19693937056542
1759,84.83490193250806,23.478553498398927,175.30032688916495
1760,126.0160338294639,34.13781383936077,227.99105644228243
1761,60.98748247909544,15.099696520157215,146.92738792346466
1762,139.79917530868724,37.877729282817405,250.2733591119295
1763,77.68426774170742,18.820128854631097,165.78642514995133
1764,66.22525526774736,15.853540546639406,131.57752660120352
1765,70.69317248530247,17.589110392222292,155.65019961234938
1766,118.4758913977279,33.615011376358616,228.72657271319818
1767,64.35183953425839,16.288594774376822,152.79071763574117
1768,67.07864135567371,17.124269426339108,154.25054803781853
1769,58.74829284203184,15.61803354958769,138.73973398547597
1770,61.82269731949298,15.747741018134882,153.50102693496197
1771,66.10984309716646,14.91606698509108,152.21921359856745
1772,75.53065778608821,18.784789884756034,182.2813590626595
1773,138.92609702195196,38.204063468540205,249.32020705404804
1774,137.34255636542304,36.61766675899552,251.5580790768853
1775,85.48607033442276,23.58782510423351,200.32629371768522
1776,110.87531203581892,29.67123994198121,234.1352696185133
1777,91.60112065281979,24.652110774754643,177.54370893970682
1778,63.14578657531329,17.18562240031846,155.2930380897115
1779,104.420384083005,26.382719062159516,208.5128290768055
1780,143.3097217664707,37.877268695241774,260.01935024551636
1781,74.90477810608802,20.001816819371715,156.74941808095568
1782,137.82851150602218,36.383732815427415,258.550823039026
1783,55.68914868008202,14.378466350657812,147.27295009244804
1784,130.46056389916407,36.89343428747441,245.42824957460246
1785,118.93372667787337,31.959132131097927,225.3631294586013
1786,136.76646734410465,36.80506175293495,259.87886295796005
1787,130.85053121093168,36.669444193473915,240.1738991090658
1788,96.35252345750311,24.627173968288734,195.39396633686886
1789,59.53106383846661,16.024174046694764,158.23481381144413
1790,130.92297588563034,33.77115114715833,227.71809022024007
1791,76.93021535952401,20.527288647706566,167.15958331882874
1792,91.19252145219794,26.648980701249133,191.5723213296139
1793,127.83649833755406,34.28100191738191,231.4022810315318
1794,96.85693065619317,26.90473727119836,197.06366016783812
1795,61.88425753623688,17.764870864857027,154.02127400890421
1796,68.83935238099075,19.1844790877636,151.59272087994265
1797,85.86991085992382,23.173459390103456,185.38926914433821
1798,66.89145475439831,15.790071082676297,161.6171145307204
1799,73.68947575611342,20.31243342243363,170.795616731406
1800,85.27215138519047,22.168966886772445,165.87447491340143
1801,139.0568225696804,37.15024463015947,238.95014491044768
1802,72.28409669860623,20.647696851034638,152.29206038684424
1803,57.4678499865169,15.702234787797112,140.88618211496137
1804,90.52198400728173,23.389112694159135,200.07252409701803
1805,65.69191877395322,16.46446783211363,165.65195522579896
1806,73.26934073119939,18.602831707892836,166.87919920261467
1807,80.2060051540731,19.6118976477869,163.72681257078904
1808,93.40108604699624,25.981882327135654,190.12608501020725
1809,106.1859386844799,27.738565939511634,198.807445660482
1810,78.03612451530522,20.95581634266295,201.61894355151986
1811,80.912557329494,19.224117838508754,166.9105401284531
1812,86.74545944679572,21.89063305175522,184.14008064858157
1813,96.29613913692602,23.63315930611904,193.4921598373492
1814,74.28272379967687,17.860186394219177,167.03935413728075
1815,62.2642128868174,14.928990145087738,152.70069593668424
1816,139.66228057322564,38.59005095022014,253.1379232813945
1817,85.8902635628934,20.69999123250543,180.12109764130403
1818,66.30292147233213,16.037471183468426,158.27361143468866
1819,126.7524466195292,30.12410502225011,236.4436656486621
1820,57.73525138512415,14.828416248797234,147.45769766432053
1821,102.09810871573937,24.811064998115857,191.5716608745145
1822,73.06419253845188,17.279097386230003,164.49400168419876
1823,129.09517777609128,33.60342241798393,223.41093375430378
1824,95.62832985749112,22.95129514146387,182.8031398288137
1825,134.71736263933033,36.397137810940244,241.5177231522957
1826,123.2022238614274,37.7763139944418,244.50374050214927
1827,81.06862251240032,21.649695096417364,175.46627014473776
1828,136.63637341382113,36.95799841435078,244.69525812938164
1829,76.11936644688483,19.153518070206996,153.909138208477
1830,96.61325007754995,24.112191602062087,193.1458021756047
1831,138.61014300928798,39.26996396293181,252.62634006393577
1832,129.34652140568872,35.49967194293972,243.60917722860492
1833,126.98551002125247,36.410442242689726,234.6141420659553
1834,78.99992143126148,20.53506852857676,173.52512024662187
1835,95.7871788856242,22.561607156201163,179.01292386691912
1836,123.1896806198694,32.11606558340263,233.45430459251014
1837,66.18416241818711,16.403107943430168,166.889239307241
1838,66.57541107407357,16.933578397609484,158.1310848983579
1839,130.29786965470007,36.65061093953144,252.8764194760581
1840,119.37316808022327,30.235970731433593,219.57210909127596
1841,61.30045409227885,14.530750584865405,155.03572306676298
1842,59.81246654329566,17.20339349708035,152.4880994220034
1843,61.95594431593047,14.844586922749837,145.69519662129105
1844,116.49277002113463,31.94703998872809,224.20696670601924
1845,138.5964890654586,38.239410264575774,260.7094371859885
1846,94.77776417255838,25.160577317418248,195.2415945156415
1847,71.35586738537016,17.69013494589988,163.965589937596
1848,89.74504136569735,23.90257589654506,187.70291392548555
1849,138.93718370039323,37.96581764387443,248.89529290077255
1850,121.26410753268863,32.85652548093376,243.94093789934854
1851,98.68785898883588,24.238281634867707,183.8589554064337
1852,76.43056876064684,21.647039516510567,186.3114414761514
1853,138.45798114483156,39.2602154511902,271.6049328931299
1854,139.75364346694806,35.472671282908216,254.5077089677006
1855,137.5187284089953,36.855954471903324,243.66381560568587
1856,94.03223862082486,20.984032193261136,186.86258324720936
1857,88.96186563948511,22.942761413837797,182.80095797284076
1858,68.59906325876847,15.092018852583063,153.2842305216152
1859,130.7059862044531,34.66422966497115,242.45720468381202
1860,76.25733258330978,20.71674815610671,177.57213695352638
1861,78.31475668957987,18.795905400564262,173.3548233886228
1862,130.74339790318683,33.75969418127422,235.54576325371556
1863,111.33844296232478,26.405248762012516,218.2277935566591
1864,139.06232865241475,35.572930304558426,266.98747566983747
1865,131.95357655682196,36.381544330149815,263.3619123627055
1866,131.92515749166637,36.14509411053108,241.6504881304431
1867,82.69764992410997,17.18670814283442,181.96691680013765
1868,61.36830486098261,16.94668942938991,157.6631053389004
1869,69.2327082471312,17.096364037484268,157.65622762189554
1870,84.47312838756096,22.966352027720173,178.08059808142892
1871,94.17081680129645,23.023462846912192,186.80358223456165
1872,118.48526251156629,33.01304185084542,231.91807160892054
1873,63.98967873040574,17.887079259925503,142.97781810386314
1874,140.30603939876815,39.07990807920839,242.68243773741918
1875,76.63040547899804,19.763386399328965,159.41482914323618
1876,129.39813498924738,36.59359243834316,244.81100487775083
1877,134.9999449516579,35.48357877378398,252.24342561910666
1878,58.28009518795792,13.846980458652814,148.87942871629173
1879,102.448166600075,26.32961061811541,190.79363743856624
1880,140.33834905371822,38.33792914012769,242.17631152253173
1881,83.6310658945924,23.9139844607369,182.57986952250926
1882,134.20530276143265,36.38501015411487,257.44141238194356
1883,132.9648662378548,36.84262120296898,245.39392897319928
1884,74.58709830469583,18.673049238834363,172.69145376485997
1885,82.91184224015616,23.42276932263807,194.02310391310115
1886,55.054932566961305,12.92883426371346,148.53510682999652
1887,78.34937451676818,20.325322758004067,172.5204484316722
1888,89.05525844991219,24.606700400383843,199.75544160000126
1889,75.18592974034671,22.880275235550787,194.95033845182996
1890,127.90543252808648,34.69515570574337,239.66633883841249
1891,71.42054103088903,19.164758981404518,166.8176321507199
1892,60.59825296176007,16.368074800658913,148.9342200548358
1893,83.84447766426383,21.494133149240536,199.7456243585722
1894,96.2399553057668,27.466781613683885,189.990904283172
1895,125.38834939620047,34.69580065118807,245.26874817543845
1896,85.02637902194313,19.000671555828692,178.7827279024606
1897,129.76180133199853,34.92558064000759,241.99842119973297
1898,80.55563097458518,21.336799991749604,191.22402604437022
1899,56.22304443297789,16.687874320942356,142.96848414929505
1900,89.6875445443861,22.045225006994542,188.92849817390064
1901,131.0790263632587,36.98448658222177,240.94754389547526
1902,69.36534420860797,17.829229182867056,167.34555575322221
1903,84.3503187244855,19.696678818961164,166.72142655318387
1904,74.92822086210263,17.265818769083847,161.02363592529136
1905,90.20010269741421,21.79291901666177,195.637984635497
1906,95.54078480118262,24.68785701747989,190.383719177216
1907,141.03579407785608,37.6794592522629,255.13824080362465
1908,58.52349562300805,14.601118195025432,147.73206645299248
1909,85.43280870409554,21.49331689470399,176.90128552840147
1910,71.62692101315655,17.051103919013908,172.47304600091476
1911,98.88232786531158,24.380759108857937,182.49568509865261
1912,122.67574436586496,34.593815404781154,233.32832325373099
1913,135.76517928126833,35.969446965552855,265.14404603153343
1914,60.045266525003775,13.82748320313052,168.70999987573148
1915,61.16251285993295,15.273523114017474,153.1438843281487
1916,89.11764522885609,23.41908218163738,192.12348775788954
1917,137.50938019724637,38.51656650326547,246.84179216693823
1918,133.43679989274435,37.71176845793282,257.19817773132877
1919,64.97379426897639,16.76480500613155,170.37052407899088
1920,68.66630538991326,15.875314400946896,152.3538150170642
1921,87.67767595508272,21.776666532972623,177.09165919155436
1922,68.36261948662845,17.883800772556153,153.54706681366613
1923,131.4106571469975,38.684155621546104,235.50019911634135
1924,61.94389102442948,15.47496577919699,151.67794429545614
1925,70.58132208745671,16.76097418449778,157.5570112152825
1926,70.99607316881945,20.246334751978974,156.51329177074172
1927,130.17483279271903,32.95853150954805,227.01185767501212
1928,69.52459571239417,17.021798847346414,160.37104401178914
1929,131.4915281321573,35.56755676224024,240.3865806862417
1930,71.66695700391767,18.821686510462957,162.7815977786612
1931,113.7429215466212,29.73054408393426,234.8510333775891
1932,126.0705204020475,32.45977908897989,231.9957294376418
1933,106.08346187120638,26.113471594725453,205.56606997672995
1934,125.93921422808991,32.81377856138655,242.43229573831525
1935,93.90889570899334,22.285382675901168,171.00415245286788
1936,86.1497893451644,21.493712102866997,174.01495947997586
1937,106.35490610361443,23.82730878643647,206.88474351948085
1938,79.39811163864282,23.81805173841627,184.3551760790437
1939,58.92811266581814,17.61388478815685,146.3850553077751
1940,68.03122558265686,18.423765553766305,175.05414796852938
1941,82.73113741671997,21.703559894802936,178.10119231498075
1942,64.5074538032005,14.106958093768563,165.60177760806457
1943,85.49184747362462,19.923322723251626,181.08532774991275
1944,80.13499520019396,21.823705401614724,196.89824338422815
1945,88.71270271994025,22.88685141216152,192.78082127900004
1946,123.08075788013272,31.519868212633977,233.7485704432889
1947,62.703622178242874,16.08899079022851,143.26386835214046
1948,88.44255581001498,21.660439404570727,182.51090802630563
1949,104.87725524579314,29.68470820249697,205.37431929224223
1950,69.08731816283766,14.627168112363973,157.44099011525626
1951,68.6751708552702,17.454834715080796,160.80569161145655
1952,94.14747811185991,22.218991648994066,197.4131123163221
1953,117.88857424022342,31.89154204759898,224.25784061914837
1954,75.83530348298135,21.49678171843291,154.0840328411333
1955,140.98627887251521,37.31051111810718,259.01161601616474
1956,143.29082079554223,36.34167222672882,243.22164737935447
1957,114.46746310879442,30.390092099396103,206.94665396460155
1958,67.0094895147571,14.853578524045417,160.01510746907903
1959,132.89405418662582,39.39114947882785,253.04046626496844
1960,82.31433332410914,21.484107083295736,180.87221843802868
1961,76.52450550348054,19.680070526148423,172.20656754949414
1962,70.23864294775767,16.105486565751292,160.4063828256878
1963,137.1264918702919,38.76629466762925,251.8573175526677
1964,58.04593451927904,15.860567230901156,135.6231198825276
1965,110.59887663357331,33.18065027102251,206.83539099110365
1966,133.44477034259978,36.340934028683726,249.4448845873927
1967,102.63429350177661,26.982735446804558,206.64123644129
1968,69.07204331219458,16.631642519156944,152.85184259968926
1969,68.80651205296829,21.455398664578972,170.19286302778212
1970,68.34035041859859,18.93206562212121,162.47490819568552
1971,67.44962348295034,15.78478853616667,159.11425917980856
1972,139.86528982614027,38.365630853033885,254.91859300114115
1973,111.2238173584221,30.013704305825968,237.52049602809305
1974,137.37207645394258,36.37711832099348,240.5868363617805
1975,88.3617800077799,22.549096020394312,192.60186498766896
1976,133.669923874408,37.143030233475116,242.95101363394357
1977,73.33478425636365,19.191201755298522,166.38124521241127
1978,61.1444793529946,16.836519009591203,147.05722248482195
1979,131.31860349615442,39.73594459569072,242.30597275610594
1980,139.986569927097,40.05344255372643,257.8533857914642
1981,91.46276958068303,24.538560107733264,186.61828274529208
1982,96.51249511300917,24.038240618414246,184.57951103581752
1983,64.57424309028377,17.060774333606297,150.6741837657237
1984,54.28144282246876,15.852843046303375,160.2236309469696
1985,74.62857793589676,16.264290012530655,183.96078889625437
1986,67.86179010965323,16.809460030813252,153.71462278463045
1987,86.86206285076359,24.75205853216463,193.32617802830717
1988,60.849278076657306,17.7007788444705,148.66870482932154
1989,58.75641136944357,14.641748884673875,154.54571652364766
1990,86.40698512992753,24.863513184652028,183.26747699066496
1991,85.92677319176998,23.146899177064064,183.52811945304782
1992,74.75787779955739,19.994263305442864,169.18109109944547
1993,130.2572781243184,34.24338468589975,241.7427741975737
1994,78.17659584999396,22.102278491403833,162.53205910390844
1995,83.67806117660271,21.41663860208295,188.85942638640142
1996,117.03337304040126,31.97880518916175,249.98036967799996
1997,140.4076151044368,41.26514618397696,256.43393461118364
1998,74.35541313400061,19.38325020276111,175.96936653016328
1999,67.53099303313222,19.096499549978482,170.12767820583215
2000,122.37434337546067,32.86485134406624,219.45717663648534
2001,100.60462959975406,27.093463864941267,209.88516441462073
2002,98.51905399742365,24.78996539007222,187.82511172583796
2003,103.82449372101216,26.754277251799582,209.5167355880669
2004,95.16901320479057,25.48991882206433,193.15578178172575
2005,109.86876257870354,28.166504702735505,221.21480377515178
2006,90.19022280283207,23.438521300489242,189.9348301167175
2007,66.0102786068266,15.430263393988087,166.70578106871022
2008,84.13039748596871,20.32675082547691,179.1900402879081
2009,71.39225797939936,17.978136627188984,170.2938068846632
2010,55.88847201091968,15.169644325273785,142.88815162570535
2011,66.42261697272359,16.15432927387749,151.26641546754095
2012,65.24383002195744,17.30608063571133,156.4411503654181
2013,136.89840818815924,36.7836828984765,256.3941372203625
2014,85.0867967928209,20.839630854580335,184.04172058096324
2015,127.39497051916608,34.894330254460904,236.18282470791928
2016,69.34931384385449,16.584888877775168,147.66543835551713
2017,61.31495101926814,15.28943176758376,146.4675609324904
2018,140.1080316127561,37.66159021017736,251.4430215043595
2019,55.91703302011536,17.258787850106522,150.56266587034722
2020,79.08569303173995,20.833007945042187,189.20720223081273
2021,137.45457677471254,40.56668225663606,253.0670646757604
2022,133.28544263702318,37.08972609279869,256.25632744787276
2023,140.37026926393048,39.10667221109767,250.4839950480169
2024,71.13537608010746,16.854898443897692,162.51258395322859
2025,68.65932398444802,16.386347298135174,156.50368818043327
2026,97.46128806503816,22.605721107495846,177.15351586397952
2027,80.87322132492487,20.288175986819258,175.54124423733884
2028,138.82143326761806,36.34702721990045,255.7096920212534
2029,109.31476552442184,26.809626361540143,196.98324459237287
2030,136.6772188097295,36.771940708520795,249.75891997078944
2031,97.47956760787933,27.231850460531177,196.0684158678213
2032,131.3724049711952,35.671906502674815,224.94819902036673
2033,57.04624975021354,15.472493069241214,140.44655064298271
2034,132.7993996165428,34.700265392185344,250.97271916038406
2035,132.22986090772926,36.46080186490148,254.41313397505294
2036,60.825778152571374,15.969598196479312,167.00884370128315
2037,75.26475697102642,20.88237955772605,177.0551559616265
2038,64.46277342403071,16.14632903415733,152.53523195352196
2039,97.0786193768629,22.706941865786295,196.80142060974194
2040,116.48899575426738,29.92429848535811,216.92688837764402
2041,136.95080228842605,38.253450012437945,249.236027806377
2042,127.04106143637797,32.50475312112912,237.50523555410442
2043,125.63539533224142,31.00052383483683,226.90094223593087
2044,72.61427567684672,19.422371815378185,175.37512923522522
2045,112.85594035935598,33.076912943185796,231.83424730564525
2046,87.00217303537607,23.229913290279367,184.32979840458054
2047,92.49582531445289,19.173485718118982,186.79476083924587
2048,86.11932609569133,22.557384728331915,182.56129801639983
2049,137.57600422088072,36.060214465285675,242.81757962175638
2050,76.52087082317765,19.297169520995567,165.63747063153485
2051,63.24075198991006,15.941095158070658,136.60091895832818
2052,65.44475701050887,14.950590165856516,149.04748289123822
2053,75.78819588613312,19.684245482703243,159.5382665605735
2054,136.84363556758396,38.588524227221185,258.56704564225896
2055,138.2224305421616,38.12227325317804,251.76731912348995
2056,98.21864930683206,23.99302372285088,191.0436424544939
2057,70.077105363079,19.828301756185343,151.2210042877111
2058,54.563955444929434,14.706746744016085,148.994500875157
2059,138.42879215698756,35.51992079650349,261.3059181212855
2060,129.85933333770782,35.71466992927869,240.66807579317967
2061,70.98119623014124,18.556138714782684,167.0874860718255
2062,113.27922022085502,29.05220239970578,231.18114654899873
2063,85.71065708708227,20.096875677765528,173.9175926897415
2064,69.587853143054,17.255920332967907,145.78659317600207
2065,77.12648653527766,18.63209277442804,165.55780988984804
2066,75.87601766971447,21.13776322515346,174.2441180163912
2067,94.67023081021966,25.05031356243468,184.68523076575954
2068,96.5849847158123,24.847373725589623,192.20657144885635
2069,72.37365286265371,17.47260435905945,173.79405208944726
2070,60.46691453066936,14.373957185416346,136.38577117038372
2071,86.29517810117808,22.515715246387142,195.37885438059558
2072,126.29937777238406,32.74973487622825,237.31678377807154
2073,105.93826426252961,26.879008410720385,196.72287903544756
2074,140.08347088753507,36.71274166289519,262.4531994497209
2075,138.01711101219792,38.38872144017355,251.3739181331843
2076,138.7862668420498,38.30046834024405,250.20048341988436
2077,110.08685202001293,25.658600309404882,217.55917373218645
2078,55.69305003024916,17.827498504495434,155.67629275691215
2079,125.48584261001159,38.253062834282936,244.06931653366095
2080,97.03118008208024,26.472201605617247,195.0894782531354
2081,84.54765908784951,20.385045491462833,176.86176030760075
2082,62.988643768740964,15.881508777128815,152.0517228583448
2083,59.53958180246758,16.267437204918455,149.89723237490546
2084,143.32943283599766,36.95168658047047,274.3927512758264
2085,137.24818370585027,36.73977516929929,275.8955320603514
2086,61.39735565153513,15.972440413492029,165.39930497689616
2087,69.79236700890489,16.901284112710652,165.92878259906604
2088,136.65774804484207,36.80271761736534,256.0718361519435
2089,89.95587871477174,22.50870765642844,188.7333792899618
2090,66.55062066805279,13.914278592453895,162.25350126236563
2091,90.28488510081306,21.94216696174665,185.1100216153125
2092,139.255998527955,38.418132006894105,268.4011175235268
2093,113.9819890541906,29.833994770012115,221.64467000174042
2094,120.02437087621378,32.274918007739544,223.7581121392332
2095,107.12022220739748,29.30112430886585,209.35686689201532
2096,71.64641020025745,19.132736773668046,160.51625254465168
2097,114.32316037715877,31.728824780747136,227.99215366938338
2098,97.87403980963805,25.566892801023354,190.96777467897138
2099,90.62359873321043,19.64022746636685,189.6115407465738
2100,57.92652728939708,14.27640152999072,140.2192684989603
2101,143.08942740682417,38.062822594672305,254.65741154569875
2102,125.53133473397288,34.62673144755734,245.88826059128138
2103,72.8367053725035,17.22960162278897,157.46552316336826
2104,73.56792257246987,18.608343121939264,164.71043529228902
2105,85.58289957573685,20.595794309971335,180.84964533193826
2106,95.83857103785103,24.573198972056762,193.92638998861014
2107,139.87006819896393,36.8518912240766,243.29627253966382
2108,139.5084997848625,38.113852178480215,256.2374422633566
2109,137.0710061054039,38.46689150532435,255.16090858300132
2110,133.0873188811835,37.10425557402941,259.1214933090145
2111,71.93735330214531,16.224380394726413,156.48176586531585
2112,90.4556614511025,25.695544042765196,183.01022238514562
2113,111.98857678241656,30.299637458271636,198.24280424230105
2114,136.53996369664375,37.32175063278618,250.08825166482475
2115,101.83280930678188,25.759103909693213,194.5265494395964
2116,74.63942988320844,16.80176254056222,157.5038607750313
2117,70.47717300891907,17.109944121865418,156.06074720280705
2118,120.57507162145704,31.65005435727628,224.56802122998837
2119,64.95548358486327,16.44363873417711,153.23778139853195
2120,130.02846564354283,35.891939764532744,244.93128020224444
2121,67.7972396334746,17.20107821580368,159.5318108255146
2122,58.53302172126847,14.130838270913502,151.4082715222864
2123,141.50369342317,39.36741189696367,260.5678711436986
2124,58.468384926277615,14.544809826495696,139.413990485886
2125,144.24823333656323,39.2772621008147,245.74986832542075
2126,98.90232718761892,24.84560839548706,208.4824944064987
2127,110.70181090218186,30.60021460271942,239.10602526718802
2128,80.93832886457373,20.506071176211417,179.00463057276002
2129,134.96001105979155,37.604372109080025,267.60961715322844
2130,64.07572979399055,14.757210116517513,167.7626021965706
2131,66.52313724088997,18.013231087002946,156.9174202248673
2132,69.97430517393293,17.949559601122704,160.62371213450288
2133,125.69327071362663,32.935581368410375,236.03399162611285
2134,122.4921690773903,33.771524252264456,243.40413011156434
2135,75.9121136831035,20.379464873147977,176.03044239539187
2136,136.39870483614908,37.57893429534057,265.4362914307022
2137,74.97048622251248,19.058671142143492,147.2506229388963
2138,86.27497753937621,22.225041268677277,187.46671083490526
2139,112.96942972181246,29.933927020003086,243.74074644751843
2140,139.9453733296439,39.616615361595755,264.647208746933
2141,88.13967238001166,22.55999242672588,179.62645035070435
2142,123.418494665263,33.84501011576965,262.6054444362206
2143,90.76336464598215,20.632107457800736,185.05190314405954
2144,87.2998346973942,21.85991055319261,185.06856818068886
2145,59.41344963167824,13.889812445156162,153.9993611062604
2146,93.7082492157647,21.945350056204976,182.7509373989544
2147,69.72650690684166,15.539875363440084,136.38954871824805
2148,63.79351954525654,16.059811101987062,146.5416485907035
2149,55.58130665650564,14.856386607924973,143.36642060196462
2150,93.03389475838728,22.847317514329703,189.78082762127556
2151,60.29649071253697,16.235915312175727,141.9628186208891
2152,106.53136772848438,30.57458656894359,214.67720146093208
2153,84.50935049870758,20.30797993068559,181.53843105509367
2154,80.19722018053142,22.12286800293376,190.07474188187265
2155,68.60878826737597,17.6398709099163,158.01758735835242
2156,84.74086267792899,26.019041860192953,183.5224431480357
2157,78.2030757282866,21.80879405979682,185.01635219023692
2158,60.305188457698264,13.401129177470864,154.10408813185413
2159,65.20480777684931,17.24517854352298,168.87346643942485
2160,86.38817313920435,21.113177546697557,170.51004379437973
2161,129.08924408607743,34.39079386500007,236.63292173978562
2162,101.64585927054993,27.332172668703112,198.31015926363884
2163,62.373904518013205,15.258945890998154,147.63450327752673
2164,138.37069926504708,38.75448631830282,252.27190855973168
2165,59.37835699972353,17.151737951386682,143.074391067614
2166,142.008549729739,38.11486115557649,243.66540243691693
2167,125.55679081733844,34.86487573397472,237.3346359982278
2168,59.45318697875323,16.58822449905946,150.49964682679538
2169,94.55999882261635,23.770317257264985,191.47927955546143
2170,101.83282944946059,24.2439638321268,200.82782420467234
2171,87.57408315558237,22.250845372185655,162.69220684428043
2172,70.02705930625054,17.818282339498502,168.583607374168
2173,93.92392725117712,22.2531394706158,197.59885887435425
2174,143.28886287803633,35.15835196098039,273.26122018857575
2175,98.25492208327218,26.924453156315348,204.5021203374183
2176,140.45228197993637,39.1761823444914,259.92684013291006
2177,94.52571767328729,23.028552719145093,188.99232373563507
2178,126.98520532940826,34.15709587970333,242.86127611688119
2179,97.15924188534937,25.64267977359103,195.58678546662244
2180,121.19343354873094,35.348684946069454,217.15459086703584
2181,91.90496958892693,23.547831943060395,190.14302419175468
2182,94.39367373981582,26.778679267256276,184.43428053618166
2183,84.14357641233997,22.956130118012673,166.73216716358766
2184,92.80441456742001,24.04364177843829,193.69752409954296
2185,131.4778735092676,34.44527001741964,229.51943492211856
2186,135.27756555301437,39.08899490623166,266.20603396928556
2187,138.21149193489725,38.02416563424594,256.33412914393705
2188,78.3025357286797,20.420340701809263,175.79910353729974
2189,80.19246439655525,18.975895029362082,187.98536110690387
2190,78.48463418580819,19.984110632143885,172.6192004439619
2191,93.75078593443912,24.839704727133718,183.0617659885842
2192,137.25364204325976,35.263840329402704,249.0588462636222
2193,74.74736059136646,18.90809971329844,180.44508708531012
2194,126.15557795998468,34.92554924344416,250.51294873576157
2195,75.13054544078476,17.38300679510294,157.83298885166263
2196,62.672778510115755,14.696180092730659,137.9511240489375
2197,58.204881013346046,17.684757662190993,144.38480772768563
2198,129.753241054537,34.821077952041755,244.63173804094933
2199,139.5466692709418,34.45143612196333,257.1576312595206
2200,60.93517087749047,15.543911529758569,146.16701507727473
2201,136.43077553997753,38.911508804079396,253.21196862244335
2202,85.19913641794257,21.224682138909568,184.21996790975882
2203,70.1913486631441,18.06417373456924,161.60638865176435
2204,72.30605917739946,19.866132933408306,169.6228381878228
2205,77.24524800078532,20.95668644314338,176.3641789666108
2206,136.4975329560827,39.2862408788315,249.92849348202876
2207,92.7297194401695,23.737608402856555,181.3059997845116
2208,137.18500555064392,40.97742562999775,256.31204045866843
2209,107.95776170254159,27.224149023922187,208.9033119917759
2210,137.9374048168821,40.640591460594955,246.16431451014702
2211,83.99743411642622,20.603009115356997,192.66641157380886
2212,84.65906939996567,21.611743494858672,181.01851024915152
2213,77.06099682561462,19.259445800695953,181.35305179728653
2214,144.6839063737203,36.710843221531896,248.07453310596748
2215,91.08683434581336,23.336196632953378,192.21842407973887
2216,99.91152516063086,26.787753314667267,209.11196108337666
2217,85.75761186978448,21.429771858045275,182.12000472726348
2218,93.57683808839617,25.67164413178938,180.87610096129976
2219,137.9798420364302,38.653473964067835,237.71622404895393
2220,77.36504312042034,19.486364389357064,154.53219301582098
2221,73.04561001842032,19.957476314877443,172.3023423796507
2222,142.47942498249293,37.82358126308562,244.09974757860473
2223,69.11321491637098,18.900432991147223,157.23244977427893
2224,110.62336330984846,31.209809154441043,215.23882392674378
2225,85.14534837067602,18.442121184189983,160.58625767966393
2226,71.55963148873779,17.27266035740395,141.46766013216836
2227,78.946221599899,19.50493688566266,183.68953140221177
2228,128.66216889471136,36.182791408593125,247.68831969543788
2229,85.73982583019513,25.277243006405946,199.39690429666618
2230,88.84882697245642,22.34355278713577,181.37584711716923
2231,95.01713065349868,23.42410464026432,193.7256650191557
2232,70.22777289797834,19.287572642738414,154.68925309340037
2233,141.8472638809776,38.71910288865836,240.1793705679349
2234,135.5646982208103,37.26329068557286,247.66293114137014
2235,74.51675176962253,20.055988400866276,161.4109640980242
2236,132.43066601906003,37.183504505941066,246.6792927478692
2237,132.670799567356,37.79820942238519,221.77968022777114
2238,96.49611856758474,24.39623863822567,190.31449353998562
2239,68.96116170338523,17.55562453815715,153.0453975187648
2240,90.75117116389204,23.988880260950193,188.77308616835944
2241,80.86058766240741,18.55534847485932,152.0036408217783
2242,69.90693452327106,18.70668963419276,162.70587616313313
2243,124.56582231789683,34.31723629620368,229.5049302140376
2244,142.15611110862537,38.180184075103,253.3404273402189
2245,136.94336632322265,36.80095887516422,246.43017785119034
2246,143.68343711537477,38.01786669201304,245.33704943073357
2247,75.73638973010047,18.53196835101507,172.56514500134315
2248,138.9576005592921,36.5102609823682,254.19282085371125
2249,122.00204777235989,28.987822047485583,236.5644892911931
2250,80.05117234911891,20.909562633608445,167.16003058330372
2251,67.08834757665565,18.970930009861775,154.68073097771625
2252,137.92040026139858,37.80363173748579,249.7450646742234
2253,81.08894033294433,22.70446556264248,189.26472471007648
2254,93.61737451934297,22.8508136481389,180.68217360142302
2255,129.90882742028276,37.83062125947228,259.9659916241818
2256,120.82243032187492,34.23276666533763,240.61533840665712
2257,130.19831737986257,34.29240611423353,229.92494686882316
2258,65.04758391937287,14.30422247646659,155.88813522992152
2259,98.0390948251905,23.81661691879555,188.0610544185484
2260,58.815113760002475,13.65371208129518,137.53382371212152
2261,84.67754911244343,22.172280950905563,183.27355059323992
2262,135.91118890555728,37.47912755925906,244.3949936332571
2263,129.24753138042158,35.046498841276815,238.69381099067232
2264,62.8930420936581,14.93603988041104,148.4818195469687
2265,125.91515228504075,33.99152345420473,233.3300291731713
2266,125.11110470225438,34.25877798183039,241.815660111859
2267,129.327561065413,35.83392759730585,234.2132409343602
2268,81.29324983269566,21.295857221375087,194.13220771440345
2269,100.40975213681877,24.75982911536609,189.6804235464004
2270,133.93589058414418,34.730834583090136,242.6473134071289
2271,69.71621185048134,17.412628055137144,154.13145723319568
2272,71.3849334277888,17.789584817479124,169.0980523796653
2273,65.46796686741688,16.124869860338524,139.76737473351213
2274,131.79572940100465,36.69125702396354,231.1338995629709
2275,146.60347521673654,39.27983494579258,249.86202974387038
2276,121.01111703516672,33.30536027554982,236.40899600466258
2277,74.67763833329778,16.786078316326144,179.11927209054446
2278,60.51384008852485,16.857838436553575,148.4195459131216
2279,122.89622649526653,32.45147161744255,233.06473001047723
2280,69.53991716419367,16.738560469454317,181.5193204918674
2281,108.28899810423722,29.033199064110786,214.86368486788714
2282,65.27771859444007,15.287279525874872,151.66579322617105
2283,61.08998458479383,15.834972625690346,139.60923713451947
2284,81.9278180385146,21.660772221839416,176.15617652330016
2285,59.71339460774265,15.618566547238553,147.85429110470412
2286,99.03408581119635,25.784059831321844,199.42381771396725
2287,145.7059051218186,39.74230156446067,258.868963050691
2288,62.43462014244111,15.203807210071426,152.60253634861667
2289,62.7882377797276,13.872204728869947,144.21233091098767
2290,90.16674306939049,24.928841918028187,189.62338583670171
2291,131.33428267017112,36.8833736432937,269.3258871684883
2292,112.10494388661367,27.595738251215046,224.52330601109995
2293,89.65162920694742,22.2344412030238,208.60627166986936
2294,124.16595541812511,35.22087876244798,237.4224942999376
2295,79.41977470704423,19.14271912648577,179.7065525351164
2296,72.64864039975798,18.318100222927892,150.5791806635411
2297,97.08372903686161,24.556136768448635,189.50659986185087
2298,78.16139466924658,18.89764333114662,172.26566212648865
2299,79.04187867221803,17.896137102412816,167.69559158406614
2300,60.95994879750197,14.740168147722576,139.31071880502677
2301,75.41520650197403,20.948111751429156,170.47050861622532
2302,130.3910925574112,34.776575569851325,239.00153376839606
2303,128.18162795613878,34.2682773582777,240.56228396263614
2304,99.23840265927636,24.272685974324293,183.3664744634958
2305,141.17917200000963,37.28311700418357,243.70082778617143
2306,61.052395803031565,16.720036213069243,151.57093155710444
2307,75.1838720788479,19.65612767450413,164.1936556270398
2308,124.20766320886004,33.6626444215093,230.65206294681778
2309,79.85941472135846,19.271728616503474,166.36047825330874
2310,64.46462035395693,16.446273489308563,151.93724507033826
2311,64.01092520556176,15.179056671266574,154.73530856709112
2312,137.8582332924565,36.58635724746963,246.11379146517726
2313,61.307337009642644,16.754316912596355,134.03600057914687
2314,83.04490801126194,21.092495787056,176.13937741500192
2315,139.50840028046102,38.22112878474319,239.6867244863514
2316,74.1964198444163,18.03558844873064,156.16126708935727
2317,85.8747506923688,22.15621277540367,197.69663010059136
2318,67.72953309905718,14.799298353542039,144.597944831366
2319,55.88102725691787,16.014259363762303,141.1928885712061
2320,62.90218271174265,15.639724764870778,150.6403784384714
2321,145.7039675868596,37.30755646278228,251.77609719983016
2322,86.66148217270411,23.34077590551176,190.2939875493997
2323,134.55595973158253,37.7191435319943,237.41904707689324
2324,93.4694364793793,23.85837420582172,180.07369925341092
2325,85.73610085835404,21.013145161853387,189.46187726555425
2326,137.86998398992242,36.97691047444873,251.10900057564098
2327,118.03478893232796,33.85196754192446,212.28624449526362
2328,69.98578228290579,20.863594387396372,173.49631034623644
2329,129.4277430863624,37.05917901712342,240.13491258851937
2330,65.63466599704539,16.900109659892745,162.62276839632224
2331,95.59659612043163,25.534672138881533,180.8336033494236
2332,72.37714511103896,20.2415545497532,158.02603906927047
2333,114.86874100828105,30.465696726482395,212.45526971331753
2334,92.36514422177285,22.95133508440276,190.98979784616958
2335,66.42067207083893,17.763373541026258,157.74121905316898
2336,54.778583913495986,14.778328040163544,147.25474215087442
2337,62.895786051350164,14.43219817522724,159.14572204990282
2338,62.60634306448839,14.58769986865732,154.4080133987221
2339,62.45421904855432,15.446513351222482,149.85396081075893
2340,65.04870593561269,14.205063879148883,153.22832554899045
2341,75.49639429362738,21.6706406580281,182.74398470397213
2342,64.04015175136571,15.92622210084973,149.09925772384602
2343,74.1795095208402,19.915830562908457,183.8695511325072
2344,57.73441459207279,13.764269748348458,148.12729055705896
2345,138.5510459309485,38.12893303923402,255.09158631455873
2346,78.03571605448577,21.300147434826204,184.36908280144897
2347,81.11822018553916,22.732129674846124,169.81847121647715
2348,60.39498144712864,14.662597454376822,144.56708976558318
2349,118.68355273124503,32.12985628942573,229.76500645411
2350,81.94353958378308,20.43316042467485,149.4116114694107
2351,134.77547656607928,37.62989472456699,242.25475656161015
2352,140.06091476075258,37.940688211616134,253.39975147956855
2353,107.32494955580096,26.30727374436277,206.96383485956818
2354,133.99053077226404,35.881048365492866,254.57911795221014
2355,87.64257033814341,23.92844512191982,184.9923278271963
2356,71.61836406971891,17.253147814982956,160.16090428670398
2357,133.81926568368388,37.134006604215884,247.32342229029874
2358,75.22229572171511,19.672939567659885,163.44866140094592
2359,121.26247091397677,35.31686874394327,217.36443866451518
2360,67.35198424891372,18.21551503129476,157.4741333207398
2361,86.01455179228445,20.59161293717765,178.0868226589141
2362,65.13070176116271,14.219063483770375,153.81220892778214
2363,89.53981603616128,23.303850726915616,207.06285155906264
2364,60.904136485335776,14.307963660580333,150.7658360845265
2365,115.19773372307678,34.31921705133255,244.71486679952994
2366,73.20637968959524,18.033541592739635,162.4659423107573
2367,57.09341901001279,17.569598794885845,154.67030853373944
2368,127.66989279998846,34.73645554805899,235.33173701691956
2369,58.25337649060254,15.927583586429984,145.73034069983186
2370,93.73497602059682,24.24564758337512,185.382593411792
2371,134.067610448478,34.85038134508874,221.8633085338819
2372,134.93583097185794,38.3598483428989,255.63046266513703
2373,75.68749838759176,20.93633311625511,174.22304105968422
2374,61.89525183372229,14.418998779950877,147.40655160785198
2375,84.18268156101921,21.166694296595324,174.53775408027636
2376,116.7501632621903,32.3603074769994,245.90683537442928
2377,93.21396819058593,24.615673484749248,197.55311349171117
2378,84.65676183090352,20.50267075292517,176.48833792914405
2379,61.8170693045074,12.802170344532687,147.040135384463
2380,76.23745138520486,21.157234916475826,176.335991035975
2381,80.21529337829504,20.11752474917041,166.9782127222219
2382,134.30955594686733,36.332056634983154,252.2899020052993
2383,136.1948827189182,37.824858331769505,254.2207106806315
2384,60.98145932811446,16.524891706106793,147.74356722422286
2385,114.96966402641048,27.897324068445382,225.48605887722263
2386,128.51633984798536,36.174620334103444,241.32659770501343
2387,72.11819235340455,17.718461461920043,159.06567762236384
2388,134.3607378022597,38.31081915481475,241.29048292324555
2389,71.91126296111703,17.938795276836753,164.12741520841402
2390,95.6039974899218,23.425689549861104,178.88406470459842
2391,52.35563354786783,14.216907226054909,144.52311843616553
2392,66.15825899151639,17.067716076706223,156.8832092015525
2393,60.281847119493584,17.06105839914072,140.31238814228337
2394,70.18541702142298,16.157151364375128,156.88600725896939
2395,137.52575865060263,37.06486231650337,261.94480183566475
2396,68.99622293552699,18.451441902359054,162.2730889114865
2397,66.39874519535319,16.306620231609674,166.27592010101242
2398,69.41456157872962,18.104665259017782,179.8014920219403
2399,130.61998190693245,34.63185077506406,236.8699382123326
2400,94.12625911056347,26.8633580358384,199.13563099132065
2401,63.67270915232501,16.720507502895618,141.11002331850395
2402,66.50502134373814,17.012749684490522,153.87000378689842
2403,63.86298168507565,16.235108608158637,154.0686745965355
2404,91.3928153967684,24.35345301458202,187.89058290958542
2405,83.49101311480077,21.541515599431545,189.33484988749674
2406,132.1033089994682,37.39381500919022,263.9006167892673
2407,58.33211190387078,16.910308684853433,134.2131875803794
2408,94.71608847024065,22.19240886337857,199.3886192844337
2409,143.11761090885472,39.05775560944489,262.68036238907354
2410,64.4934879557014,14.386782778433888,146.37807826454176
2411,95.12603030573581,21.484488334006816,194.60983347281402
2412,72.86013557553427,18.702815682388906,162.64452291907907
2413,65.73681374714089,17.00376652802684,167.66422441710273
2414,62.78930617742768,16.384950153037565,154.16942887039832
2415,62.457946571193894,16.454874222179114,131.3014536960037
2416,134.84845037575562,36.416009973794495,241.92918860685765
2417,64.94208301391068,14.099061248525864,154.6873189949204
2418,90.24140736225796,21.387628800035507,168.19487896600964
2419,61.84506007246046,14.99779379113907,150.92547442309103
2420,71.45616609440171,15.931252944986381,150.32404097572348
2421,69.90719874674511,16.84704045807326,170.6730666544661
2422,82.6098603681669,19.48964575218007,164.7761172975573
2423,92.40088089773788,25.752755234182825,193.1561329547615
2424,66.31388679200376,14.27230563638384,160.32067443036232
2425,102.3075139660154,25.50781184731825,210.33943410465858
2426,135.8700894115026,38.231538412980846,254.1751638809211
2427,64.97063265654431,19.739689380663723,148.46790719512268
2428,135.81290099825597,37.85662300120132,262.1232180962023
2429,106.21883571888998,27.64498392521477,197.9896446001449
2430,132.79297538115364,34.99341732720779,253.93946499519728
2431,123.87369658041136,34.93307929022166,224.7499353228856
2432,79.70307408400363,21.279004817117357,190.79645164544948
2433,140.15551710863136,38.08482668134621,258.2371295196145
2434,108.74340894858464,26.822918486821862,209.10216576597546
2435,129.5476406658655,36.172932206937,242.6989355335643
2436,73.05620311468535,16.71730876730797,150.72533447728753
2437,63.88464611044085,14.404602498556484,152.05726396004152
2438,53.65378569382009,15.61163629622411,142.89194294132716
2439,136.05777029267455,39.36878708290236,258.24451608689486
2440,78.45774406717864,18.042838393732108,155.43364413923368
2441,146.71601716452537,39.41317767741432,247.93464030160075
2442,118.12108665839712,28.53267946565844,222.70317252530614
2443,125.7910661724669,33.655625968867376,231.33932728655824
2444,140.1706073211266,38.28556799478543,256.6973919976407
2445,63.2802250639294,15.109255273992213,143.9771056228309
2446,106.77936645033452,28.50069137244204,198.16853783316103
2447,84.62840838200835,23.40080463941826,184.53653128320988
2448,93.11975993134554,27.454861777488087,207.81761838053143
2449,69.02422986529128,16.8730272300914,165.02030322807187
2450,55.73192642923798,14.661526435890243,157.0350736307567
2451,112.02341797588583,29.89364357806191,222.54102156386264
2452,138.63563399900866,38.17072323587281,242.2820261238074
2453,123.61632803891253,36.38413227536527,241.0871177282272
2454,69.60170716024878,18.68960061079198,162.05846075241905
2455,126.59744158357104,32.575385001063864,236.3424421182745
2456,81.8355485892219,20.60691489184985,174.6988905856739
2457,65.8148052873846,14.674330779999497,151.2604806019646
2458,136.33135123221953,36.30882677980487,257.54851162523977
2459,66.64645366802512,17.34713938432227,157.03016273355587
2460,65.66599635135181,16.92714924504365,156.90617319610638
2461,133.80526190866445,36.224341911372726,260.80560734934653
2462,138.42376311915527,37.09619859008771,238.8710339414126
2463,130.84843680949334,34.89528539559814,240.23716858067135
2464,113.33825054718709,30.863758971683726,228.81320394073825
2465,109.8716375201788,30.322932568260423,220.36516394294432
2466,93.13474245258011,22.507121631218908,187.39351917491112
2467,62.818574815201394,14.852724664836375,135.17009386781913
2468,70.29915418050537,16.590720602179307,148.89183546387474
2469,63.06013021870087,19.04938886091137,148.0139842233148
2470,127.04502605021337,37.971616700114446,244.0084274232008
2471,103.07349221692373,25.40405650565948,200.46913508204392
2472,128.12325749742894,33.84255578551288,229.00436385079135
2473,142.03046857806683,38.82899775242523,250.4086779890109
2474,83.7688043239212,21.80682370673802,161.42571319003721
2475,139.67017692372337,37.826413187653294,251.40149936077466
2476,141.4195403374379,39.03178623175835,251.73073839578888
2477,78.34244649681047,19.913160744337855,177.785716806844
2478,88.46199486953059,22.761644529252326,188.16264793135366
2479,67.94280250346755,19.781882433948415,157.5364323863336
2480,89.04958255596033,24.304767950539727,179.55756035232704
2481,95.51256088523296,23.952813734701706,179.52668160383834
2482,145.06084496944814,39.26819991601767,247.76933923719486
2483,134.06844322892294,38.892384261223434,254.36208711094918
2484,71.61898149672759,17.692601662939236,170.49571064448102
2485,56.97016730743329,15.513987921871857,138.45363308735043
2486,138.14154356868258,38.346077919823834,254.1604672691124
2487,62.106883475969006,17.587625630772965,138.16637494856943
2488,133.43357135477052,38.39611864140952,253.26558525425216
2489,135.25923507454746,36.527616277845915,240.07331263525091
2490,69.36318560904196,14.670708390744739,150.272146815003
2491,86.36931921709926,22.59099769847678,189.72479631266768
2492,97.4452645677155,23.721717662358106,178.7093724658726
2493,87.9044584620903,23.350585157713603,187.92368429426068
2494,68.03791586809223,21.007401195396906,162.4171405854789
2495,125.34423437838981,36.55419368813428,226.9204143067589
2496,62.86390770144183,17.175428985380584,140.88225968745294
2497,139.44710216233744,35.56403338724564,251.42891506042875
2498,136.6013984610365,37.23691735792914,257.3310011546195
2499,134.5568951746043,36.360044305500836,245.0078534222109
2500,68.75297868505355,18.22693118904184,147.11429348233816
2501,79.82608832057038,19.062541995176236,175.83734001606373
2502,83.69230649654676,23.964577608617407,157.83283433043505
2503,134.26127851898426,37.805091419515925,255.13601901288303
2504,142.28161771535613,37.25105846172945,252.07410336383802
2505,94.72062149816564,23.896380950714924,193.67641650341153
2506,67.71805343350634,19.9117766570341,158.53970914971714
2507,135.22499354758156,36.63139444723525,252.11368392846686
2508,60.871975869721446,14.845019817697022,154.55847756531045
2509,139.93570971217034,38.19012413940119,259.31886199739574
2510,133.02524659420055,35.11871902980295,240.28839523651843
2511,59.57553588199263,17.582529427041624,157.501277270462
2512,140.18817920018907,37.39963137420512,248.97203925282176
2513,70.9812931788964,15.603925560935544,150.07220448920825
2514,133.75155497843124,33.668769872035156,253.37036717687656
2515,131.89595410825743,36.10138434341075,245.71292871952895
2516,141.42727120988857,35.3198206574479,250.48442875953359
2517,70.3549407669416,15.876069607178257,169.6702642686519
2518,64.94087662865131,13.293901944583707,146.07649698368422
2519,74.22386718470625,19.370851838505473,176.87550045702116
2520,94.35352861045585,24.26245177294602,186.69299917885596
2521,86.00333209330651,21.823326975939263,184.48700358028742
2522,74.57981529161476,18.055587765169896,157.31819633555548
2523,90.26372112815439,23.831488944496456,182.23839436019009
2524,57.76327851491241,15.601880458719315,147.54974596109602
2525,88.73496347364078,22.726055750719972,188.17976500897532
2526,88.32618238383937,23.34570761396438,204.26421472513178
2527,93.32528362892852,22.472729672946755,179.53438427815
2528,142.81418056410854,38.7105585689354,249.26713674998592
2529,63.386109193398326,15.600969889821899,151.79144001238907
2530,136.41399868405728,37.900129851880855,257.1505486157283
2531,73.23944417910734,18.0985508181201,156.6336246166236
2532,87.38900302766014,21.337327431941404,190.1008919447191
2533,81.47526100000536,21.639982190049142,188.495057105018
2534,65.08498104318505,14.14234636397997,157.04624582749466
2535,84.56925076294998,20.28949097448557,165.33927252189113
2536,144.4773108597556,38.87162796621827,250.78889694445405
2537,93.87602905121274,21.354946153214758,192.41645373619113
2538,74.82590553501086,17.399315359146893,140.6942008110824
2539,90.39194160027762,23.4480064919687,186.3693603017438
2540,74.39298788306839,19.535033153064536,163.0011287978365
2541,129.91894612995,32.5265602871776,217.25353658988453
2542,88.01880800685355,22.726126551413124,167.15440462078348
2543,136.88542860239758,39.56545533164992,250.73013421375867
2544,133.00028552136996,35.57155663172701,231.07455910106708
2545,65.68970477223746,17.73841476468079,154.2109309641036
2546,60.51587272798895,15.525284009762368,152.63881468080714
2547,77.76221207861158,18.91883964524623,173.8373626048184
2548,72.12487708459749,15.359375726558318,152.22856925592956
2549,63.96066130561781,15.017984207938111,169.10970850561498
2550,67.2461879758888,20.03107230742682,157.66293376740933
2551,89.65175691593522,21.200550484532673,181.5270257528061
2552,86.14721561114483,20.997046792632222,169.455110738522
2553,86.96911386914617,22.060045107087213,199.26655388864376
2554,132.27378038781706,37.153361425161144,259.4482895687035
2555,76.36447066491176,20.439322267255708,157.1076968005172
2556,135.84473635026987,39.63144149083761,252.38118890873344
2557,129.58600576978446,32.9068822169203,231.03072751758887
2558,91.62038561812689,24.72222840889908,176.68303920418148
2559,77.4747204204369,20.483850032221095,191.84835977004076
2560,59.43181807665717,15.709521692207844,137.0779754400206
2561,79.18711386048629,20.303010935381867,174.56177592871109
2562,91.00546950373077,20.062893507993657,171.11829921988348
2563,73.12598042571348,19.384000172837634,163.11699538779098
2564,74.5281910674716,18.93026215656517,169.62433395230946
2565,60.992052281571915,14.981310914734598,136.40794770755775
2566,94.7328705936259,24.664534757067976,183.31062015725368
2567,117.81529397260819,33.050051472269566,229.28234044247833
2568,92.10515667542082,22.90788151838372,192.90728246052134
2569,88.77226795373362,21.41353007426515,180.62472028471294
2570,137.31508332773308,38.50368654316457,249.2064647696303
2571,59.83963204298411,13.5080292730807,168.40669227613728
2572,133.16531867272087,37.817405312358666,249.82476594062385
2573,100.11654620404504,27.12033048058071,198.32581164360235
2574,61.821312565845254,16.12543161289982,156.09068618259198
2575,104.30604183987332,29.98290573653135,202.52165381794083
2576,109.74055082422818,30.97069985435131,220.32011641147548
2577,139.46915048978607,38.507888583145025,252.76696763156173
2578,129.04157321309964,36.02307394843783,229.70594322703553
2579,74.93138490847797,19.312998251534854,162.3189048301887
2580,132.45709241777865,36.71623825886238,245.99449961592208
2581,76.34644581596216,17.94851635363239,171.76641265679675
2582,118.77262188870709,33.575342439240565,228.06599227532
2583,60.76275410285521,12.351441261079142,152.45861287619547
2584,70.52644695013949,18.039589942777436,163.94370458782475
2585,127.17162619861432,35.284467962337125,243.65954693968953
2586,131.52258786754405,35.27997627677511,235.63443599409732
2587,84.8816229528161,22.18129471058714,184.35130662811773
2588,77.18321099913406,19.675004796796134,181.6649249697878
2589,103.34805603955822,30.573237066667634,211.79123536937303
2590,70.40706167520337,19.271091118230704,173.52507284188835
2591,92.11653377762386,21.396603226648992,177.57769437694535
2592,75.1831380850193,18.85910533923958,187.04258283085684
2593,130.23304912402944,35.843703550073904,227.02845766355242
2594,108.47304336895884,29.257873918730564,220.30257328417972
2595,78.01272592789758,20.000846203983897,182.96274307552918
2596,79.3963636684068,21.887500300577525,187.2006919541527
2597,90.62026057304875,22.520442547366624,194.05393034953812
2598,57.29618079673889,13.127172411075884,142.65709964379144
2599,107.83510984051908,27.9020465196221,200.36097527060613
2600,77.82631230293751,20.03250764106279,161.42838703524185
2601,122.62903239058697,33.8747809366273,219.6284159991549
2602,82.49784398684282,18.688994039175824,171.70515372191116
2603,74.8944731495006,18.355326793716575,157.33090787636365
2604,95.66662567082403,20.857267489714413,177.57654189884235
2605,69.05799443861018,17.362804925006206,160.42778412868063
2606,130.0677839442536,35.10451156212945,226.49385236239138
2607,88.49034416926087,21.845833607780744,176.20655717105146
2608,77.55984065647901,19.485679686262106,170.86541954390825
2609,91.56777560997877,22.915262295484712,199.78675732313033
2610,73.94232042728179,17.93908935258034,164.90563721182906
2611,138.2957912079202,38.68421837911788,252.00317539367003
2612,65.32294913787253,18.397562273000023,155.13546018484809
2613,95.97683989708564,23.068462329401886,182.69334019479493
2614,76.87460217944005,20.728518076063263,183.05287374331823
2615,95.18443717122783,27.445704729026215,193.18744230313362
2616,79.3092485427186,17.844076971383107,174.83661837574422
2617,64.16016226011946,15.810568963010793,154.50640456931765
2618,81.30646097971997,20.576123677124396,177.55115031414633
2619,141.06417172952078,39.020260019665606,259.2946129398767
2620,94.80886570814299,24.697460382833523,189.53779584002714
2621,78.71527239709388,20.21973980645033,176.15805493135045
2622,135.3450480440365,39.0455867647697,261.03558002786
2623,71.83405621205178,17.160019243789808,147.02881596767853
2624,131.03222492939858,34.39131440118725,270.32224774244236
2625,60.74127444949867,15.110037789408446,145.5402179474216
2626,138.5175052721057,37.25193585672047,240.4118843390771
2627,69.06189183827372,17.534529182288704,170.7888105439653
2628,97.03292301738287,21.166922211202223,181.1039840821102
2629,70.75311004745917,16.66629100029338,156.21972573390295
2630,59.9908604616428,14.826446664236869,153.04909905552805
2631,122.68791999421836,32.78429897018118,227.43339199080168
2632,90.30838310850694,23.985428964026543,192.8225078637862
2633,85.3662060338086,22.04728067363455,188.58465992036398
2634,65.84657471412798,15.849960394537144,149.44811320676527
2635,87.52965078020242,19.777026214957363,179.44943603428263
2636,88.95959577413556,21.96347264407102,172.84308262354094
2637,137.87632582543526,38.795246205841586,253.52012020142132
2638,86.53956790209557,21.958248234470677,189.50333763111357
2639,142.0675735405783,36.791046652066505,247.8465612623578
2640,76.58318849041959,19.661158980089066,182.83646203367684
2641,115.62527771417818,32.25424482641113,228.441660019218
2642,83.66713821366697,21.539886949914855,190.1376094683383
2643,93.23234381041695,23.11203788366471,176.66532218658537
2644,119.67266895664767,32.5157138674811,217.77307114847562
2645,73.91808046373886,17.39441184218536,170.62083912846933
2646,60.29687568946892,15.383006545886312,145.37822158965238
2647,137.15830988237636,37.54332824897296,243.69105530529703
2648,61.50070388385412,15.314856686944287,142.30412353438624
2649,65.27573455960511,15.732648935865791,158.71379452011965
2650,61.542486347636434,15.799373135706963,144.5870350944907
2651,108.71175920735038,27.261995559345152,196.48531116641297
2652,61.70692290567674,15.164191612532845,150.31724811517606
2653,61.103440791486825,15.497906097830425,130.94022342706845
2654,83.11416477531232,21.24781311691655,183.8851285960041
2655,81.34903889803813,20.87224856415691,179.63259637782923
2656,63.3672554200485,16.06274669082985,161.8429919848621
2657,82.52634994578598,22.05109394075426,180.80221040741313
2658,140.41484602096259,37.72548804532604,248.65157418994343
2659,100.31042989612057,24.685384643155952,197.61560109153731
2660,128.68503086145287,37.8085154278407,252.08704020575846
2661,62.71044076326205,16.25858602888845,155.48004699985174
2662,142.57628272424463,38.89961326044628,258.3870899002288
2663,120.71647646170628,32.81485534380082,227.686685201879
2664,79.5717833353227,22.734871536656463,175.49258936883217
2665,125.51897653865713,33.26214923176037,240.91908485838303
2666,95.34270013064808,25.254748473246597,183.35637577782097
2667,68.32705064395755,16.52320850955825,152.9378308454338
2668,127.61949973935974,36.019982746739494,247.84617996886303
2669,90.85643032548488,25.40031634141504,194.39883753336602
2670,104.84677156325809,26.631894063843067,213.20795924041676
2671,137.015553998931,38.31519887543265,249.2269021991997
2672,59.19431590935556,13.998281052543312,133.39106626742944
2673,85.17005569068165,22.936413460447124,189.41563817930032
2674,95.63904230720205,22.329946456273344,192.35072374023144
2675,133.09284541396735,36.59942534223151,250.92507745113758
2676,80.77595617380814,21.71428327480247,167.6819915521119
2677,54.53461004624916,12.852924937936473,160.3566262846111
2678,78.02228705182087,20.357737019491932,172.23376654108782
2679,69.43086933258633,16.937128190299145,150.42267984854865
2680,133.45951718874983,35.93070716658881,250.00254713656594
2681,87.14460300486583,25.945641672668298,191.395729775334
2682,131.55381023014075,36.47864903334533,248.31076231064267
2683,67.21693520931821,16.572623636498047,152.35199943718393
2684,58.36908709208196,15.10393879775676,153.6258549579386
2685,65.74168966101054,16.13368407612904,156.5606559076039
2686,62.28916156080816,17.164971965145853,144.67881876140734
2687,68.04845859385792,16.81683603628349,168.8446038622026
2688,63.154782744152605,14.956850463028077,151.08400708701234
2689,69.89599352706362,14.845122483988874,159.1224155579046
2690,58.284690649112214,16.3632257559325,139.4543869041484
2691,125.28959791626288,30.980374977432657,225.5250746190189
2692,133.05868773622632,34.84967690020877,233.24753105036913
2693,72.78862293197263,18.095629244045288,160.38090392868637
2694,64.20746448857624,15.642423777670265,143.439250223043
2695,142.19877190169453,36.28118649560451,251.51804231977334
2696,90.82617110133212,23.931030918129974,190.35004770470422
2697,85.73125196434712,23.855356927721264,182.716406712521
2698,95.78073547823088,24.039513937268165,174.88409933552663
2699,82.85618610713256,21.127994294867865,195.40314672612223
2700,78.34526388589326,20.36293983069965,182.52374935251495
2701,126.29079634958265,32.43798573065491,214.93687236626138
2702,139.32814962821976,38.37430690845148,266.74263625496894
2703,67.41724492933974,14.542603840248253,151.73261334651184
2704,76.640035734591,20.12809206046654,169.41022083294243
2705,90.41988387463626,23.957436872354062,186.14333665177307
2706,95.80874085652154,26.111074213799778,200.17297480317492
2707,69.14928878826528,17.931207879925463,155.82191444898444
2708,96.3777787431069,27.73181981140275,201.86551979334317
2709,63.42198306112831,15.2973807960495,157.04353506044586
2710,80.83322171922237,20.295255608196268,173.46807392109997
2711,68.49502133934213,17.999357301360007,162.71499812162634
2712,129.02286413723402,35.7251242655306,241.53907766790994
2713,59.810880383642775,15.441188178966287,159.12749999769318
2714,54.83714552187113,15.52574919187415,149.8593310853786
2715,72.61516804284086,20.010316920840385,156.97078814534436
2716,93.6085734738192,23.696614990360803,183.9562930634349
2717,139.02828477442498,35.913681690897896,237.49138501651763
2718,131.80826571639122,35.816740360493434,257.5219347571312
2719,143.30405391391977,36.36705259299456,263.4805136074535
2720,89.40566563245498,21.27762796784153,173.94769828482882
2721,140.04531159852326,39.89760159851773,259.49378889920433
2722,81.23519615819173,21.44076628076103,198.62076935196367
2723,79.61039271352817,20.461160731152102,172.39616648868716
2724,70.17318572275018,15.243670972505361,147.40958071722022
2725,62.5677682132573,15.549115974749329,147.85643401204555
2726,94.61904806632347,25.43538200807293,209.86543156899145
2727,59.688378402228764,15.525712180835274,143.8106790487541
2728,94.37955701033799,23.204466801634897,186.16005362334826
2729,98.67744417299329,24.274046414936546,207.49039456848223
2730,56.14582437815185,13.537182914812762,149.01751128902194
2731,81.41058056109601,21.306442793159636,173.92574232366283
2732,61.846413339040204,14.81256064775563,142.17411232003184
2733,74.344205129186,18.92143400864497,174.54172090618036
2734,135.34822783890226,39.238571176848446,261.7178714071782
2735,137.850322247902,38.25722752572326,251.5252662350951
2736,87.31113507454494,24.952854390369605,205.49111513574778
2737,142.58864854016332,37.97033515098834,240.49835556896218
2738,124.84599501738954,33.35799625143708,244.18855306711617
2739,136.5676030358255,34.52711869045883,227.07669942194454
2740,64.05028389329124,16.886018621788878,151.60005864012814
2741,63.95250228453097,16.17802064274501,150.3823369650386
2742,103.40322118281492,24.563187945229966,199.68188960980441
2743,112.7218196910927,32.209082223183366,227.90158178799862
2744,74.10641766531207,17.638800400204264,174.02114825007746
2745,121.74230465643365,32.17675855248681,227.9751731687309
2746,83.37950524657889,21.625058326322435,192.85853611467832
2747,133.11712074548453,35.295275127884885,244.15835709114137
2748,77.09170885825692,18.132451602076667,165.38550225840535
2749,77.21230082184964,21.386736435981835,187.1028445074891
2750,121.31329887694879,33.252052629944366,246.7628087239223
2751,62.06823926598843,15.264504286687318,146.67505596373482
2752,94.69825302949785,24.170866496784104,201.48145286070837
2753,91.98584057253291,22.16047278649639,208.31855802603846
2754,73.50239517074289,19.08900102722082,171.62048007153194
2755,141.99651339259992,39.38735570494423,251.4776392309104
2756,98.02267219605164,22.395497755168808,191.28379483376645
2757,67.79957261911191,17.117118129887743,162.4277297332682
2758,130.53672948658723,35.06231854476582,244.06822102412352
2759,79.9290853043327,21.92673772573899,188.0908865281087
2760,74.78319456414015,18.00516882153492,158.666531365993
2761,75.58265607811951,20.091301748473267,170.45294212852377
2762,89.71961743213465,20.10331247448812,175.4516910723999
2763,117.83106936077372,31.746112184370052,217.87233159102132
2764,65.03163657163971,17.11607858485879,164.8535054497943
2765,71.85021918796515,17.044410962809398,158.17694332671635
2766,139.63424091419503,38.77066958265686,245.15174414887946
2767,125.82844542657422,35.81732573065552,254.2202917003497
2768,99.25597245937884,25.09442488271669,192.22735399157116
2769,65.15961649546612,16.48333094402248,156.26488405042736
2770,82.61120697591288,20.979946563467465,178.0637489524114
2771,70.65414930360541,17.70138952032032,173.49206851929432
2772,94.81443026770835,25.46278450065223,218.8363621023909
2773,69.26335635759384,18.850915359392282,183.23223658536966
2774,58.3087119466829,15.305904843285381,128.53821897309945
2775,137.56210300448592,37.55190634709178,253.17772012883967
2776,70.93119094850609,15.791787779368905,146.89385315716748
2777,80.26954031708412,19.376178287460185,178.86805013731814
2778,80.86294215473414,18.48892667255433,163.94934969638365
2779,51.17654124658921,14.421522157156872,144.6598897439455
2780,94.69338485190316,27.958501637495473,220.62642226450058
2781,71.15976894268441,18.126663882710925,156.7285357122507
2782,134.67677981975794,39.18485547319289,266.34326494301393
2783,132.45653237820065,36.56846060103867,248.62258973338092
2784,81.4487726925256,20.834619262877514,180.0533880175917
2785,136.20897510449763,35.46596551313913,251.65044206227654
2786,91.05942568469236,23.531422420061812,190.53739227881616
2787,135.47136176750897,38.18648231048632,255.9513526030648
2788,105.4925987566517,25.581583321197076,192.18786195787507
2789,141.50704297026337,39.775055201457825,235.82184157479315
2790,133.7679631178502,34.44741744522418,246.1432408303333
2791,83.22117157131613,20.785407102148362,179.44128979362725
2792,136.15034821547007,37.352574856130154,248.84641912475314
2793,130.18763393823713,33.99050707019537,246.9376754520829
2794,79.76044400142189,22.95205876952625,199.7500483694682
2795,67.61976466484948,16.740087324291995,139.51297192991527
2796,134.79595674834295,38.8028958547824,245.10534967835176
2797,73.46014618900743,19.222741399903466,167.74580696594322
2798,124.60460145582563,34.127966520553464,234.9905077843943
2799,140.59557983319812,39.516173924760096,251.78390022692045
2800,94.51452095928403,23.386233689830103,192.64743406505838
2801,80.95125612855736,21.638862237726986,174.90064561837025
2802,136.56673094464745,36.99194726152393,256.8985364742463
2803,119.16251566021789,31.25321839435825,227.6307754990944
2804,136.75092868938535,37.65065546917996,253.46263742352662
2805,134.54154823070786,37.12301858091407,250.02090369068722
2806,133.87977870572843,39.146648805166826,269.6392517409597
2807,90.52540599404261,23.695169929046596,171.62253648626606
2808,76.81153233370789,18.333032344626563,166.92826187484343
2809,59.75024812631295,15.782706283143273,147.14558292048508
2810,79.88597912720878,22.2826184876053,179.93843483464985
2811,82.47375862100674,19.625764491698046,179.51351969599452
2812,129.57013594269307,34.05498520703994,243.230650341828
2813,85.50407273323381,26.12315320080627,180.14916394791376
2814,63.006841118330904,16.02374425656091,149.37789570506342
2815,136.297742307981,35.81099868275843,245.0870336017937
2816,84.4566990238762,21.319282727287103,200.47406785557084
2817,62.17658458547982,14.193882860093177,146.6577181454011
2818,71.45096624089066,17.281217361268364,170.87904626748968
2819,69.69004202753705,17.446849143585855,155.611578249899
2820,59.29325402405756,13.589442729961954,132.24389707646984
2821,140.35026831130887,37.97361845539488,266.87075314564805
2822,110.86523039895168,30.612709156210638,208.1342958984658
2823,129.33582821578491,37.99202804693018,246.08816094362206
2824,98.20515134019298,25.155252113545966,190.59638413293953
2825,96.31894075083103,22.06363046023431,191.84002752173532
2826,136.91088480899126,37.092861656184155,239.3703395891014
2827,86.58352895871151,19.655327588882127,198.47338382993783
2828,70.99291098321716,18.477456960543226,164.04170232013053
2829,60.8119573984177,15.92887663035084,151.1660891194945
2830,69.0634528076206,17.38666768764951,163.92838532610506
2831,71.19464753724613,18.93752637484461,160.49046785346385
2832,94.25418318077935,21.884588503972257,177.01452962577005
2833,69.70481164026309,18.271446206453962,160.2487045494623
2834,84.37439164206042,23.051117669212513,204.0268140787401
2835,60.63965834145011,14.357389951674053,138.93583387418195
2836,137.9448069274969,38.18489791464688,257.2034268666379
2837,140.4461222730246,38.22143870001678,259.2978971708165
2838,74.88683791120324,20.051285014800694,163.71871679976317
2839,76.10892423801069,21.935218611160327,174.3133143880299
2840,56.55906162908425,14.317740618589927,157.42959777794113
2841,63.38934648879171,15.182122742709776,152.20949939890411
2842,78.05801962524222,17.700901775970454,175.49839072552095
2843,132.17697808579587,35.61871042722469,248.38864876878094
2844,140.28656274536058,38.92433706021466,245.83202355358472
2845,140.15843330734805,34.80802822679873,245.70185499329008
2846,65.08572796675152,15.712058555068902,151.60394637008835
2847,77.97647183178007,20.119008612187894,181.87197475823976
2848,87.76323775625427,21.68358267081079,190.566062810717
2849,131.34572046150265,35.13436613012902,238.59167286649102
2850,60.40942570891884,15.939664400599385,144.49468556888576
2851,113.43899356335588,28.85702832444552,204.62927800349897
2852,94.79019541459608,22.959390313242917,192.55387603134184
2853,90.95397076106845,24.955319489524157,193.06769747126722
2854,139.00001764015525,38.16261405662922,244.417027668684
2855,67.47059699594084,16.8691880200717,163.80728646176357
2856,62.165525947465035,18.620995067617717,148.7529552743396
2857,99.55482308543382,22.147838233594992,195.0598367867074
2858,80.0279573786858,21.29524748673563,184.5440506417638
2859,70.48142290829901,14.3690165449384,160.04722596477674
2860,123.96247636016291,33.40951513421294,226.59269919443292
2861,138.92486816404644,36.50314690073305,247.8880782958701
2862,99.46400659293779,22.070221362722073,186.51946479225447
2863,136.47720398915126,38.48467976369473,250.66801482349968
2864,122.02536002771339,33.85514558494737,231.89513251174301
2865,60.33409726798947,15.499997260890003,142.84264930786563
2866,135.05147770838144,34.782053339549826,235.79320949106963
2867,132.504328030593,36.32298529353848,257.88204191852986
2868,82.92222792649191,21.848576623175106,175.06585850152746
2869,125.18164419410736,33.83386589706482,231.37525688047293
2870,65.62269438477081,15.508720854213566,140.57025130803046
2871,136.76952521759424,36.22715825067353,235.64407974639676
2872,136.797590761141,35.1277199628693,247.91600139785277
2873,114.33290839979192,29.684046583011163,229.49879290847122
2874,62.995368173990556,16.104229030520433,154.52498062660598
2875,104.39132049141928,27.40403301353168,204.53411934777523
2876,67.25017474906059,15.594744506625274,149.38042083349902
2877,58.73610487894592,14.001111213090477,145.88791307273968
2878,89.03583645618004,22.262514951706358,202.71503437870948
2879,122.18468664957153,30.87743566076352,227.94384359224304
2880,92.07597187150026,23.16616400218896,189.9603638401229
2881,64.25859382554752,17.19393899423619,167.19951197490198
2882,138.32288606789868,36.936020288845775,246.40470332480558
2883,90.27765116215402,20.843723853834806,175.50746989193303
2884,74.65384794208067,17.403426321768052,156.90887681021505
2885,60.0916636815195,19.751162929474575,166.30584439569722
2886,134.9532699190073,38.27403259437755,261.82238007528036
2887,60.73650713568998,17.242923030905814,165.553440318797
2888,75.3567944910584,17.529459043627675,143.22584425089607
2889,87.52471584691553,22.83250591660342,185.87710876609154
2890,138.34292773743252,34.23902818259007,230.44928999105574
2891,69.75161719674577,20.17269530277922,139.64920901290841
2892,99.63367444416501,23.68678540209382,204.61912083658493
2893,90.80947107286609,19.61431713295502,173.64929228156495
2894,113.376999358969,31.26333947964786,217.79907944960408
2895,68.3496024092268,14.921579721906925,155.4907193299012
2896,140.83253599071642,38.482354809104386,260.2712188054134
2897,133.69663239560717,35.05786605873821,236.41585021807714
2898,119.45967351358571,31.7078276954265,211.77056987361047
2899,55.86057125235279,14.768473584347111,132.75606675834567
2900,79.28925633596931,21.52919243331203,177.90533549784772
2901,78.24112209614655,21.967685233093295,165.52262237607982
2902,91.731008441212,22.385666336891486,175.6449062039605
2903,75.92174877862091,17.94220231375269,172.81311545315648
2904,58.83539543597015,12.428045716863569,150.58282283590253
2905,125.41728014409142,34.24683842572008,227.76028061256665
2906,68.56163537505704,16.045859524902838,167.7911630538915
2907,144.61794576653995,39.45411791421839,271.2171676803776
2908,88.65512894857468,23.59154772164347,176.37290442211693
2909,101.15102517305466,30.01526853621522,214.3942257939148
2910,84.91275995979656,23.24260933785425,198.58164193879637
2911,91.64323195923005,22.30390441188814,181.7602289765463
2912,62.13015154192674,17.662596599098276,154.77909101405015
2913,77.6242248757293,21.054264595975813,181.01365506805715
2914,143.14173584602852,40.15157418046474,256.32773770789726
2915,81.19645364238941,22.84827374247487,183.11591118148496
2916,86.0051667251743,21.892455654345472,194.94235026242617
2917,80.44020229631812,24.03893536599059,187.5015685860062
2918,140.7053216399885,37.248273174238314,258.6943636920298
2919,62.27347029325855,16.920818581813652,159.92822297955834
2920,89.65936592279472,22.820285996812338,188.9225813752253
2921,89.76973944751508,23.05023264197362,205.38890250319545
2922,88.45099216462816,22.34768089529771,173.26000299287202
2923,68.11273518713712,17.90262580316662,153.4631188613396
2924,75.68543370535998,20.21029612071116,169.33368339320558
2925,56.34663773731629,14.266933268560537,156.71017122791622
2926,141.2965188871379,37.37520598496069,253.2708246384223
2927,92.9106901189124,21.2779000571601,170.29740547968817
2928,135.04151245843352,36.755934456404155,253.2395949294669
2929,81.24088408627634,19.10368453277621,173.5460618777089
2930,61.39877648007424,17.132679331594407,151.2934246531234
2931,109.91224052540268,29.3845265917066,249.20505022435222
2932,93.36057175167062,24.380557669463375,185.64041645099965
2933,65.08463210380617,18.75545160360576,156.55605067908797
2934,131.72678948981596,34.619380024658405,228.3370570030909
2935,85.65590283420609,23.10620718250382,183.1815302163242
2936,69.26934218313208,18.258024757580383,160.44435515344477
2937,74.35134184725938,21.787734938901377,168.73527314285158
2938,132.21884654097684,34.867952754874615,236.87622888188983
2939,135.21361028109632,37.12354767742371,260.1886342205626
2940,81.82887587300515,19.020340178100984,153.31682980848305
2941,124.01665602092429,31.492900952401325,224.48940726957986
2942,132.64550775019111,36.69828397531105,232.88184630794993
2943,87.11488220978592,22.077181076793895,184.48656238953512
2944,93.8806772566053,24.578519490231795,203.87560138731456
2945,85.13268549356508,20.5622374284597,171.8099818388097
2946,74.6218926308316,18.361702490375787,164.13884217050347
2947,128.4935592144431,33.675458803066526,249.5329309629228
2948,63.613964950245844,16.68579766923902,160.95838734847277
2949,64.93414998717476,16.38834691511897,152.46516802665448
2950,146.47791101951603,38.547854446779816,264.8153372480852
2951,85.25953252362585,21.747439410778714,199.76559710608464
2952,87.48278492531527,19.624975986386254,187.39248762628281
2953,87.94942586149925,26.13199450659835,205.167236645481
2954,60.17301765899753,16.71400247971793,147.12330405357127
2955,143.3051558069242,41.15642072503123,250.1898774703191
2956,89.6642422664731,21.147035923057928,189.72247567874467
2957,88.55984793491969,21.516927041675334,181.76171175522373
2958,144.26382219043052,38.27993525450533,257.6155260098479
2959,104.5014006478266,27.535015796069732,210.43504055339255
2960,81.77628382139746,21.517810359280386,190.80218893760767
2961,99.38255292243916,24.658865530092445,191.73291853485014
2962,67.02350412433107,13.544737379035928,148.4359074677431
2963,65.21717761603446,16.21468574403254,155.96845905725948
2964,133.71173873543134,39.31810548908894,268.2417637531401
2965,141.3588173413198,38.17325056317207,256.7831917537949
2966,69.59501225972309,19.595420322398322,161.14083794934615
2967,80.3674665768895,20.33618447316066,178.04363795412596
2968,129.37417208422568,35.39619028299105,243.21995175712016
2969,142.40562139265737,34.269079640920694,247.136324058224
2970,69.44420282476942,18.073857905529515,162.2599065981414
2971,70.79877822962236,15.509175929492212,148.6713515999251
2972,80.79001332615287,20.810926932082932,173.82002895205179
2973,71.21518173953326,19.350270025135462,176.80541261377502
2974,80.5232246746274,20.543343997503364,175.68465275551503
2975,65.24541520365959,16.768671578084646,150.43745710223558
2976,82.95268052832502,23.347194784910396,202.05487006062992
2977,134.01251271516443,36.154978466592844,243.41585461776768
2978,75.11697306860314,21.815858010446714,186.91648298308527
2979,84.63699726582546,19.75703363160258,186.44071424143434
2980,131.8239350066512,35.86103977201845,260.4665269775477
2981,64.0291736911904,13.080767185836452,137.13537174717433
2982,96.90524902631324,24.89339732991922,203.1702666112288
2983,77.7375785925689,19.2157462736242,160.7285010258629
2984,75.17327610359166,20.311467187175744,167.78165300063043
2985,107.39931388105798,28.46068288797488,220.22034027320157
2986,141.80920900945702,37.964497588136034,264.2044920033659
2987,62.61713704739408,16.5100363500094,161.85974291322862
2988,66.28156387795089,14.33246146301718,154.39968830827084
2989,80.89719452886662,24.820619037068024,184.80265217215847
2990,141.95896008646082,38.385798451786364,254.028299921211
2991,95.94516557421163,26.970151503324637,196.63632264490596
2992,71.52611659882591,18.331777305784104,180.7283734770447
2993,115.52213762383697,32.433187552613134,235.55046664424464
2994,61.04860048281716,15.775267907792657,147.6072975581385
2995,82.60676304599933,21.56943468885012,165.28496358380374
2996,144.6940528416627,37.817504309010346,246.46289491404272
2997,64.13208183957592,16.07389126855602,158.74188786437034
2998,101.95415266392536,25.108116121916,190.94923018547004
2999,99.85152193217176,26.711495032403313,205.6931853735388
3000,139.60328849298085,39.216618403909635,257.2801306762205
3001,70.82526003742181,19.474271132680972,175.9529459153637
3002,85.46340737346237,21.00226664993963,182.24423067857245
3003,92.95191785705076,23.185084238137282,192.13205244543738
3004,132.33831759530784,37.40453557841969,225.5857388126915
3005,138.24379247486112,35.74109394687263,247.01788786328723
3006,141.0817595447805,35.3307127248964,260.6071639462248
3007,136.62752667827357,37.49387920986002,253.47038712092967
3008,85.48951908792363,21.812729066406956,161.63114139889126
3009,75.12067285532831,19.304288719228172,168.18568073709588
3010,80.33621987014514,19.404402606096244,172.7032256714626
3011,115.5459380269691,29.248966952600444,224.33953797559846
3012,97.39764757306914,24.3446614770805,185.98842529933904
3013,81.52427863675048,21.96843370135674,181.11713123470597
3014,65.17263560038192,17.904622508984712,165.45709394519244
3015,122.58559304413636,33.57764694175547,239.55364031799084
3016,58.145607763550466,15.086380547443069,145.40505123297456
3017,79.94772772716344,18.687647123793813,168.05289167474612
3018,58.313185720399495,14.055443289074883,152.1450109519273
3019,69.5762533046578,18.109317291466613,173.56116450731875
3020,83.11695213399432,22.766879796224565,184.95111196662907
3021,88.49005123358721,22.77748397875038,188.4748998984612
3022,65.18300452350134,13.67236310769526,144.36989101893388
3023,68.0105523934546,17.23195622635367,174.82030158650988
3024,65.38625505110188,16.874376398997544,152.46010571177302
3025,79.67436430129585,22.016263009636923,170.89983679969342
3026,71.68964963671553,17.8414849067621,165.23521165871202
3027,132.8396409984867,37.623642335604906,252.2528165990478
3028,126.28663022996884,38.98679245791955,234.45945186369914
3029,87.38184007509561,23.64629647164993,184.99316559526582
3030,135.6887000501512,36.79231054221858,233.87201891844856
3031,88.33795000431155,23.59466241146438,186.96223931758746
3032,55.81425267126347,15.525166037072532,140.8905184770475
3033,88.41541959954024,23.32581826032405,188.04876982485536
3034,66.28163534359021,16.49018504083862,142.72170429294385
3035,99.58788687367613,22.206988948308542,208.4498415811016
3036,121.48404077587149,32.11161245359013,226.67458245890484
3037,69.53112791668161,16.410095709268937,157.03611661985562
3038,137.77248265478707,36.397365490771755,258.31076808070014
3039,70.10887790529371,17.237043590526955,165.2878899100282
3040,132.20019289535125,34.3696078427484,230.59657683693487
3041,93.49630035203705,21.4956823411318,181.0950489706889
3042,136.04727976580438,39.38507626049138,266.9204380146306
3043,69.69362173005436,18.436886781659236,172.68279462588563
3044,64.89496554317478,16.00957647781455,145.50405339837917
3045,84.23153237547928,20.896443760720093,193.91498659960715
3046,92.67274318128257,24.087537123353982,188.54597163273112
3047,61.23885032843216,15.348297663527797,155.60806878718986
3048,61.923098113836595,16.01346504692891,141.7689662624641
3049,60.4268313326895,16.119742176586822,143.11699766607265
3050,91.11675784107207,23.097173282927084,183.12472314254083
3051,95.16606064088639,25.623544481960504,177.70689932491908
3052,61.39028211654372,15.282531769431388,154.70110626113134
3053,102.75246450081839,25.13434656116779,194.33175816686415
3054,120.77527278289772,28.606789410278,221.5598361385931
3055,136.06060475845445,37.646038782999135,247.17839885861943
3056,135.0389213206548,35.748648596219816,242.26459101925022
3057,126.90907472620164,36.0802365304706,245.56500527258143
3058,69.43244100871622,20.14567838727913,175.6746468754453
3059,59.736283045696545,15.086376564742025,150.87998898502659
3060,139.32057840170623,37.81470748939581,258.82821517394234
3061,90.86246954163481,24.87535470589003,179.42095682961943
3062,68.40649304298886,14.401720316523237,154.14504872499054
3063,116.3351434567153,29.804261845854562,238.2217656791861
3064,128.07315155276538,36.138132316400096,225.20131343899087
3065,128.99878786858426,34.44385372880821,237.3877855939214
3066,107.73542673974738,24.966870329940203,196.58031533417497
3067,75.10057643031796,18.195373687117243,178.7483266538477
3068,135.57460165393425,34.871079048479835,245.5551053070242
3069,99.72855603585204,30.700050854224035,208.00781777141444
3070,88.01824401976668,23.653170043141323,170.4974747155898
3071,97.6374249283602,26.125834963158365,195.7913707457813
3072,132.73599765841112,37.389491355854354,249.83726124192137
3073,81.51248004705062,22.649631338992613,180.2858466048671
3074,95.69177572788945,22.758244797098694,180.56443767209393
3075,121.46802150673516,33.13269540733308,232.53435663495063
3076,139.70165613105533,36.53478812818292,243.190518455918
3077,141.58657176090142,36.66824044624351,252.178584897727
3078,72.64238007638556,19.557264247469206,155.48767980307676
3079,73.55726578045494,17.71770384458893,144.1761189817092
3080,137.1977178610014,39.05490965983679,257.6077612903818
3081,110.42690138795602,29.98970699064893,210.6751313154309
3082,132.76300675175722,36.90636208783372,256.84170879220017
3083,99.64755764474124,25.61145545643209,209.86443274719628
3084,121.93467975023232,33.48827232321549,220.1715689112381
3085,77.16309732406138,18.55106497975836,177.49461837744812
3086,87.53716464714363,20.93371271389132,185.6213673249782
3087,65.59648817318036,15.795150799955254,157.00097267358254
3088,70.19278217325781,15.840344338436761,152.4381965984737
3089,109.49530425063789,28.317884546240496,224.90093818685517
3090,80.24984056472692,20.566499130339324,187.1376054813641
3091,61.155348142443636,13.413767580330207,155.94448592216335
3092,130.9705419395033,35.243043793825336,247.40570463818867
3093,69.22998453200456,19.23939000343857,157.67563003088597
3094,133.22167719855352,36.17698264270344,247.7174615931784
3095,97.67755228921834,22.830218802715258,181.97577166326852
3096,85.71206431339091,21.962299188772047,184.81713095893593
3097,136.0246466938054,38.00498081485289,248.94817660877405
3098,69.83674695221079,15.966925097954087,158.57187450389867
3099,73.71236919466273,18.280975301142785,162.99568295896663
3100,55.6972451382387,13.934035784969616,138.32678866298195
3101,72.14848272054682,19.611250183760305,179.8351535470385
3102,93.81650702775352,18.826147986955394,183.519842368391
3103,128.11759212591576,33.63050867654918,230.0417434524538
3104,58.863701992663565,13.135935476903327,153.96376866114866
3105,114.9652980498428,30.074424607602577,216.52395965758436
3106,77.97062677503737,18.941115170499554,172.0633345863152
3107,106.36075736962557,28.813538742853265,207.16829763650253
3108,74.46871828951221,21.301410486868843,161.97794431433852
3109,120.40031290070571,35.90167118291995,247.74672223176148
3110,127.3241378561532,36.57123041986937,245.14660722866887
3111,137.16595490058035,37.085440161326304,244.61456649641897
3112,98.00197829121387,26.40079179724476,194.8020824164265
3113,83.71109720730031,23.132283697529015,176.8976099538987
3114,69.60545294793259,18.130636024449306,170.92697114511685
3115,111.28736970100177,28.476277271971686,224.42566050629247
3116,140.4082055107713,40.640909937267274,254.6207164377183
3117,84.98631267655789,19.670263483594358,172.06902806453897
3118,70.70680887225701,17.147502867892253,167.91788297762594
3119,95.77491362744543,26.908664919580847,192.82925497392725
3120,90.12861862286172,23.53317632627787,208.34982575711282
3121,102.22816028000877,25.90800468223644,191.57907351310368
3122,96.66000859771775,21.859630999625043,183.31927696611248
3123,71.59170570717339,18.69907666197578,155.6143877257181
3124,57.591214600515805,13.099936996290818,143.13738806877708
3125,85.78522112881974,21.128124138602022,183.91335802559612
3126,126.5971891158528,35.15379963539734,238.57640342282548
3127,87.94216557947767,20.76438539606779,172.9011972276929
3128,55.77317951958304,15.009136451687416,167.48606025019276
3129,109.25622855667297,28.442784928427113,198.7169287178082
3130,132.03287600570573,34.85100255576648,234.55142454751555
3131,87.58476922288695,23.861164566482056,200.62766860456716
3132,83.12760872860223,21.424618009224066,181.86718532573278
3133,143.99801302369036,37.278283562360386,242.690606779609
3134,115.2430418673343,27.744885894384172,221.51287135367775
3135,85.45238072679983,22.006630203080675,190.87427818061045
3136,133.05460387757012,33.706604869110585,242.00826362610317
3137,84.64057238282116,21.164569152855375,179.2978574413681
3138,91.4904338780625,21.200805792214364,188.643329141833
3139,135.23910123858914,36.103795937241635,238.70941865615785
3140,67.04956754892748,18.372157766907574,163.12517273325383
3141,83.14687521417812,22.30483624085686,183.09893091665415
3142,137.26772026153336,39.454257529406725,261.4215856009901
3143,134.69039764483355,38.52826120354231,237.1117835803216
3144,129.45139318737435,33.67211530539863,230.7669682329835
3145,127.26386785027522,35.10537723776647,234.14980562676595
3146,52.66909463500959,16.496379394912854,136.92053742298478
3147,139.78298481854688,37.50748558659961,265.7671975543451
3148,89.77366330049112,23.52376106404927,173.1282323708638
3149,92.55503165982432,21.519208249521665,172.0552682517541
3150,64.12752901966556,15.223523418031634,153.91988849889051
3151,129.73982155312066,36.13413955595217,243.27373825943963
3152,121.7853834750136,31.941028082419212,229.64686486006363
3153,80.9117315830208,20.44835165052498,169.49465634836804
3154,63.96688873734909,16.318343379818092,137.63416526233564
3155,66.90407053906169,15.962316847412627,153.36187935214375
3156,102.21048746101053,28.01160365650558,208.04912537568177
3157,140.94499863196816,39.27165864062683,262.6197025062972
3158,76.85151517436772,18.887119902655222,160.81765080514012
3159,94.22220368716272,20.211853576180715,169.51566743244703
3160,124.51589657186683,34.13804998339983,238.5031890157546
3161,73.76771861143446,19.11204765658871,165.26580343590993
3162,72.9999720859088,20.30247361761045,151.02960771324626
3163,87.12723129895258,22.564265246263762,198.37310539736276
3164,65.6617754659388,15.568265311891418,161.09606027159865
3165,82.1393687654858,20.556119345786016,174.51737163855913
3166,63.44200003106956,15.834183243765528,162.19689063434598
3167,140.67949979062195,38.74026603136647,258.36329685856987
3168,64.80532865533483,17.418897397141933,156.5390001547773
3169,96.19844293259052,24.61385101629681,187.7067121823956
3170,54.63912048287901,16.308071269603943,134.87151708981426
3171,134.12728566791947,39.18079889962261,242.60790799120028
3172,107.6230223308082,23.603763110641733,212.46637923569787
3173,74.53731252012395,17.310010843528577,138.2227426886861
3174,61.649646573805974,16.888303845114923,163.4835456216376
3175,70.54721725733499,17.782831257274026,150.83379679725084
3176,96.73961691553832,26.045050099322168,191.87590037669904
3177,101.06172131205956,25.565882318526324,204.21601138464334
3178,140.99123271703112,38.61107577500605,255.23761912072575
3179,85.19785458044377,21.34102981487116,185.90218225717982
3180,77.50798633151315,19.51953373362601,197.2943911202859
3181,70.17567809890555,18.703124585852162,156.35781960760912
3182,109.50879184515126,29.023301879585716,224.9397656927609
3183,97.58231073653066,25.188801200297792,201.44347862700536
3184,96.89335882522101,25.934006263361248,195.59689108502388
3185,117.28121432188668,32.86663615028494,229.45565296724985
3186,127.87489332370164,33.23458116217498,224.7516302222641
3187,70.78374323907072,14.816075733299831,141.46232488917576
3188,63.475516905587405,16.060670490795577,140.45742255979417
3189,81.49452606454061,20.81607802042183,170.39471761181554
3190,95.2552354547879,26.350222657176573,218.13157634466847
3191,96.41434163865675,24.94451578836122,199.93443910077812
3192,135.83632593578338,40.51031346612544,262.5690708338423
3193,134.18879886633752,35.149178355341434,231.69429681707717
3194,99.77271693354096,28.431473708037355,201.94664152474527
3195,49.894450180470095,15.956349975301913,144.28376701003083
3196,57.841344377586026,14.524380616128276,153.25766837908708
3197,134.23002684901567,37.712433091532795,252.25266276848967
3198,136.46586067662048,40.0130180427869,247.37526245868332
3199,70.10598177380487,16.52776290466451,163.5009286511585
3200,53.12439777976707,15.878768514940866,152.70173691542894
3201,132.8624251092601,36.307985715382834,256.7017483901452
3202,59.561640576092266,14.7863946964707,165.41398678280953
3203,98.18248584333811,23.175424876144465,202.20548786047326
3204,141.8590379530131,39.44795107881985,247.1787425034578
3205,88.02376298341996,21.52586394503953,198.45079176550954
3206,139.91905059348605,37.57378306705791,250.01126498096866
3207,137.81205004212092,38.787352708360345,247.86104913960727
3208,94.41271437102245,21.620684515477297,184.02391575267737
3209,59.4524498356563,13.958122711611692,149.85688449991395
3210,130.71112483942264,35.76222781034817,236.68556906235924
3211,75.54736029391815,17.29868626608599,167.95737736091112
3212,71.78387691125762,20.298052611863046,158.17407708615988
3213,86.05735878502544,23.151969930664198,183.5591186613104
3214,85.09392960931312,22.169804160915728,180.3396891499894
3215,90.10074661764052,21.264769525784363,174.18554189347023
3216,79.88663752575671,20.63041103576332,160.18305395875086
3217,68.67640447584405,16.838942084811126,172.83237779907873
3218,70.15617043791214,15.849496220407785,151.9609451162551
3219,94.227364605048,23.690372460486312,191.88556538780705
3220,83.70605579084156,20.06860870012876,161.96886127839227
3221,123.8236788515954,34.59978300208847,219.33187059686767
3222,87.66502575492824,22.94143724765131,165.99888559930085
3223,61.017740865404456,16.734809718392174,167.29143424737347
3224,86.15010816123403,23.37793924905191,179.95171136356205
3225,69.4118985828383,16.047335481426227,169.891128053088
3226,136.26707489330815,40.213624513485335,252.80454749561852
3227,89.71280731764647,22.348003991897137,181.593516344775
3228,56.84565007255701,14.574934952203892,148.85068188277035
3229,74.66740080212845,18.817509887849084,165.17744120862338
3230,104.39574508021899,27.361931977787822,188.86160751687046
3231,120.90271627011361,29.112297367862435,229.58440152346301
3232,130.00304463922683,34.32873570375247,245.10074348706306
3233,94.4634578782872,25.45251654850145,198.67094449675997
3234,67.85279814559574,15.753953239342378,153.19271689940732
3235,58.24534675523933,14.209789753175302,157.62076954089744
3236,95.45726704790623,24.499460251113764,188.1826710538896
3237,89.73234778538912,21.745123272611057,177.05860045608932
3238,136.6918694039037,35.00204127678179,243.63506640823337
3239,128.60629333653048,31.385958578911993,228.2725891540148
3240,129.30031387111015,33.271138375791686,244.31223132124202
3241,63.05469492891507,15.024456779057415,152.27785161272382
3242,64.3812545895684,13.080796827111698,144.11388937729916
3243,108.20757655295304,26.143764090388427,218.91813742045684
3244,91.69292915595942,20.214741694179875,184.0393936164862
3245,77.66341516497506,20.236181607068485,173.72836758226205
3246,86.73792618522862,22.44888200359562,181.43294082366342
3247,65.85222039049467,16.50683443866695,145.24430310580667
3248,62.004517109608436,13.822789553416163,157.57402854606144
3249,144.28916275335834,37.273077232215535,245.1485357932983
3250,134.79062275959595,35.40509350391143,243.56676537168696
3251,131.62156528435955,34.90444021341634,232.39194733891975
3252,67.70865198908352,15.316926817090982,167.81251211664548
3253,111.142010944206,28.041547051208216,216.2200024914828
3254,90.3135442835831,21.376928209057976,174.5286004024482
3255,66.88883778534564,16.29603396278839,145.50590717506347
3256,74.72322657004976,19.126800471857745,151.27112994795945
3257,77.7496732724007,20.425912730722168,184.9278838140722
3258,96.83643049541574,26.340267636704805,205.36437590090478
3259,61.3278192505939,13.929193208543351,137.72653259979978
3260,133.86389589125284,37.481762465809446,246.12590728378714
3261,94.12578219504472,24.22210216218686,196.90111229212337
3262,72.15883071080866,17.696169670420975,159.17090775870494
3263,65.36769068502288,18.066467567328875,166.3882599256902
3264,65.99801218803206,16.235678542799068,152.32474760660088
3265,93.07541924645555,23.837079620723248,204.7955731971576
3266,77.76947278472828,20.396154017394547,168.91396059768869
3267,64.20047935895046,16.670035173014448,147.599768789439
3268,120.76866913466601,32.09486737031666,235.46080876091
3269,103.11985652113243,25.599046557614127,205.1319310687459
3270,86.96518581977189,21.506034334197324,157.4431979590512
3271,95.9381436189504,22.56727186405559,201.65015623054373
3272,67.71396934944597,15.71340607700578,141.9691125461251
3273,89.23344402942585,22.79258117855368,195.7358097676146
3274,124.75020773581947,31.128688708761164,229.0274479522435
3275,138.46244376273685,38.44496865997858,244.35814593424632
3276,83.68432910712872,22.731245977799574,186.54812105283813
3277,138.00756955306534,37.83698392225183,249.53815771202693
3278,60.632860216853665,14.953507422603101,153.75318331168512
3279,55.008471813508834,16.305313742891038,155.84468297305457
3280,90.87622881213888,22.568196136621207,179.5059902759511
3281,59.31694833628395,14.72108851400846,158.5093099707441
3282,98.28001618236632,24.92920558394648,206.64813673232203
3283,143.13959805498766,38.98152781718146,250.39881848201898
3284,133.48923938486126,37.71085860225486,252.10201233350648
3285,65.14510553933867,15.347997014006552,155.30950948852472
3286,67.61952237087019,17.572423650428934,163.33104379363152
3287,55.78309476508845,17.368592643146506,146.7020043748308
3288,85.67746907385806,18.80619475881036,180.00746540296203
3289,140.08430104948846,36.96658801086596,253.12974235915786
3290,95.00404824849191,21.756123530162395,183.4364601115559
3291,61.81816396633652,16.76848331904524,157.65972059665057
3292,145.8002417001484,40.926002906101765,253.7858362811023
3293,69.99957909420858,16.468823641885987,154.02930497046933
3294,128.59698902586746,36.81223257078883,258.54403058900436
3295,134.51920268061016,34.726269889435684,233.00799103117325
3296,70.72046179007499,16.1819901824949,146.12682404928344
3297,128.75056853911383,33.79178540081603,224.75599236740376
3298,71.6569045112944,19.527339740547752,165.99480322157697
3299,64.33747695960695,17.240993230120974,151.65730062663297
3300,88.21900691293608,19.378346664351323,190.99487432572192
3301,67.0829960554258,16.353761898908008,163.43903804421055
3302,137.6964798231751,38.41413679754154,257.6406908970617
3303,124.1072267329075,34.58327747966313,229.8899991017755
3304,90.72836001936845,23.02990778153522,179.7116838717545
3305,94.98983305471502,23.064462257657635,189.6222232409575
3306,61.08767935359341,14.515651511891077,149.99210688300352
3307,69.53466798721506,14.356302490450984,160.08448274651246
3308,83.24011375090349,20.127704981540646,165.4869709629913
3309,57.62755499242574,13.95701737811193,146.4172690527081
3310,60.45954720406903,15.878705505609693,146.47519762071067
3311,79.76581635894563,21.70388731465435,189.19737376711564
3312,121.50261660709333,36.00104597072321,224.74956483859458
3313,88.34082496540519,22.674191769734545,181.2729807275247
3314,76.52774481151918,18.671124374840215,164.75964426120763
3315,81.7422066512425,21.92907701923514,189.77545183232624
3316,86.02531526753275,22.11710269261874,181.3843413382774
3317,68.61189828762035,18.178749105336525,160.66928374171127
3318,67.55992390671155,16.946152958645964,157.1030762507871
3319,85.12597856759156,20.20838379980379,175.24545376014655
3320,91.37463056678875,22.551821992264504,185.1072119430864
3321,124.63170236010562,30.009231064460803,225.88578440800975
3322,74.2482506488587,18.4551097818952,174.6008672032123
3323,85.83904535431736,23.65505251840138,188.99502528257332
3324,127.92077508178613,33.91835045920963,242.82172586962776
3325,83.00403422315826,17.30310498580973,164.40337522769514
3326,80.18937586219094,20.409305726992095,181.75598830536833
3327,84.79117782518883,20.08253017642514,171.30013993515675
3328,133.7565689160874,32.32666402098714,224.08836863843484
3329,65.58284355425867,18.288837853153463,164.42091345922822
3330,71.92445297799976,21.634194517037205,174.54956180400725
3331,108.7641372197481,33.40207088971834,216.0766135253838
3332,82.78103957699807,20.947479356354144,188.91423075555997
3333,65.36522535698201,17.156217720640125,159.83029805861918
3334,92.61335400639338,24.86552398584494,191.2719160620928
3335,137.4131123376272,38.313437724631704,263.51935572368126
3336,88.76747473778119,23.206290494598395,162.5983005255043
3337,135.80999971989033,37.654682977465846,263.93277884487185
3338,83.86054104565564,19.57526325215697,195.78614372090595
3339,131.65948524075418,36.07346693414636,241.96930431018015
3340,127.57648827034627,32.78940815377847,230.47851840970813
3341,119.40510697407142,31.545501639100298,254.4163196486188
3342,124.73134811518149,34.996450193277205,230.07676621051831
3343,127.21662195023542,34.63411088630708,244.01834031030236
3344,82.90992963932298,19.952221767702884,178.992566003564
3345,80.35937643047775,20.468020763927466,158.89727733038367
3346,86.08150436685976,22.639985601464286,180.83593448004407
3347,89.83879230412866,26.094222267842728,195.48287460690142
3348,113.88680123599359,32.810017678663826,219.72735763463217
3349,103.49439288229499,27.466723405148862,197.38083226701846
3350,96.08601559534081,25.08641067512719,213.30078443438592
3351,119.79652508309321,30.294451400846764,232.95735629569518
3352,66.30840169253699,14.925476331900857,153.33352137040603
3353,138.033476110017,36.67934414174176,240.2831971559791
3354,59.680099810022476,16.119898052820005,161.77912611663058
3355,86.8353604851676,21.566706936758358,188.4714542152573
3356,73.76666029489597,19.070882314489612,163.0112735818232
3357,77.22254578135906,22.71443610042154,185.30221615891472
3358,56.716457202266646,14.9836828003411,141.85907370305165
3359,74.53884315051656,22.87024315964126,171.21792307869688
3360,134.03007038133404,35.84518754194884,248.1689518731112
3361,91.36529861081151,24.49165721275053,201.60864180875348
3362,89.04519195108756,21.384016104078032,176.84990592392725
3363,75.80985615731937,19.570887749697793,158.58521637861892
3364,89.98892003329529,22.780452970669057,197.51858399886257
3365,142.49841554887053,37.499125772640404,245.13886476791455
3366,125.36179488939163,33.22202968122584,222.5805504644089
3367,90.13782156101247,23.27255368316326,181.46755876506373
3368,93.21587018625043,24.339181769823572,186.9089541169263
3369,131.63390174486798,35.625129123512295,242.21996649044175
3370,89.43182149444945,25.93102420107207,198.6193558034623
3371,105.44498651162856,27.2850022301549,218.02312969806448
3372,127.59463460726651,33.7477559833787,226.525066463206
3373,89.51571823810464,22.876511388196334,198.23711331498566
3374,70.17390886303835,17.815614067572046,159.59111641907768
3375,83.60351938604016,20.349193941795253,162.59775195550174
3376,86.8774423238372,21.756374710077722,179.12965917319175
3377,85.86062823287867,21.441360129085442,177.81020767670134
3378,97.13631041538166,26.195497995525496,194.01128866007136
3379,71.84621605835251,18.960263512821285,165.3091530183971
3380,81.00427965227642,18.48555140026392,164.27405815829
3381,59.23029816122616,17.450775442369228,150.39314070985822
3382,61.855057411933494,16.18260479319618,152.82217498590998
3383,68.46480009183666,18.244537451144545,161.25770372135432
3384,98.19699603799313,24.2421536904862,191.07431738023925
3385,67.60073514932512,17.58881686146305,160.1470508501221
3386,138.88286835449182,38.194122723944766,247.35056346328096
3387,89.0963303972784,22.511104093298286,178.5370693607956
3388,133.28750238727295,38.529919545438354,262.1031914583669
3389,80.77401224582358,18.70292348437373,158.5264426926718
3390,83.0873231445749,18.701171599821922,185.81254688287672
3391,85.41230831496439,24.43181203487563,195.0609774431548
3392,135.164721311136,39.14852846518479,255.15681371565427
3393,140.0932963654167,39.901298337917154,267.1915063774134
3394,105.674178438737,29.676033323369474,206.53517548330703
3395,133.1983611776776,35.07998309496802,243.63041277852412
3396,132.00796886105667,35.769663037023655,251.0211532170569
3397,87.6396937285996,22.845774797452222,186.74118814186224
3398,137.25363149655288,37.95778534732337,249.76212559014448
3399,95.5135398842537,23.45240736755806,203.0007866114896
3400,106.96401046705476,27.873817713970578,214.71702003857737
3401,85.03211969055572,21.168164296490477,178.4672582674203
3402,62.35395356872311,16.139447082228,158.8613252415641
3403,138.47483006757793,36.90052209570431,241.98240202092293
3404,85.07425820657733,23.28578788264061,182.46647166352167
3405,83.59074729583425,22.23449948019724,194.33260775257676
3406,77.84132877611019,18.452731956488048,155.38642249869943
3407,143.0435987271919,39.42983132642228,235.44142703757828
3408,137.1424527538899,37.87987412973742,262.53894763046486
3409,93.33968942246334,23.619434002045036,191.35735631652832
3410,68.61636788149106,18.57355386056943,169.84504741083364
3411,64.78196886318392,17.467830718548207,151.07711908323913
3412,79.670905105806,18.507646275225152,160.46515081904747
3413,73.7021720043471,18.655420478542286,168.806013375569
3414,56.44472974376354,15.498177589065975,138.06971036694617
3415,84.2065513641583,21.369694043568256,185.04364425148512
3416,117.47409375459425,30.39615695790045,215.61610403752513
3417,89.43788821508768,22.050699503235315,186.48579092419155
3418,139.31608942183252,39.162256957430465,251.37159254668032
3419,95.67541804489245,25.292088010208275,196.8156136118039
3420,62.71513426479981,16.618951729447694,169.58987653513233
3421,80.41156768138036,19.96074873361866,167.62140303178722
3422,130.7593392897383,34.09970053694412,230.41244523379189
3423,91.53563829204003,23.044345553606444,191.7391975406792
3424,73.13394847460025,21.255540322653257,172.73164539621692
3425,137.14500151704627,37.22553109876469,250.99257722773942
3426,113.91109505876864,31.70659625900421,220.65375303232074
3427,135.51522514105244,39.92829176036927,258.70337287660027
3428,133.6079179243334,35.801307267709895,244.707633853232
3429,132.37289134621847,35.93213350505749,253.16339087879302
3430,132.5190203912562,35.91910468506185,245.7785270115262
3431,125.36922250927525,35.29990692781111,225.6967790514141
3432,135.26030883736593,36.483819431035975,249.64864347340725
3433,100.95417404311458,23.651138569088882,189.7078774132342
3434,72.80693271721263,18.7610524961536,176.6701407002829
3435,83.46661613330828,20.777617656713524,168.8416415594285
3436,60.52377675114885,14.658476947418668,140.39851357082867
3437,87.56019214368102,24.274056977606026,186.68321958808704
3438,132.8807118890035,37.76700343533881,265.03755088953073
3439,133.43102242235278,38.69520951528314,255.75779450200875
3440,138.90388853388845,35.180822497143545,242.21417069981837
3441,59.60514581459968,14.31865024014178,142.12825214654646
3442,119.40015534891555,34.312847084838445,243.24617251173547
3443,82.82482248733079,21.954569524510614,181.36040421654494
3444,137.34971526859982,35.28297559888289,256.03446847149513
3445,135.79137582085968,38.09389376874369,270.2504223713548
3446,105.22225439895354,27.787924258207386,202.00737707178703
3447,94.40495101107008,24.10024019257411,182.03330006181267
3448,84.75325850396645,20.548893703599663,181.45270705236322
3449,104.03332642950171,29.178143726585883,231.54600517625119
3450,66.27518687761453,17.728102019674616,168.9913707850455
3451,62.738601593882,13.232218527052924,158.37046907979928
3452,88.55161324544035,23.817409259584306,190.83157727901775
3453,96.9284743438952,24.196504903747172,192.93599125629387
3454,66.01496282393349,13.172888304463962,144.25137070277583
3455,136.49913783146596,40.28831134966031,231.2952264514329
3456,68.42368573586974,18.28851977571065,163.48670923646395
3457,61.31987001250489,15.486980824625823,154.913377521809
3458,83.58438664051727,21.470708606549596,187.97885365231664
3459,78.84231352231262,22.359208566422172,198.25685932870306
3460,111.28039431898482,26.038477078107693,227.8381599871556
3461,87.66533072631728,24.972138229624274,195.69570226729394
3462,79.22368123952178,16.683719021985226,166.41320270104185
3463,134.73975229114998,37.48788139758624,257.3223442554293
3464,132.29367768822547,35.590167582866236,243.01105923985426
3465,107.49995735904845,30.171272846696294,217.01875181922333
3466,98.4849361395681,22.194170963661367,196.47433063055772
3467,65.8876893988403,16.067183940320113,155.44609158758257
3468,93.87611881475449,23.452881325423245,197.30326730431148
3469,130.19705327438345,35.97811067941487,244.2175977948531
3470,63.21287562779142,15.240149467044398,158.61182433674526
3471,76.68612174130097,20.03878014964586,172.1654285344397
3472,79.33110042725248,21.720394106589676,176.52624770553336
3473,136.74020659662384,35.129296456200045,238.05594983708747
3474,90.31701898803743,22.549820677811468,170.31879045939368
3475,143.97260602245782,37.52485985501018,242.68552590607322
3476,85.43508556026515,20.92314569010187,182.50484678975945
3477,147.38426485200168,38.10292695696064,249.80549814197056
3478,138.8409088241016,32.724060446601584,244.28704872306562
3479,66.43534977377823,17.13297566790062,152.25414456755544
3480,61.95793699147004,15.965647746886313,150.578430774329
3481,83.57623816609639,19.51702572144185,164.16155808644166
3482,132.39274631113855,39.1461794146971,248.31200437294115
3483,91.14205682780913,24.494109779580373,203.3220341690341
3484,131.02816947991292,35.409318677489836,242.69906796573053
3485,129.01594504932987,34.330357496002016,243.529838774174
3486,123.32706059251286,31.14853402544055,209.74039734442897
3487,67.54225001962948,17.301501523105618,171.38761747177716
3488,67.72029590946529,16.52990694683248,167.49957186006426
3489,76.7482241001495,18.035338616633855,178.18309568260517
3490,66.01599812430315,18.318204134982736,149.25710320086387
3491,76.00507197241724,20.388766944819455,167.38369458010138
3492,132.20314804674555,36.91704796645289,261.68715634050295
3493,135.10141938658631,35.73115433656846,247.906905218907
3494,137.63534232703756,37.990424678985185,249.40790252916662
3495,127.06319750905614,37.44319042093175,243.4262397380135
3496,95.19574216021438,23.944543244409566,192.36732881687854
3497,136.3014796873323,38.5306768100185,256.0477112473717
3498,133.05809800057833,34.72262071222645,252.22382419715686
3499,88.55546666986338,21.14468589326478,180.33459025367657
3500,87.89031173998184,21.300989317176725,193.89973336671665
3501,86.59449970368745,20.292213475002338,195.883978588771
3502,80.40509366290259,21.462052005076064,183.81856081302726
3503,140.7519374436897,37.823826341880924,261.6216545594054
3504,59.70398508056577,15.982502019959627,152.33262058667293
3505,137.83062326808496,38.283079415383625,258.94457469027043
3506,130.89200808563007,35.48920851904257,227.558801834122
3507,138.05443559779022,38.551594921739,251.33853157371024
3508,61.126068796889776,17.598707813978862,148.1111328313568
3509,141.54150700763998,38.170356553246414,251.47205785321424
3510,67.75340345318118,16.34509929209901,135.10775988445565
3511,65.88926391756232,16.63638845898071,152.49001373472024
3512,69.01842534778852,17.972942460304782,157.50384493209756
3513,132.82878003934297,38.329936889684554,252.36489919382737
3514,92.95670526591083,22.151759768642666,186.83824015060586
3515,140.11087313760103,38.3291825301441,264.8668909047414
3516,132.20539406358034,36.35824052678407,247.1066675500439
3517,90.80331026649732,22.65241731102677,183.36985745622795
3518,56.57301623063595,16.016169635494617,148.09113353825379
3519,73.50934224316339,16.52642345080817,169.2190045269896
3520,84.17169373060936,21.341165100711404,195.40503259287416
3521,85.01912608332707,21.545604888818854,176.23518014508025
3522,60.22531923538053,14.478202121114972,146.68077458654724
3523,92.87338717082771,27.10753614736451,194.94890852788203
3524,74.9931472161113,18.392631908653645,168.86869422702492
3525,66.95279501647634,16.291367345621982,152.34417957379893
3526,68.96940076312843,18.506935103326253,162.30316618320293
3527,135.48499125843566,37.74969721113637,247.00748283229285
3528,92.54419560083626,23.639370633229003,178.64518322692115
3529,142.9656084738568,41.08690541597798,252.99100996912236
3530,57.25110793542985,16.21653883696563,152.36344119639477
3531,103.8015149535853,23.313856968229256,209.0291086894162
3532,79.63578167889405,21.619837613135072,164.4549846455375
3533,82.8877714374107,23.429861120901524,187.21727858801012
3534,94.05989388684092,23.066380954424407,207.61864452971304
3535,93.39170593571842,21.915825592798942,187.48769241901266
3536,68.77276744291648,18.488201235159945,150.68933135536943
3537,117.16774274518122,29.525293418986397,220.6036068929131
3538,70.7347063734489,17.768168543498557,172.85943750681147
3539,67.878774730398,14.705435271981665,167.86219611344393
3540,66.28455425820236,15.410794806088264,163.5550647723617
3541,95.54919054989604,24.323651729101694,193.260696886953
3542,82.28560447489544,21.321886750577214,175.78838492843747
3543,86.70780785188767,19.55940377323104,177.50803505349145
3544,68.28494603864465,18.181306662568655,162.13017308604523
3545,134.55999738421238,39.016251995304465,252.42368043345002
3546,82.27023867634539,20.773447854990632,178.93369119905176
3547,65.83602762038036,16.59098203635934,162.4811295401944
3548,60.94448304210953,15.834556760378062,168.031851525109
3549,91.63486258872051,23.597028000128315,189.0382933426094
3550,126.19072790054754,36.61059920448762,240.00749772303203
3551,80.6050715151322,19.76401480138383,161.3175324125771
3552,63.38004601885985,16.65714591261342,167.10743856279694
3553,134.39049747549586,36.98642441323725,250.25287424715336
3554,65.46812386486691,17.76883160611617,154.30600635068444
3555,61.37613399145025,18.039470628949363,152.76829174621565
3556,132.0622206795105,35.645681494934934,238.6192456036177
3557,89.37095299852999,20.75618209419787,205.62075996171066
3558,63.076141322269415,14.908743733469906,149.68954548869667
3559,64.23747421442494,17.56418301645964,166.25173367953707
3560,61.022974376918015,15.548717499825072,138.32692435286455
3561,101.97945592148649,25.57267037359909,183.44791842950397
3562,83.62459975780456,21.08059327458565,164.31571732429134
3563,65.85023655946723,17.675076543480962,141.76856439843442
3564,60.07636292795781,15.332433667755835,146.72305530878089
3565,58.332581341954224,15.632924731281785,142.3875324301228
3566,80.27115570464419,21.34166158082918,176.43793291142944
3567,117.16758275034623,28.552632924644744,219.77601742130238
3568,77.28702322888178,19.83228308947236,177.5578017122364
3569,84.16118702642471,20.580950733641448,162.79764782095387
3570,136.5919203384901,36.56342922730189,265.4265856328501
3571,107.55064630238321,28.437331205954646,206.33487637296594
3572,120.154925029344,35.747664667225195,242.16863443100803
3573,134.0524647086176,36.5030621663524,256.3139784082289
3574,147.9458926576413,37.32696120211316,251.49710067873852
3575,140.61300938293007,38.8169911603049,259.0572709636789
3576,58.37709728329869,15.243685876657457,147.4682380128743
3577,126.35568003684271,34.985388596666546,237.49789462187735
3578,64.07652720475006,15.184223230053298,139.22922672764562
3579,85.51224357590881,21.681964591630905,161.89478972310704
3580,60.757253207008084,14.71681350707815,151.50785410354214
3581,63.13538222288772,16.065234191219293,145.72746845408665
3582,144.02509645592946,38.657679195784965,261.90110024054644
3583,60.55115827622903,14.827970932677786,154.15747106058978
3584,137.02784356792594,40.384668066823856,261.0044705972467
3585,61.134273178354086,14.608497725659694,154.43775346482178
3586,93.07054699070768,22.72316716749955,172.80802024587348
3587,66.20760313663402,13.81322204041695,149.1072840008167
3588,84.93766670006,20.496525869895446,173.03211732716682
3589,82.73982051874596,20.786830909192183,171.98469992306048
3590,89.60606582118379,21.820048854098733,185.69101203913849
3591,142.28755618303293,35.85843749342634,245.70946134300536
3592,98.60641995748257,26.94772029551084,203.85289580291553
3593,128.34840872663304,30.91190149265751,216.70134047877607
3594,101.35851479846377,26.82242866695221,195.67878109887383
3595,62.42329324207281,14.07013986327827,143.33026875061617
3596,129.29684365574107,37.26285113737057,254.50384310497307
3597,95.78415902231396,25.538589876440067,201.99482492987394
3598,126.60339434152108,36.8061278597309,226.79343098486558
3599,60.57233337365251,13.830372571171877,135.43767267002994
3600,84.72779013657977,23.99257765223932,178.65013479084206
3601,76.72588574138494,19.852659207424193,189.34256427502154
3602,129.73166167999238,36.1986630663209,226.91087905698598
3603,108.71753433036203,26.1701849341994,191.52460059438718
3604,85.38267525986416,22.04402626610161,191.43932389511528
3605,89.79877254558228,22.925236679639642,194.98742040372318
3606,91.83507091258598,23.741131553255936,187.88811636410506
3607,74.90205075711496,19.4274716783696,170.4758021463841
3608,100.35891434823886,24.831224364598846,197.31296332361055
3609,136.23482794794043,37.78916783002865,249.41811854037763
3610,139.7372850517266,39.50996462911719,256.8126633151693
3611,128.93188457979747,34.050352144606514,233.559688930179
3612,83.14125399607592,20.732940885954854,181.06187609224204
3613,65.5015338909224,16.79212375579714,157.97524826934645
3614,89.60959927458642,23.567894324275148,187.8943683017209
3615,66.07784612965554,17.78359197141675,162.14901886590147
3616,77.30712559567986,19.437731480527393,168.70257093332611
3617,117.32287683380224,32.3880004284432,240.08659564143954
3618,140.29079015644945,38.9476319759395,252.80078572159235
3619,88.46950978261694,23.07517379735545,186.05642928834172
3620,92.1386508127135,23.13915624568057,180.97071687862993
3621,73.62758035150371,19.181008817227365,166.29694531758784
3622,97.44803247331517,23.896363925861664,215.17622151347766
3623,92.30642418973825,23.82143729819001,190.16536609229084
3624,144.41911754844742,39.6657173977549,256.0385900909445
3625,101.5129267864602,25.56552235592149,190.0878031994426
3626,88.33863427451259,22.39503980576463,183.78825138723906
3627,87.16961345630773,22.669963848147184,188.99859792238573
3628,136.57514174476898,37.55456313206481,265.4532533765951
3629,79.30586747542766,20.798401004624946,176.74176868094386
3630,125.82618454552657,31.52051452228226,234.07555009862094
3631,82.9027413312558,19.58220776172254,184.36768860895845
3632,74.78519794251831,19.086829800916373,190.24617041080396
3633,63.678849647523386,15.576071810754906,156.90137412535344
3634,67.77676724629217,17.19052770761428,150.17515230303346
3635,64.1262809038555,15.088542777727367,149.19128647427857
3636,57.47834475602968,14.782552910739865,141.9818940915788
3637,127.29062721383448,35.35998650108608,236.51107769189676
3638,77.80389205272645,19.185882349773,164.60295888442622
3639,99.70371032439293,26.334530976293262,177.32021995340838
3640,113.23296441144892,30.0684771210824,212.09810788354673
3641,97.92269937533308,27.622816610402165,196.99567473409311
3642,132.6143057898341,35.82444919192204,252.29593280999595
3643,65.79087267269544,15.872800119905245,143.1928157016194
3644,65.32658645645458,15.765741840203377,155.2016542084009
3645,86.25575513164094,21.603793144734343,181.09187075260064
3646,78.74856789156395,20.1136106394599,173.36963179801918
3647,65.96650428609829,16.884263511165436,139.54608949705317
3648,69.85171394339234,18.34933227428593,155.03985726269806
3649,131.38422441122574,38.3727413633765,245.54560138200569
3650,129.98080854068544,38.29130538036119,241.0739986185864
3651,74.61657307316904,17.287720001420332,182.15514747018145
3652,64.22989481587418,14.996564979977551,160.3263392467663
3653,85.34850412017069,20.681089327449083,179.8761756611675
3654,101.164609463716,22.8459101237037,201.3034045161094
3655,70.87360062509175,17.701808981442657,168.21688056411816
3656,88.44185372232599,23.13993730195261,187.4042429712495
3657,70.59996796044382,17.242730694319246,156.24022099245974
3658,127.40313554828957,32.58725627950517,233.37886947151057
3659,118.5875432575259,30.369899559363798,230.13212621734107
3660,147.05975619344812,40.481895664290555,256.18811242129715
3661,65.49264269141717,16.413558295728194,147.97824854206553
3662,67.87810621016554,19.077923698480237,159.9130720200031
3663,72.40980803706141,19.163339211609657,155.17360490890704
3664,72.67628284855851,19.097164905353182,171.31830334964317
3665,128.33088628459458,36.041815237109695,220.25916049704207
3666,58.092908119196686,15.804349680392212,154.4294202248885
3667,129.87660323531824,36.49617641439476,253.0702534296111
3668,72.45965622743441,16.98756779186397,170.43892863088334
3669,71.27115585186371,20.282811111387446,161.74976970431257
3670,67.93675386306886,16.722678381744387,153.1681959194198
3671,81.27334452561115,20.525718918496178,179.4396984409091
3672,55.42953280604622,16.523126460993275,154.46193450285074
3673,86.8269580003738,22.530882081070114,175.6941082055516
3674,93.66342858761448,23.938106242933316,188.40254802637725
3675,134.63122097138475,37.07890136174699,246.60920832952982
3676,108.45967202617261,27.2561440006811,215.27669442493382
3677,86.40657718556119,20.674559674734237,187.97587913758576
3678,60.861407018349595,14.48901979324551,155.32333256740927
3679,84.65568617386998,22.400954892505098,179.86279024358137
3680,59.416311423671935,13.975370662288084,150.11177498865618
3681,78.87159032615321,18.59798717326748,172.34622407978608
3682,80.91677732177608,21.393044990372818,174.38933089480986
3683,90.09697385555866,21.752488156600176,187.77124766284786
3684,94.76328377754486,25.600732728484818,191.289696494168
3685,81.03551096395975,22.038357398817702,189.79776606579486
3686,131.91017446976088,35.784938014288535,246.20629102255467
3687,132.25190315493975,39.62320794900915,249.73751637552013
3688,63.55590891119114,16.289119515647613,152.60021976946717
3689,75.98926524047417,19.303325803584915,174.79734318341028
3690,64.74137810401527,17.253717363150486,153.17211995009896
3691,82.43988097484653,21.632988644825748,198.55807359658783
3692,124.44847113887235,33.26635215078234,236.6722789033242
3693,68.95174012047103,20.6936806013911,170.97618120807024
3694,91.7685415360747,24.502209415349732,181.97681694369643
3695,63.83919338613974,13.309403692691161,161.35923519701768
3696,82.07061854111613,22.929673730655455,157.67903337377786
3697,143.13357905228602,39.31303832730129,261.7083935060617
3698,90.69186163455676,22.988641689826345,186.65571498021077
3699,144.89015461355194,38.148414612472415,258.31594597024974
3700,92.76901476316871,25.331186198498106,198.87145893480582
3701,123.75207547833162,35.475244153680755,245.4631807552574
3702,90.09950975712927,19.91948867540517,196.26023666327538
3703,110.93058057837192,27.357209253048783,213.10718483327892
3704,140.30199853808153,37.4047773168968,253.71662968693406
3705,137.79394197380756,39.84723783424072,262.9342088435049
3706,144.64257639862663,38.835948266109256,253.2283383591623
3707,100.32267918495397,24.128674791038666,190.95883033704843
3708,110.45042880185528,28.621207115468412,212.72726131420083
3709,89.21666381802827,24.98586067407035,196.09951449165132
3710,137.02552827501992,38.244352957992895,258.37548694058734
3711,66.63116238956806,19.771005108504472,157.97270168698404
3712,75.60071279104577,18.606509086782868,176.72637656947424
3713,90.97792676694122,22.2758021158181,188.9612940742875
3714,135.41441023890957,35.4429040711269,226.45146265908514
3715,137.50830387158763,40.95732898722805,263.02664589708644
3716,86.01116070150759,24.246589923732984,185.14130530686933
3717,54.54460319080557,14.211930624999724,156.84523799495454
3718,78.01989071372101,21.299306013574533,177.9250766002388
3719,65.53756996237507,17.09992827383292,139.827370750065
3720,104.20730290784708,27.071270555587223,198.93959398430306
3721,59.974408149003004,14.770668231987239,157.89033405864504
3722,139.6272856732562,37.39944514523371,249.72744525793112
3723,136.84707124922636,39.715798532498226,266.66911622936306
3724,112.18487488722639,27.229534249921134,220.15231356274936
3725,63.1073506330191,17.735010804289583,139.50417493579596
3726,143.5547375126189,35.723171363655695,260.56766315957395
3727,73.45470443664014,16.00781428251713,155.9739163747079
3728,78.40224663899319,17.631066362956002,162.35533777687087
3729,63.89426634720592,16.40353843286417,149.66359904372544
3730,136.89410682554748,37.014131483042235,251.17121398180828
3731,68.684110820785,17.475764585556202,160.0290282876302
3732,141.4354393324896,39.8224201037768,260.8933877347071
3733,62.3147117564612,16.398833226176034,159.8293192023353
3734,66.1421197639244,17.315400449666882,166.7245214605445
3735,89.35806929669648,23.529706603497214,191.4458442696097
3736,69.29249577322823,16.323582581038256,170.40544570627117
3737,78.74418819775286,20.465396934536532,170.63271021616444
3738,77.96685021102556,20.19059463368991,175.71105186042925
3739,90.33796455797021,22.8751738581544,173.87927466359034
3740,131.1940522601943,35.64785303924076,239.943922134342
3741,136.98043218930323,38.269040833443675,245.47523783277015
3742,85.00359503013028,22.504629120228397,184.43193828314898
3743,73.567939363768,17.16591934903211,155.05385885305574
3744,77.06735888168275,17.622943538124613,161.79901371531722
3745,71.00282862879503,17.30374842947812,140.40050832729736
3746,100.55589918618253,27.06120023761788,207.0834082270581
3747,80.57731197082155,22.859531850630162,172.05416704058385
3748,55.55880882719925,16.64485816584995,140.9042637852447
3749,52.24625070804842,15.23071771772691,152.13811699517944
3750,129.97266842617265,37.19693622798391,245.7137452071295
3751,138.82479891616552,39.20834151931654,256.24520012772297
3752,137.0700117428898,38.34576854297663,266.8943729959078
3753,79.80463210006823,18.917335811999003,169.79893533142572
3754,80.03910250498306,20.516922524056607,180.4365325322831
3755,86.57511388420328,21.865958326351464,196.6466410094678
3756,84.2227413362766,24.190833880427178,191.07176493441395
3757,101.23153884562213,24.094860529269578,196.83462920431936
3758,64.3046680011582,14.713995125625031,152.993405577853
3759,66.54288915812664,17.270771487019054,163.75966906372415
3760,140.92839100633788,39.23396239643262,261.2619393460279
3761,79.98286520990963,23.244652896943187,195.97059937600895
3762,83.13719708917095,23.784156929614326,194.48201429215933
3763,124.98596777326543,32.480394282987824,235.46038086014667
3764,90.11561370566709,22.510546242074273,184.71428811345854
3765,76.67365646730175,19.897718019849055,164.931005097976
3766,105.42178178271989,28.568541872864913,223.08534122931474
3767,123.00739870696121,32.20852790784109,229.0322448178338
3768,56.39408174446017,16.029308280825013,139.1324779201644
3769,76.80497622617487,19.65501984026422,168.76636353713863
3770,72.46122997110507,18.54551858131035,165.13223486463934
3771,133.72136293880578,33.38007305824079,231.88686392483268
3772,146.6263105335842,40.35359466222656,255.27596459710642
3773,56.992149252255516,14.3165460571483,158.8892719438022
3774,91.90494886001478,23.92202213400279,183.2106936839066
3775,129.61954122258751,35.459898785979874,238.71852759219797
3776,138.98926619727158,39.90561283596478,248.72116125407288
3777,91.6342479775287,23.282651473944494,199.50008462294073
3778,125.1688245244543,33.96278713756475,254.70796319915357
3779,136.44338342964903,35.97768535310381,238.46263063827385
3780,140.07107240392654,38.921476508069674,263.4998310880781
3781,57.6113685914754,15.009374215298317,154.98793404920715
3782,95.55631559371638,25.165957565287638,190.95941299723776
3783,67.09467251440479,17.52429025372467,158.00515857131438
3784,88.2863365478451,22.038465296183002,183.32163845368976
3785,75.84916521656486,19.207479022243767,170.95544668703144
3786,70.27769638396003,18.250440736529026,161.17307597947683
3787,131.5217390688306,35.51444266827255,268.6141521726692
3788,63.89761008539523,13.579596098204652,134.21703430137234
3789,68.2164766897122,18.73855115893628,154.06964869378618
3790,133.58939102674262,37.48894653761881,255.59950928940142
3791,97.09130027438839,25.546487708719905,197.17428439509294
3792,62.721532357965735,16.78878593183212,153.33268098292083
3793,119.01629134669672,33.71033029331996,210.21711508068117
3794,83.46051630170801,22.416744072425363,187.9948911115151
3795,74.46670512270826,20.80758714213253,170.07078947615733
3796,130.7272730667692,35.08775459647358,231.31165210492992
3797,111.93111179527067,29.929682729419866,214.17165372335248
3798,72.66535520149093,16.097083359075715,159.1540338077282
3799,84.16210220131278,22.82983908893588,184.52822966945783
3800,118.628349605658,30.911381781365193,234.59426905458238
3801,126.89402231338647,33.518670091343644,234.23792584435628
3802,140.37033260814687,37.16966678312135,259.42853250461195
3803,80.47826923632563,20.06282702183189,184.43937858029025
3804,139.3715179157034,37.66741956156206,261.567342831972
3805,85.58416986368063,24.846932118324414,193.17021847774956
3806,139.58082946726557,39.32691583364695,248.10124426859645
3807,61.245209421782874,14.635663192907849,148.16041501641863
3808,67.28673250464801,16.79719732543818,150.75390526913202
3809,60.580273099561595,16.14349220075427,152.38123524446544
3810,68.71930819891735,17.219270743936093,156.28686960876675
3811,65.30204403359762,17.80774878562358,165.0600566952255
3812,57.82469120923964,17.305333765269776,145.75578403924314
3813,96.66820478471395,23.66458083151281,197.87158620195433
3814,112.30168345199671,31.857046856392678,219.569672981196
3815,94.13348495461814,24.19887007606854,192.8962681514615
3816,130.21124887857195,35.75821784061407,239.09508012982374
3817,63.852786149205585,16.830399190988903,147.91920142313327
3818,90.72083954241104,25.997453385169617,190.0836908135623
3819,83.32870747809405,20.619377721487847,178.2967623387626
3820,56.39668696095668,14.848896849788334,163.22447121733248
3821,64.17112437514027,16.870873326705766,130.96101796511732
3822,62.93774641468783,15.541939261257456,145.628740871618
3823,85.26506751297538,22.715266951672362,191.76417675567353
3824,104.19626136495908,26.325726603788215,205.74559744409726
3825,94.05083961262248,24.195807914942886,197.36127336976713
3826,70.99047631050523,20.047719223042122,158.4633318468486
3827,63.57066511827643,16.203726047407795,155.30399142391323
3828,64.92171105437448,15.02932439332909,148.14225880545447
3829,144.5008727675283,39.2872375318703,261.79808187005085
3830,128.37957303232847,34.0631822501609,234.36504709503984
3831,66.70559004081127,16.556644379096642,151.87049215388467
3832,80.68563802799997,18.92867853479351,180.87143550977922
3833,96.53139474885887,24.122307902382115,193.53774079799405
3834,65.00966386735192,13.842058587247214,155.69657567370652
3835,66.90234553975833,18.785629093628675,176.40167391691259
3836,106.85603250541972,26.946452332835662,199.8442334281344
3837,135.99896267547794,36.39531297266824,244.04684129478065
3838,70.97967852050202,18.467030925347657,182.10163427777647
3839,134.3791314620124,34.82400801629645,242.7434987661449
3840,95.12034605452932,25.172225579502076,178.28388937536724
3841,128.6325248427655,33.839330444623194,238.15170013149728
3842,82.11742462407007,18.530317267918583,172.67291265451362
3843,61.71358592781305,14.838837475251657,153.9860257223835
3844,54.78922631712759,15.94498721524497,139.59084836337647
3845,69.28129740975398,17.516419671560943,176.36560904901918
3846,125.74767172704587,30.419926309505698,209.40315280923272
3847,135.6547336436477,38.232645287615235,251.29319306738168
3848,121.70766989354571,34.94571555058251,241.63430935997403
3849,83.59258837531554,24.12640725236086,164.86555181522778
3850,71.97151445198918,16.963587773428085,173.8323730096595
3851,56.31241050344517,13.34855864585901,144.9309306584697
3852,74.75939184370259,15.133271362578041,167.5502455484801
3853,131.63366431953332,33.118761469085804,236.51616866308038
3854,144.12907530503176,35.86672221904102,262.5343307011371
3855,91.99309437162768,21.408587401491996,200.98241504161913
3856,64.33769555974675,18.356911161195512,153.76849691257254
3857,63.763667620375934,16.77385453225209,162.5091999948338
3858,129.58651952311376,39.17440887264667,243.83942332913236
3859,67.0896631094674,15.126285862625126,148.7856066347325
3860,137.23586706337838,35.78439599158207,252.79884276807704
3861,82.89279178538,21.67551235707441,178.46617165581213
3862,120.15219706707782,35.97504556979829,237.6430021097262
3863,57.38803275170053,15.690736830714533,136.61202097228903
3864,106.75840881561882,28.165672304820966,221.63353825018586
3865,84.51258567255255,22.346520128006862,174.57102325404765
3866,59.410667759967914,13.8330980931195,152.15189471824166
3867,68.927365430871,15.124571449827114,150.9361643910328
3868,74.73085901307617,22.45680101807009,169.28370234113595
3869,137.01880974238676,35.874686645143974,228.5392047939683
3870,76.29587865115737,18.913517411170876,169.67330669661422
3871,61.465388547877595,15.075156656634393,129.81178118307034
3872,102.82673527433421,25.56412426524098,196.29108702714313
3873,74.86758738950913,17.0563368373177,156.2811201617422
3874,91.99707290527785,22.458727561214598,193.18450007347957
3875,69.07639414967471,17.247349695070426,160.5367662906826
3876,67.89754132383396,14.57849209373536,152.1291664678254
3877,82.36059990572814,18.19203053480315,182.3197380737799
3878,139.88879583557107,37.6124111226786,254.10260953161472
3879,134.93056305798027,35.359281348568636,241.24368377516143
3880,101.37837174256312,24.988056504293265,195.43286309703416
3881,64.66278582574323,13.955756129340637,155.53380531091577
3882,93.7107709519339,21.118485633986065,174.55678107866586
3883,128.82954864423806,36.38845895848621,247.72219987085842
3884,95.68667724776394,25.812827969712682,197.20367414814152
3885,128.6827821502183,35.12312010237799,242.06885821439235
3886,136.14472173470918,38.493758422731474,250.32990283764758
3887,134.82345255869095,37.0504589088337,241.2528836472617
3888,130.27506221028983,34.65859234236298,239.72969748311183
3889,111.7224621607909,32.57615443075356,220.5453167834543
3890,58.23715422868819,15.18809365896147,137.9375686925254
3891,83.00890698340235,22.50755456222545,193.86803169642238
3892,135.7760146506451,37.45225605101269,253.02051154122572
3893,79.47252481869687,20.682144614169804,170.12428952788835
3894,62.20809016440088,15.980757587514299,146.13138740909648
3895,71.66352938030393,18.739714380680642,179.50951869702075
3896,86.04567301672388,20.76609456885119,170.2229812783209
3897,79.78933650673248,20.55310912506168,185.3066501314045
3898,144.1108457196353,40.76538777642012,265.55800929782987
3899,132.40310507081026,35.605112380527416,242.94227287400977
3900,147.2075625492698,39.20986725942273,256.5909845893619
3901,67.20501550231195,14.481678311952988,136.697570644648
3902,62.703809491082744,15.311311769034864,166.33862994595066
3903,136.0691441976351,38.07906123126661,253.61738877555885
3904,91.71785848658392,21.779124655432522,178.33300767278578
3905,135.6732892085377,40.35163036103211,246.14601047058633
3906,57.26086966350096,16.062987262159293,139.3280115092023
3907,108.84302826042085,31.313919499878782,222.01903006516287
3908,93.06475884338599,20.83942536969754,186.90592769017806
3909,134.33657248879015,34.71512199697488,242.96156118409064
3910,92.02977036786122,24.43907304848373,177.07578644759764
3911,75.07932523221757,20.55329407931907,171.18776287090483
3912,111.46978676949334,30.68584649306484,192.1091721049806
3913,77.36870092815046,19.938392530066796,165.79182164064215
3914,137.7370461030369,37.729517208828284,265.7990316319664
3915,138.41900697844136,38.78686960371703,249.851567534224
3916,63.82000905455974,15.319356382810536,145.90393523975632
3917,85.87790391784529,21.201032431099573,188.95416107611516
3918,61.95790632244347,14.537329696519146,148.88629998640093
3919,96.08692868854983,24.95786259717683,183.34140552315665
3920,79.65118378887915,20.750825605760102,161.66292785963878
3921,142.22231066900494,39.361667913607945,262.39691195409483
3922,68.54846440646936,17.81962371078627,149.06072130137605
3923,81.99283248753038,23.875733367250298,205.38199299999354
3924,101.94773581205258,25.22416783569628,198.042113895967
3925,141.74216482368666,38.0253186959152,261.01094648475515
3926,74.37626183421632,18.797694688435424,163.79154450795434
3927,117.63666940215153,31.043177761419575,234.85847001101794
3928,127.71626202013897,34.27983905258357,255.699165387636
3929,77.20806164859822,20.344710341324358,155.8751532418697
3930,66.54318046970246,16.796564161206224,155.29528689615614
3931,143.79437639469344,41.993509765421955,251.24739032507617
3932,93.83429124812032,25.498876433711178,197.0317340615903
3933,129.3639790738338,36.824902715425594,251.28309635170032
3934,97.10167920623584,25.986769562663948,194.94097773281783
3935,106.98727717715519,24.71185061810063,208.55037874976318
3936,138.08463246503598,38.63856969379105,253.69207199374168
3937,54.962114025403515,15.341756062588006,145.33609567279254
3938,85.49602226478869,20.521860722901703,167.085992065517
3939,98.12087540883172,24.46033550028792,197.92819879380275
3940,56.98382128020937,14.0660344457304,144.88019779282573
3941,82.48721388142336,20.678122828437925,177.45707367922748
3942,141.02486869392297,37.6959033950375,251.53997836545724
3943,86.89405340260076,22.795057090031417,183.94133221768064
3944,60.47918565947467,16.857153052863843,154.2954671033495
3945,75.42101627994505,20.087265505223698,182.05493356427
3946,68.4224260133136,15.946733620647317,162.28153398765946
3947,82.3302385850901,20.015825956252637,185.6348429883066
3948,127.33271547720149,34.20328788656223,250.92647597220937
3949,67.03919335779524,20.141356202465822,153.6220337385408
3950,91.91021421992407,26.359413646757375,179.65178060893646
3951,70.56263034821923,19.024317429091685,166.04956469132995
3952,147.24275080517558,39.52701364362497,246.91367969078715
3953,141.74102399297266,40.36444170550474,262.49950005371255
3954,79.80452178633091,21.19367769880254,167.12268498830872
3955,93.74945797848208,23.172864962357263,170.57722824464454
3956,139.20958826022488,37.30868616659328,257.6803614274788
3957,138.18381126348274,39.79201613349296,254.87930390630098
3958,57.50924223755256,15.022173949342465,142.13395278114254
3959,76.91120557050513,20.567514479710898,160.07510861787298
3960,66.31211321955098,16.08412691283968,157.8220665081323
3961,119.20604545045218,34.66810398176519,245.25986158574963
3962,63.23355656137307,13.403012863200868,158.29736391374135
3963,80.68136670665596,20.529333477226313,176.3792164583411
3964,132.80983655348027,34.31851817564175,250.2704759089019
3965,72.0168162126021,16.45197089242345,159.7334646887972
3966,81.14438639716435,21.578026944376266,175.77319350404267
3967,114.45777356532737,29.03753132327913,221.11281597580526
3968,82.83108963633764,22.283726124885593,187.49088577149806
3969,136.9644686141314,37.252746744370576,246.37441342909656
3970,72.53042561229297,18.10810129396902,166.6991016595198
3971,143.16231729224663,37.59362634255661,277.71915803969165
3972,103.64931391287143,26.10586749717711,212.22658766593983
3973,92.51662210407572,24.873786335956904,196.5037608436368
3974,77.68823953368612,18.993473309055112,169.68475204494032
3975,91.86647883520492,23.635099018418675,193.7711057275138
3976,131.34298171926505,32.68740325250092,233.21896861237312
3977,64.65496184704647,15.8407158656112,147.5068757852102
3978,99.80348715182292,30.87190416575564,216.40870136115623
3979,84.32172664935386,21.085002356668344,173.76444519879325
3980,69.66882501370553,17.6207258658838,154.86769676900443
3981,139.93976824662252,38.135211749243474,254.04521001904405
3982,88.29497983118247,23.081583188900215,189.07928440349318
3983,96.98858191648304,26.974433500025906,200.2861280325112
3984,90.3047314652449,22.739393270824817,191.5148275981225
3985,81.64885981571173,21.321239574086153,172.93480824111427
3986,139.2022048320878,39.9791805482264,254.5715276580105
3987,70.19424728920866,19.612478244749912,162.26257560038593
3988,63.1964188399084,12.636443393624766,146.62028166970947
3989,59.84445623695098,16.365080472282887,158.9380226301076
3990,141.63950046680267,39.301398331752374,247.84231739680027
3991,73.80942765462353,15.231706122510877,157.5942659048964
3992,91.62397929130593,23.3756840537317,189.97244710041548
3993,80.59999348722492,20.784383277656495,178.39363217155866
3994,72.48364597058783,18.95632871907789,163.45634849026578
3995,64.219273448165,13.447836813097178,135.89994055516132
3996,61.123312013932384,14.228965027261957,145.63707726036304
3997,59.856379770018,16.371418042507834,152.3124065347965
3998,68.12110822850418,15.643523186225543,154.77473693498249
3999,132.56837439398205,36.53957855837135,255.01396441859552
4000,82.19238181301363,17.971369021411217,168.28874106210893
4001,103.90934719790475,31.83314842663948,183.586246665179
4002,85.75822893883583,19.759680069265837,194.856132545696
4003,86.57484185056826,21.626898646275986,180.32763479678354
4004,67.46549149504318,18.123410000637286,156.242396515595
4005,67.29815310111577,14.026563207853401,171.7227779195687
4006,86.8252725960463,23.09550275912952,184.81306592087637
4007,60.72414996801215,15.604931950200145,153.8013462846852
4008,71.36267078578472,17.21211649360512,172.60336559110513
4009,90.53894207901045,24.844150015873563,191.928035054329
4010,79.01127415655195,19.59757093737309,190.55233018489653
4011,74.42173016889227,20.789103884116276,178.8661727786414
4012,63.565960682647784,14.741351206970846,145.39867850325268
4013,89.39399366265296,22.18148971618586,189.83025958421038
4014,89.62907593540841,22.391750792662187,191.82244611972152
4015,119.30998044707032,31.053409919939206,218.5823347669308
4016,90.07178603629607,22.622404760343574,182.8663932654957
4017,142.50804851126955,38.828265840670106,255.8156725977328
4018,130.1835729275633,36.09704448815543,257.6046260512339
4019,97.9017539108127,26.123550038060916,186.2511966219831
4020,78.94126759996372,21.68983717521119,169.09556669703633
4021,64.6257286054122,15.700088643632915,141.52726938488757
4022,99.4765894927116,24.79106351717361,199.42960273526674
4023,84.5792589823874,21.527812548220947,179.5198335826079
4024,78.92233444843377,20.18359814501418,170.84253894131277
4025,64.29404675038892,16.90778687700746,163.11272704201693
4026,74.07990419698997,19.15173432729075,172.00247399947605
4027,67.4688213119609,16.507321098021105,156.86464089556642
4028,70.00236819988415,18.33631884531586,156.53608232424796
4029,90.10373009063652,23.00229734150228,186.45927473550304
4030,66.66836846415951,14.000407982228223,137.21242959754355
4031,74.19564730406496,20.271376201389696,166.11346043742418
4032,95.4618512623713,25.62636984325896,197.81750668641118
4033,68.4405704317553,19.217060996258517,162.18762756277548
4034,135.44931509305604,33.87785825145868,246.6852045900272
4035,63.88480921892951,16.261380621813128,145.98510655624167
4036,144.47961240918656,39.26949634700107,255.90601895941316
4037,138.27531229942832,36.850936210317656,276.0205864763629
4038,77.0578732354479,18.402769760674794,169.99145069098964
4039,134.5767190618691,36.09540229076172,242.03107197079692
4040,133.5291286013393,36.32970286138572,242.76370689762044
4041,133.3354110762993,36.48934175616045,252.08023120556723
4042,109.76160513798187,30.29033774884086,214.37277053123253
4043,67.4769949870559,17.482199295565568,157.39077837398025
4044,108.74242093654354,27.267842923348176,218.71320235210274
4045,60.7911531831844,16.56818721222468,151.0454878948497
4046,63.82044423841326,15.12346799249958,151.70565417697074
4047,66.35777797003358,16.978040180159457,155.1212636168035
4048,133.17406975064938,39.698943190638786,270.70007856667445
4049,133.83364491711723,36.67748824123681,241.71273822182886
4050,105.90697419659303,28.4653914385498,212.09003543280303
4051,134.92108298225668,36.91458845170666,246.0117473399994
4052,82.47374709108807,21.359183244234085,167.51728326354564
4053,91.17126582969456,20.47118786532615,177.7863381068086
4054,128.19641159309316,33.13915509900426,242.27156545361643
4055,81.77963155859838,21.059773711320663,183.12655724396038
4056,77.54908721629003,19.142075448984194,179.22232054941614
4057,95.96122837787233,24.972543787104204,191.45354304007404
4058,68.22704229522508,20.16424804796632,159.40720265491217
4059,121.12001956677597,35.86866776120889,250.5139125169964
4060,137.66019811300012,39.050634388098764,267.5196884472573
4061,103.62874119172263,24.304672112684397,189.44073109206263
4062,84.7671269110815,20.988234241837386,170.04811332521373
4063,97.53251942792771,26.19849967738288,182.29187031069685
4064,96.40219054623905,21.830852667596314,182.99852975755294
4065,129.12520145337925,35.134695228212045,239.1054309167485
4066,72.17589255149808,18.726865578293395,167.03725319168225
4067,67.96864800253279,16.97495886154162,160.03397615048712
4068,138.4620332242193,34.76696446982546,252.39089416874927
4069,89.95150335422721,25.36958048840602,215.68963721993433
4070,140.75442485439018,37.616918559375634,256.94527766992366
4071,94.14863013292334,24.440324399889132,189.42964599115896
4072,91.1822924185203,23.392150648338923,186.8123670460209
4073,127.70792927168893,35.46906426226876,248.5133907288238
4074,131.36286892011523,35.50571913301574,232.68286024672923
4075,84.54035267995657,21.52994199640887,185.91959269038776
4076,117.5945924764835,30.53309911252384,228.74919276216016
4077,58.073713455794405,14.714464708841872,138.174939095817
4078,106.11119777888662,24.824013194235697,197.86001974842273
4079,72.23126628779862,18.79696632790819,176.7838468302277
4080,110.27938535540638,27.78195228664993,230.33629526706673
4081,90.6738464823545,23.19296699997651,186.17488772083001
4082,85.94412211624247,24.643988691592302,195.28529781139508
4083,119.21460768745352,30.66492724241473,220.82153908535736
4084,93.53738748898766,25.44498448785652,193.69358655812434
4085,100.8479409785508,27.552430588649774,200.457482547894
4086,79.16881695224531,18.53004646109805,158.76765231393384
4087,78.06310655545217,19.257954252811412,183.64543772995643
4088,128.1069246284927,34.079353475172255,233.8369115802897
4089,135.8192092982432,36.4834537253209,251.4043639460841
4090,77.43752582414233,18.775729927001237,174.67337924936868
4091,91.51179575242199,22.62603779424669,183.55761171545763
4092,53.54117572749326,14.59923810089236,154.04724194310947
4093,60.64738357879839,13.698486299424435,162.3867693842254
4094,144.08439451827897,39.91043208328854,258.68377918552017
4095,53.84521513202661,15.601138094822092,149.18240480893925
4096,56.53847008600672,15.656007949803199,156.75243296823638
4097,62.58240060259248,19.216346348381872,150.1529909189414
4098,88.89355057119671,22.45581967705098,173.50387306593203
4099,90.38524002675267,25.182022992675996,197.60784356077593
4100,65.9456658288697,15.860394867425837,160.0987302989947
4101,93.74493801470994,22.24997194141818,197.65113552771635
4102,64.38341297111285,15.458156501175873,152.17677646195582
4103,131.97160837788329,33.2662419254926,258.82415563266375
4104,84.59673457211088,21.948412320510055,186.30043597297333
4105,99.6600304158258,24.671665558528336,193.13768438134937
4106,70.28536485545858,19.4567418278388,157.37155394045513
4107,138.90864235831395,38.55800918088047,266.3264792989361
4108,76.03509056872113,17.06143110527199,159.60456307655983
4109,143.3172927141607,37.31436610780013,262.1301860179525
4110,130.36125099641643,37.249390443828226,231.06427168883658
4111,105.74441376952761,27.683308899337394,210.4415839233216
4112,69.89443075688675,18.00957905375424,173.06559692079165
4113,77.06848929270494,18.823499311939965,170.9092767790329
4114,79.21128381631404,19.525198771702772,168.19783113345207
4115,133.85673613091603,35.308267013490415,248.38526373488432
4116,56.138086327954944,16.404019027794583,144.41152525353763
4117,146.05316797331244,39.69325234750908,262.2590916163877
4118,59.962313179962294,16.301804594786343,159.32657466653004
4119,65.13627503713496,16.859030681072323,152.47615730680053
4120,82.94166951130846,19.60178368191308,170.59839872070123
4121,86.82132705661964,22.380487772524855,181.95806948787404
4122,109.19251479003574,28.784734025335784,212.20967340022293
4123,92.88908460836718,21.375452799916566,190.85111273105213
4124,137.7711357673492,39.9555432725063,253.96483419408148
4125,89.06293080344324,22.647279630630024,191.54368581139778
4126,82.34611150568333,21.479946151954724,183.95864975445588
4127,89.47470843490343,22.533425771633574,175.69144413392064
4128,131.56143796117405,35.187928033232005,261.4973784109571
4129,91.91500973273028,25.05993232146217,195.6255892377686
4130,65.86123752399213,13.83077825949263,153.68566741185268
4131,92.2538458482362,22.93448688514339,191.13408705784005
4132,93.36277755088922,21.432111684812153,182.11181125021724
4133,81.79578973267327,21.13407659425059,170.3364397068219
4134,128.1087367058848,33.41081913537132,230.11104400647017
4135,137.4156563546891,36.13150302330569,249.75215545725146
4136,76.19460004856624,23.70274407700821,179.24433575973396
4137,82.83850687597761,20.56940165504919,176.5761753696538
4138,94.11161650102419,22.182451897556245,194.19852080850015
4139,91.66323086340822,25.282642848781048,184.8683720236091
4140,118.54329324799001,33.964803940605115,228.0176602949837
4141,59.20111610131561,15.991814182422994,152.80073739491516
4142,77.61883652801127,19.40151023595816,178.87801126883036
4143,58.70437676661967,15.24387773138917,153.15536444484064
4144,139.83311979938125,39.13328206081976,275.4025734510817
4145,144.99967439734914,38.51933257260752,260.4873787838246
4146,127.23682231438964,36.19431018425472,246.50626001749964
4147,71.22104357730866,17.80216929417457,149.00240479038277
4148,61.30125991746366,15.954099039797262,147.36625853185066
4149,80.64541277903247,22.364336662059607,180.8873001291581
4150,82.498543208544,19.374717287791572,185.97064594480824
4151,75.57813887138538,18.199078836822036,165.5093303793982
4152,71.86766225113938,19.7421838271788,172.0598510871367
4153,87.65467603052788,21.762047116677262,171.86770687436507
4154,54.78788726385344,15.372578890851978,164.92921139977332
4155,84.78268777252133,20.414540774237256,184.1596448317928
4156,84.65788498047492,24.929109893512493,197.29309070005016
4157,130.7227244404199,36.63085682103276,250.07857846605128
4158,132.26755080770343,37.354903856260094,240.64927467630142
4159,142.2484579929247,40.66145373537477,246.75524341680958
4160,136.5275184135077,36.357752536690036,251.4495654630541
4161,138.64750865786667,37.44339153908924,254.48285473939825
4162,71.601237621393,16.33341750073771,156.82328586043155
4163,131.5524796180645,35.83558143744353,237.43106461044476
4164,61.18060767707788,16.274529359757622,141.38200784705103
4165,103.1226238019835,31.086398823009727,222.35020874730114
4166,60.27249036522823,14.189263675812997,149.28382274673444
4167,96.01823579561247,25.368686332830098,208.38318114400627
4168,63.54548550023011,15.02981899233539,148.31573477053183
4169,95.87141929346846,25.609080252964834,193.4637740998568
4170,68.85645867989244,17.468498491570468,161.45472284420882
4171,78.32976336959926,21.089369629016172,169.33966597458343
4172,137.84117327180152,36.98146051826295,260.2574089122281
4173,63.32754825485119,16.18139509695957,165.7547947413864
4174,111.37834144807208,30.865782728236564,244.76252404673048
4175,139.19865860207148,36.6684880261227,260.85019515219767
4176,135.8860739666645,39.22987317910151,255.66232795496862
4177,134.29947467773235,37.45836547355736,251.0247427186798
4178,81.57017091781721,21.29600206656379,183.65198185574135
4179,96.75980160215455,22.18437492142818,174.83708634901197
4180,92.6636728165273,23.747323737275423,194.86807572102245
4181,72.0655799813964,16.254307716952166,153.84068489875497
4182,74.20209079987264,18.435895693144758,171.71905370890002
4183,75.17983278823404,18.332005896726987,167.71557721753123
4184,115.87232632547678,26.52214197731541,214.7375623462637
4185,71.38429881143482,19.019324351967835,169.97947279686608
4186,109.67049954090761,32.704343856689384,210.1241475588838
4187,70.82502299410653,19.448058046061885,177.72154251425914
4188,127.9390552933866,35.33642787664857,250.5235165492974
4189,92.62579179485091,24.505869528091967,195.26228527338026
4190,84.45738984037966,20.712831848716053,197.48717249806012
4191,84.41408915766863,21.06271508822739,164.8848402626963
4192,130.03649960790253,34.5900557362501,244.51689034401633
4193,60.99590326309789,16.022430175899885,139.28600114611302
4194,93.78757740746494,21.92326369129049,191.08445236513998
4195,125.03739131116883,28.817345131669892,224.6781711377352
4196,102.93696419727779,25.328643901106904,203.31041507526206
4197,70.38861004806593,16.43940377590666,150.7246775303749
4198,90.22157732863006,22.467101504493602,186.6808491800725
4199,61.14272835736391,15.390925520042638,143.79547676212488
4200,128.47046312073513,35.07907021506268,215.8386360273806
4201,138.24408625711644,38.1596336972301,255.37218678242346
4202,100.56180287582089,24.178300753225,205.24760920323794
4203,76.02053474581002,21.008200432219677,179.47640850469193
4204,141.79434656582328,37.81694213614225,256.7690190859195
4205,61.083812932367955,16.532232995394754,156.89069677157275
4206,67.13508977954949,17.461890651426806,159.22504343461813
4207,133.24195081679548,36.55828616499062,242.79690036120013
4208,119.08452360030653,34.043735100040266,227.67012458537104
4209,76.85967691990028,16.9898672319391,175.34573845149058
4210,63.69203061468037,16.262941682595066,150.99190139653987
4211,77.52841590966432,20.765196854717292,171.1795281297386
4212,132.67991243734912,37.64903789821046,239.8257025718169
4213,129.95404596125874,36.63915726110951,246.88214186355984
4214,93.18667413626822,23.80708330004488,203.14536130603963
4215,130.1765783950597,37.176115982546044,238.20475810075834
4216,94.237152453023,20.266367620217387,200.53492002388197
4217,78.64564606438752,20.297591290196692,168.9656400103243
4218,59.78395103950995,16.5026676122968,148.66873612381625
4219,87.76474582559685,23.602465109163372,203.9585277355678
4220,111.383542130892,27.79976010891659,199.55119606657394
4221,93.32132586464047,23.006234393708542,200.2920111462647
4222,128.35464744798313,34.554691924292094,239.88699857034499
4223,126.69849395893415,35.81521674702241,246.87804934973545
4224,73.84047991750727,20.368708591716835,170.1988982106338
4225,124.45163917725884,32.432122818297756,221.5365652473641
4226,90.55817188904341,22.375364842074216,177.76277711703284
4227,70.82379394232262,17.900476301503733,159.41464049200175
4228,131.30179911575385,36.08178916116287,256.73176129298366
4229,57.5931706668514,14.53648132264347,141.50669201280115
4230,101.4140292817648,23.97310954853,197.65249020627493
4231,79.63887942194059,19.866763730534633,174.04987851873702
4232,129.30513015044815,35.26919931883493,244.43149564531217
4233,61.74811691276012,15.575634722452298,144.493344307886
4234,127.3388854787013,36.85024460551873,246.23062299560175
4235,67.82081444603881,14.926120401850916,153.98067823841203
4236,84.42502074492275,19.820196685765264,172.30665647365495
4237,74.14055603620932,20.189075194818606,153.87058599551366
4238,89.0182198417172,23.13031006572724,189.09871700920613
4239,82.02075840013094,21.815930747790222,167.59538854881976
4240,71.81972410867455,17.799183492411895,159.3838024108267
4241,89.21662457368562,23.182292230641504,190.50670670939508
4242,62.035601009205415,14.601818137539455,145.8277458727257
4243,76.39280108745182,20.622051042568117,166.9595107944435
4244,62.51400511011894,17.88463687102524,143.96975810804466
4245,67.43027949546163,15.94345825100544,160.07347543620196
4246,134.483195509997,35.84811052134573,246.45319622418342
4247,101.3935220723106,27.21505016147115,187.77326642303873
4248,69.93955920040848,18.73702390006522,166.32449674110657
4249,131.19021418887897,36.26964609292532,248.35974510203167
4250,135.86778148708865,38.13185631614399,252.12126591296996
4251,55.89047263690964,14.804826917193166,144.89778498926879
4252,76.48457926584909,18.928809221573857,173.49841850938273
4253,67.36513838974189,16.370837126234576,158.87812203530075
4254,58.64643991018512,15.632992102853224,160.95727810078378
4255,63.92725615547358,16.046725210219275,149.45821760190603
4256,122.32347519908036,30.564926548220004,212.70550635176176
4257,147.5280540021782,38.28036354282438,242.31776588822592
4258,62.968678020405754,14.028829414818228,150.03007498407277
4259,69.6917272642723,15.73732994777272,136.40003849113435
4260,56.93611738552857,16.89738586936225,148.32825371534062
4261,72.20316598434,18.99735353714805,171.8420441260766
4262,140.07752638993944,36.34327958386179,251.46499918447088
4263,73.87093403680593,18.647500784663077,171.08791648712327
4264,63.639330731048325,15.379913780302301,142.47319474016237
4265,117.97625906178668,31.39828847703005,247.2068595379711
4266,62.510935651739345,14.99647262701892,164.21440758182231
4267,131.740614444091,36.69334742677062,229.67255332978215
4268,61.49421013022823,15.53829941038339,147.9240022827771
4269,85.57719992250519,21.14028907947213,167.38392156820234
4270,141.28009593672928,38.840547543309135,264.2601579966799
4271,118.49966716054787,30.862766900944745,222.4411131609871
4272,146.98364460007124,40.32093190020182,263.6127886980863
4273,70.21565540207753,17.815429121586675,161.09659726881225
4274,60.939248484968594,15.781124341434184,151.6725729300965
4275,126.88114681367433,33.756849422724436,250.9629158087312
4276,126.97915360387286,35.65549485915158,226.8312529094022
4277,61.920163665131376,15.91583912142402,145.83615408045247
4278,62.43506661816326,16.551080794906223,155.2398416970341
4279,66.35631290102313,16.828839960955154,172.3677744958832
4280,65.96121679312158,16.69469702793464,153.172792338265
4281,86.12080366527861,22.297953485982813,173.78921597982466
4282,80.0714847993144,20.55098836436968,180.46855292373627
4283,105.43090190785624,29.552725395356124,218.46609957862515
4284,75.05834817368698,20.054365210234774,142.87101629539555
4285,121.37173341521941,30.869522101688677,224.53663420533624
4286,133.70106396143845,35.025563178010884,242.60451931491144
4287,136.10871619564065,37.044638379607136,241.41359257713165
4288,126.80989725094366,29.47138322961751,213.5822033596199
4289,55.2334425411,14.659898543258675,140.10708138400108
4290,82.42297620597093,20.524922205025327,180.04500342456961
4291,134.54892461270512,37.136657183826564,255.07761883249768
4292,68.27671662774095,19.10024422977744,173.962314202978
4293,122.58851792716287,31.80871801407233,236.64238253759314
4294,124.28955422750148,33.80609192418648,237.5722694965194
4295,66.37059717211544,16.428080666927713,155.66973807825153
4296,89.44515193439705,22.842465727017032,194.5049284448985
4297,57.17468880383566,13.676345093679013,137.49665134448665
4298,78.8243617000432,17.94366147296039,164.24098782832928
4299,60.62585526631839,14.010914763487122,155.39400656582737
4300,139.30485455680926,35.50015489091579,249.97425755151664
4301,63.24485768063263,15.346083282348639,147.24742859855994
4302,138.60903078600418,38.61576898671081,251.0460136257873
4303,75.3234705488775,21.382834523100424,173.47735833011276
4304,131.8994200156399,35.144043989668496,240.83714065829187
4305,84.92370227244628,19.615294507215943,192.29262278816074
4306,70.8571026826997,17.329562002380875,165.61329641034817
4307,61.39008533971527,15.751838676619004,152.7901863871249
4308,129.83387861819435,37.96367004773462,245.39425841032417
4309,79.52842009019106,22.384961196855176,185.51271829258255
4310,88.27638804010378,21.552949399182435,170.74723693498316
4311,91.58870016764958,23.372489895994903,196.74050319705435
4312,138.3284501640925,37.674294412767914,255.70321708940455
4313,68.72982744708459,18.778995651214952,159.75613701317278
4314,138.08503074792176,37.503749812904935,254.5047113986962
4315,137.86948517088263,38.207976290493065,251.80580888479096
4316,106.9977418779181,28.68484324904008,210.2720141233875
4317,67.7319345536336,17.01915877796851,157.0838659582958
4318,82.45308513890215,20.252200467960424,167.35258884008041
4319,66.8318957908523,15.422233972269845,162.80135131918246
4320,132.1961098574965,33.04914385464691,229.23029150632638
4321,125.19622852403545,32.611283970092295,228.18722264306516
4322,136.05067156769022,37.273302532545586,247.646725097526
4323,75.38749730216519,19.947067848891034,178.2585534852678
4324,71.47007865687793,16.692668087142568,157.76122161234125
4325,78.94787831286054,20.048375531156648,173.71857642776172
4326,136.05951719103396,38.4299916103987,248.9865694866244
4327,64.97150021376832,16.179878883050453,155.20210434192555
4328,141.54856379182363,36.88849922218122,261.94021423559496
4329,69.01447216518561,19.219569159393647,161.60630671214412
4330,94.28743184539536,21.204663973348385,179.1523954245226
4331,94.41230082245634,26.01665050601306,182.53752742342172
4332,64.9347782021979,17.25109191480505,152.80940141973514
4333,56.67696492262837,13.1314152415927,153.6797186508509
4334,132.85377802822072,36.222139483717534,247.777075625349
4335,61.37503518229302,14.330730548371593,159.18660761658228
4336,81.49439313400097,21.5407039252473,164.85295897659816
4337,128.79476765351458,33.99578445445119,234.4976167307677
4338,139.92912192634995,36.11821150027516,249.50841161148455
4339,64.09819908215582,15.671063445601268,149.37321496237948
4340,87.11248279609823,23.788156713207368,177.10120139595043
4341,62.284773417511715,15.508848743329425,143.01064887938318
4342,69.28733109619483,15.961847061996218,171.06602071084234
4343,83.48944780042531,23.911247717842482,193.23096571014187
4344,83.3817151496766,22.55067203982122,173.37236273358255
4345,138.24864072510044,37.19540264429217,252.2613874302438
4346,58.60693462138158,15.990968667750694,164.54835357646263
4347,89.70306940220506,22.138768209830562,187.41668310634847
4348,94.72188883329486,26.64728297554804,181.55796005471277
4349,79.01399642477875,20.159906624379115,161.9333610993505
4350,133.1633871255061,35.3105431839092,246.15245972542303
4351,75.29466345305111,16.77744107093258,157.99271335118044
4352,129.3336202574247,38.62212024001071,243.1963427071265
4353,53.75608587241973,15.047368943420702,143.5248519351904
4354,134.89108848709154,37.27539043474873,244.19895376563196
4355,127.89902136638933,36.07813454220912,249.7326730977928
4356,128.6383853812917,36.02756175485538,245.42726826877802
4357,86.23942167473379,20.773207095969124,163.38601924529496
4358,126.76178146267304,36.42806021806745,231.18704542243333
4359,127.926138812484,35.11715741019073,242.20399467280285
4360,95.78222207491753,24.505472066933688,205.48635943364226
4361,73.83154617806217,18.02172339715971,170.20097666222188
4362,126.89539381384974,33.28190751242467,235.29482493326648
4363,76.27481728946096,20.526676575956877,178.42076201149402
4364,134.53259048366883,37.35567397358183,266.5365223687731
4365,91.81042504384799,23.993666797858502,203.5096819235957
4366,81.23896976550135,20.358586122340036,172.3806193486893
4367,70.97344013707657,18.369553958508593,159.11923466550186
4368,56.43259879691896,15.44300614160886,152.32864978264863
4369,74.01155849013743,18.363208662356424,158.33527178776367
4370,108.17089629700807,23.939825424843306,178.3670834723329
4371,102.45851019966133,22.00359963215372,192.87910631145465
4372,62.77417594933093,15.459364579150341,149.7889814683007
4373,74.88750538947924,19.201101576738658,165.3958366568832
4374,60.186645241441425,14.603920851282464,132.24776571843793
4375,115.4037346014799,30.73920336031264,221.5537826518403
4376,59.149613871699266,15.794828744423384,138.9770535951299
4377,58.5386250824206,14.547894915246163,144.0930723974795
4378,140.4659934352438,38.84233908216862,253.78661615904738
4379,68.11889410292287,17.82425152770393,168.38867421402776
4380,67.20121493438734,17.714221181244703,162.6622122322974
4381,68.44330242125129,17.287099405865913,157.278146046192
4382,71.335562634906,17.493663703988457,163.78068959608984
4383,127.767801633075,35.768400005135724,220.00880226203722
4384,139.16724037659523,39.09000744386497,253.21604673917332
4385,144.47331500581174,38.61186561861527,251.14184493712474
4386,133.36642543907246,34.56412799217524,255.12114990349517
4387,137.9633412784314,39.81776221015277,267.91629084971004
4388,63.91794878386554,15.71665861737466,150.4368950483431
4389,66.912149127718,18.052404626290755,167.49178933033963
4390,59.57126029920149,14.550206436781279,155.1270150912791
4391,94.76375406091474,21.59112555462097,185.7771347377388
4392,136.9723443986175,35.63338917973905,250.57992593293096
4393,129.08028368453458,33.59704483971914,241.64112996015464
4394,74.2155801762896,19.45443671102667,168.50744298364825
4395,140.7758199501677,38.202905798036035,253.1154629842469
4396,133.75240581882397,38.165898768176554,247.74274697291125
4397,94.72111569135714,24.788255063050098,210.32393275729
4398,69.04325994629248,19.347296009955745,149.49083052682974
4399,71.7320569792415,19.856625005867695,177.63986700292648
4400,71.7273641968856,17.986053594307695,167.91059085313773
4401,76.35505888351462,22.146751203549538,181.46727640296123
4402,123.70061352496914,37.06186041762426,230.01539573268306
4403,104.20675842574705,28.093605590441843,218.68538160731433
4404,58.806326595163775,13.890253932486091,148.77293660737016
4405,130.0960299473613,38.46270424510161,240.9958755195635
4406,100.49220869464526,21.817165836865772,182.13496711290352
4407,141.80767221591518,38.01893884191243,256.23193323182335
4408,72.94330036513851,19.286447832632984,165.7835110692191
4409,57.99104175842631,15.36551370385258,131.41529576357956
4410,128.591601346139,34.39864056130883,234.79222219416917
4411,76.55784923254296,20.27708107433765,169.69465418902107
4412,64.03272697727333,17.995890811460907,156.99857065866277
4413,85.34604726819532,24.907751420709427,164.3160229811754
4414,136.52867981098206,33.70877613045207,238.5690383324276
4415,66.96120987506492,17.808833073945085,157.76210766621972
4416,69.31552553505433,16.827291782258612,166.25589100634718
4417,58.59265276544535,14.88099356032216,144.18112306959193
4418,81.50552121969623,19.27252519011637,175.63208396938384
4419,58.94488600698674,14.450325495772573,144.29374389005952
4420,99.65502578581449,28.41111356947471,198.21998348826264
4421,70.97232778295951,17.535171476901215,166.98797384788188
4422,132.84852479068476,37.92893039869383,251.99455975877768
4423,129.89870743337227,35.03875955912486,256.33576139032374
4424,90.58346586373095,23.269401642358073,186.04985484387697
4425,95.34198294615541,23.967437448915142,196.7664781029575
4426,69.37721549362047,17.838448869633492,147.0976967713031
4427,88.59263424132129,26.17153236360041,195.3416049783222
4428,83.64309811650087,20.592585699739427,168.5503392496142
4429,89.25049837884139,25.08332261565334,203.53161041078195
4430,91.19667928938527,21.373572778399645,187.66677784171117
4431,94.32469689381689,23.002238825452753,200.75805758770397
4432,129.42526986553116,35.44306218371974,254.63368143842067
4433,62.89451960022374,15.741725512978016,150.15263364081426
4434,136.83486653852728,38.95841828249082,247.76834715114524
4435,65.61639551456872,20.333641589992528,153.3672758155445
4436,90.5252224441443,23.422693859010653,186.23385592774574
4437,66.36426460323888,15.847236485486489,145.69316024261946
4438,83.87825402847365,21.7296433238824,191.8371655686761
4439,128.5520923117132,35.198725407955074,246.19649215870473
4440,110.41283446189122,25.973965664560634,201.5160780889266
4441,135.63210214364776,37.65914879198582,249.7350398429332
4442,131.8373373619558,37.585725442807274,251.6010454416237
4443,94.69917669867559,23.628219817809676,197.42211676208856
4444,80.05076171819609,18.746444334457326,156.4979462082072
4445,67.17836579614563,17.82828101195216,159.681856427501
4446,134.94373856154112,39.91811075296527,252.71880468853212
4447,97.00506583044486,26.224940250874827,188.3803470636142
4448,88.75618538685397,23.527992102939674,190.94932632487544
4449,60.513779047125794,16.46832759260277,143.92891987072662
4450,70.84158645395638,17.992188911210185,160.7537136569383
4451,71.46200315544279,19.43554711704797,163.43006836547167
4452,115.32201087039523,32.70838287838631,242.50141687399216
4453,137.02148588654316,37.013071078697486,249.99292939641333
4454,86.72661662411036,21.286870970547536,173.5766177553206
4455,135.8784047492824,35.42428796470187,243.63634512936287
4456,74.46703570782911,19.40082068026991,171.66039095480747
4457,86.33252352983402,21.797949173768327,180.31104984646115
4458,74.3523276254541,17.86928190619035,169.12036170556334
4459,62.07081497013196,15.800100371230789,146.05428948973952
4460,127.66526208087386,34.34790249991092,232.29039126843276
4461,74.30111562452963,16.910519257545264,138.726386366893
4462,129.28577360769012,37.09766526341929,255.63988460472453
4463,139.1135785989853,37.55499206985942,237.3905789831669
4464,80.59537291758524,18.711477500429115,168.2655364056948
4465,89.00498803173643,23.173906236899285,183.81718555666654
4466,58.31689848610877,15.657208219074954,159.34000051612534
4467,85.31996369667802,21.25072442208828,180.95480068203736
4468,72.14126147845482,18.484153515024808,182.54684391440483
4469,142.67880184491665,41.78570504181906,246.55700728896161
4470,142.902550001175,37.272075800429384,265.0201092940755
4471,123.30678312597294,34.78434200487926,213.31805807328718
4472,141.30126126441976,40.32056476459082,251.59614403697216
4473,88.31942246632835,22.943880313297075,188.7229316165993
4474,65.80866131403947,14.27460163040777,149.04331159350008
4475,88.2664095731118,25.400650752618137,190.4231226835805
4476,67.79658560324596,16.76249363102387,139.60786296805986
4477,56.838150105859285,14.899533269721873,134.86208783242577
4478,69.49929625202509,14.015204404195211,142.08772936574505
4479,138.95720393368313,35.55914054649818,239.46632637536592
4480,129.89206704453994,34.56775577884788,231.7947866291402
4481,67.57040362666503,16.499485280861986,159.42758484876546
4482,57.881474264722044,13.657929212547987,152.96638219330455
4483,112.13211988779992,32.923852613079085,226.28778583270187
4484,130.1517665068313,34.875292325972644,232.58887573889757
4485,93.71584984223739,28.39016888414824,216.95179765483573
4486,84.89003320841175,22.592112323986186,188.8375605418718
4487,88.56439935803029,21.98958967110242,183.7933027697875
4488,71.99087700951684,18.850587122159613,168.9500480978272
4489,83.78862620279261,19.510772140699903,174.6033409939493
4490,128.80078321494793,35.55252862918962,247.875650624898
4491,102.06944533919277,26.531512018623573,192.72874625553757
4492,78.46009747129467,22.1424863554664,166.447929087676
4493,131.55084957954412,37.52064513858686,231.87294721927523
4494,80.90299793319194,21.610066898494686,188.12486598151128
4495,84.51335064423903,22.445452043301273,186.26599725528314
4496,133.3933222681031,36.898134992833754,249.53180556548463
4497,72.2079617985166,17.730663188945233,157.46363245594904
4498,84.5402243536033,20.429081075159186,180.8681123079306
4499,92.32494572103069,23.90100470237464,191.58748992420496
4500,54.68668032948026,14.595567216768877,161.54557848700878
4501,129.16291510541194,33.303916903736784,224.38483934494778
4502,127.65757661054133,36.15428200270436,238.3905749669083
4503,93.39310887702457,25.01846212274491,193.3251721835671
4504,84.04426940836255,22.589385520822173,163.04045737605057
4505,58.81513683717405,14.402585471376028,146.91093829909747
4506,109.2289492446691,29.514164283398642,200.75081562967296
4507,82.70650952042435,20.555186070891384,179.92895288020543
4508,80.16744917378024,22.032653906168726,161.36620266757689
4509,120.52886649020918,30.890832650409944,218.3433225371935
4510,144.75823799800835,38.076186444233365,258.508071406943
4511,90.65657773005445,24.54207867313036,170.7992308681324
4512,61.404821807173434,17.18244726428627,169.64871617506012
4513,65.50097409637006,16.2808237960281,168.38995624356346
4514,134.57279676816327,36.76237237347049,244.96800583180536
4515,131.7483127225095,36.99625877614185,243.68940806023792
4516,59.8830708551043,15.893788377368926,159.18600334841085
4517,134.75115731443415,37.48306115695519,248.408347139578
4518,132.66392901580056,36.321345834336164,245.43866898470966
4519,92.2615902790639,25.03038373050167,194.86672439132087
4520,75.31733187398599,18.594802437060352,166.55163086532693
4521,139.70288105453778,39.504941744603805,247.65844051202146
4522,136.5529568588446,37.93274523749948,251.08346982321063
4523,142.1375949564006,38.55606225614975,261.45613386368626
4524,135.99446109330654,35.245219465964944,251.21784203629383
4525,74.4245301642431,19.99713938997115,158.03850080390407
4526,64.99284980518574,16.218427574831328,155.49559999528614
4527,72.19893682003377,20.262217787397486,183.85489881658074
4528,139.598201629726,39.68561733119532,264.5450556692866
4529,136.60150440305077,38.04343129928075,237.05628950508148
4530,112.75579022457835,29.192665291356978,213.7570467297578
4531,97.4427880232714,25.37691876982147,204.68775798780325
4532,92.00488969001485,22.205938591322468,178.76471334209205
4533,101.23224586930841,25.372896546594923,203.87357733050342
4534,88.4210693169146,22.922970266490022,207.2294176301293
4535,126.4857374625572,33.1152326807505,229.31109341109394
4536,107.87654327661005,31.480359748775793,234.40071640161293
4537,65.99385957534328,17.761928880079942,153.87683260152292
4538,135.76221252523433,37.735720060234954,242.17291291543356
4539,68.09428692971618,19.154190468978708,179.48441699559484
4540,77.18098261237158,19.050248888088422,169.54688714485295
4541,87.27465984905636,23.601241776894472,192.1891778937995
4542,120.31354694856289,34.483328927183834,242.41688938116087
4543,75.71454665468836,18.237601684899598,172.51782843149718
4544,90.08044973710786,20.965190547303,168.93133494523207
4545,73.14350398016225,19.70200320418206,162.3883731101967
4546,87.52405531352092,20.134688841524955,194.75969080733742
4547,78.46307899789154,20.783965893694845,186.40312435473194
4548,129.97764278349595,33.44064947097694,236.26235489611412
4549,109.13434704528451,28.13472127714839,189.94163679605035
4550,78.59525273619163,20.473039239157593,184.72003726698867
4551,138.3031154764225,38.301401835611706,239.3090700188483
4552,70.43832250568472,18.12088840016464,156.0806755779217
4553,72.45364931689683,17.19507214349421,167.40153457609105
4554,136.8867891251461,37.335237023621815,259.8138692599676
4555,81.91297978972058,19.94986339156499,155.1299270540397
4556,131.96220059404155,38.89041552421507,227.56962987424984
4557,79.29909571646515,18.444468351592377,180.51760581322648
4558,89.55452142043623,20.089032945883506,186.38749868640215
4559,135.34556087458148,38.82950249670269,253.0690320706484
4560,140.7328904580079,39.937513995657575,255.46402214757828
4561,85.04401610524813,24.059745142470128,168.22164520148405
4562,85.22360235032481,22.46312464861646,190.17801178282727
4563,140.8014036173602,37.75301151083392,252.12566970964374
4564,66.91030468783408,15.414023096379937,150.91984110663606
4565,112.99593681900862,28.098234867531776,217.42334168526375
4566,132.40997748162144,38.79416768214379,248.60178812852413
4567,86.7770164014914,22.473379176652312,185.03780127860148
4568,102.63964408527468,25.58385506747721,211.09361007795363
4569,83.20684826122029,19.748482182322217,166.80400679470526
4570,143.65363419236704,35.67970657070356,238.14260489492716
4571,62.32071649303679,15.54401615526587,152.3293556553383
4572,90.54170677641348,24.251648279292777,179.11494350058163
4573,80.51919145790377,21.52805878108052,182.30127119904577
4574,87.1596283997035,21.405570041948156,190.32727679849552
4575,80.39750561066786,20.362235089835025,180.11439679203156
4576,109.48488873994017,28.694886120709864,209.3830233535933
4577,58.45166590906381,16.3176168850774,155.57903118153087
4578,86.72039462093366,22.1073241985565,198.1521462808518
4579,129.47894911054306,35.7944868796913,235.73137211585345
4580,104.0035320933825,26.104481032245754,211.09390877080827
4581,132.52890836065544,36.43681286904259,242.8877168452074
4582,97.60003306144237,24.30596892718169,182.70067281857186
4583,83.41728222255175,23.362064397391077,172.952788965277
4584,83.14922078225108,20.26484440704586,195.1911468172764
4585,85.99730219975011,22.97253509913804,185.8130391543288
4586,137.53038541337045,38.831791673394285,245.99981170520456
4587,54.27475833433956,14.498272547879322,140.01103594171613
4588,76.5536202582432,19.90324394155253,175.39960631627557
4589,76.53871671705798,17.91076994445427,156.55400593608843
4590,80.03901326379817,21.937692281842214,168.06675772503215
4591,134.0953149363009,34.91706735735122,237.98414009701744
4592,94.82986398541884,24.268807701725176,192.69758330993395
4593,53.118846761294485,14.794903400000704,148.8348002057176
4594,90.36607188530488,21.61187139656275,199.18973490383686
4595,57.27730259557129,15.51581330517185,149.5559950798716
4596,133.10804906336577,35.239007818406996,238.56787576292962
4597,75.56488020607553,20.418435027272988,172.85945646692508
4598,94.30563768693513,23.562666195495463,190.53193586487484
4599,74.19201102230998,17.800557706742996,152.77724756482033
4600,87.65458307193904,20.649557258437632,180.10609347084684
4601,94.06549160592208,24.86037978552092,186.6272513223249
4602,79.26410211826679,22.1152433543595,181.81552898019484
4603,143.61905571252976,39.55896460090447,272.0550893999718
4604,63.657588089329415,17.149791076179763,154.89220623260482
4605,86.69880276294917,24.808778710905724,183.86114762557915
4606,137.03572014113155,38.57041369799392,259.4731332435494
4607,134.1534368053473,39.21964011821801,253.74299021691945
4608,83.47507426023112,20.65994384877105,175.61825602854813
4609,132.33117411348755,36.24326323056834,244.13434263607164
4610,57.45380446938591,15.303397653326828,150.0456451289344
4611,62.66953311457524,17.9875250681317,148.11768052981847
4612,79.25954636458385,21.333964714743413,166.606153347905
4613,57.35066348307179,16.924631225517206,138.3682079723054
4614,71.68422097005028,18.854538986788484,177.3990145217363
4615,93.2690547569961,22.792242625181004,184.91478137805797
4616,91.54836248189049,24.912963946626935,207.18218031998023
4617,75.95613879340014,19.43124749619589,163.91493994721426
4618,134.4307660179125,37.29118663264635,251.12633803098245
4619,100.88390633186066,23.59297055784481,187.63726971844375
4620,146.01580365853252,38.48293190779906,243.39102054231694
4621,133.58055132927544,38.06465072858307,255.51338165008744
4622,77.79012059939082,17.791151933510328,167.17323127596134
4623,80.65954996138014,19.975895983811732,161.98736291614074
4624,86.84673876434586,23.03158043202639,184.10485516545785
4625,139.12712492697202,38.63311512901338,256.50558570139515
4626,76.4882682283248,20.247777114873827,167.73348111188872
4627,65.78619780202389,14.96414138505749,143.57211537415523
4628,69.80825622077667,16.873680813163723,163.16806147929856
4629,129.78668121207173,35.63093370022009,231.49725466222688
4630,108.76644746425761,31.243438048629542,229.20037545908818
4631,69.08774154546751,16.567558152571173,137.46773887500044
4632,123.62939406470296,34.85416477656572,234.40780765595204
4633,84.81742426197751,22.087703401170696,181.94651502332798
4634,135.78906770860496,37.75981167258481,247.12134914583905
4635,73.81613126377901,19.247393515799782,168.74782438184104
4636,133.86433870404178,36.15445869917911,241.65966080675375
4637,107.3073996866956,24.33298038306894,201.95838711268556
4638,95.55977974459279,22.196823763790132,175.71198693622415
4639,90.29848126036566,23.24541265275405,187.20149331830666
4640,92.99583513711491,26.934110356841543,187.16130412664722
4641,125.90330721628563,35.74882407748636,245.89974289487756
4642,107.44028662142078,27.019216663553863,209.67907400022145
4643,141.06305270691766,37.25252009419675,248.4107568728575
4644,72.26949710509898,17.482711246756207,185.34097182123193
4645,88.37650977689103,22.033310877864064,197.47957665614044
4646,84.99574228547058,21.68706668540222,163.52332705926793
4647,82.63293130976324,23.579452569140148,185.86229290471417
4648,98.11823854383758,24.134863162252273,195.6215865126225
4649,143.5126060434318,38.50553189010379,251.3341237647111
4650,68.01792979647672,16.881988730039165,143.51320008383928
4651,77.03118746194089,18.10019847336378,159.67376112286414
4652,83.67761221302491,24.21118208987648,191.61329832706014
4653,61.175242332354266,15.319040662334022,147.55746329612313
4654,144.4364514830387,39.14683829549285,253.37794505049507
4655,55.78364122357686,16.356094229288328,134.9673185185873
4656,69.23150942482802,18.127670019835854,174.17677124257045
4657,130.4939890208266,35.785046090488834,243.68879266496762
4658,131.83653171406945,35.19973151673938,222.9114219897544
4659,108.95013558377933,30.093899917334717,204.9171295305952
4660,77.74272808296585,17.99248331908946,176.53637518820153
4661,127.76412934003135,33.27183744722132,224.39973894846773
4662,138.1891270651301,37.961086315382396,250.0772678080538
4663,61.23037241703028,13.698895619410692,147.17202720900573
4664,83.16520718156397,19.370719312502754,189.20852613635233
4665,91.64389440008951,21.598060712311582,186.20932937760378
4666,87.16444101929885,22.105507938589334,174.7538449217989
4667,86.58383612843421,21.159906116177073,183.11911042446886
4668,138.7259296670114,38.07686344397019,254.86391705220652
4669,90.52011138514756,23.183678565092844,181.5284921279738
4670,74.51278178993458,19.639165074203095,166.9215963566471
4671,63.30727579587474,17.47626997156098,157.6971485481286
4672,139.8051868940034,37.2778809282019,263.8423468783889
4673,78.91583058722289,21.100458871877503,176.05910573139604
4674,74.1983882580379,20.15846190112354,165.16916280487843
4675,62.26328569967059,15.225375554581982,148.6261019330295
4676,136.84952944021617,37.30388906887115,250.76261192349494
4677,69.39307133962616,19.22291268057445,173.43123560723646
4678,138.02483445809392,36.88130526090278,242.1677378460458
4679,78.40154102961006,21.404643903239172,195.28413891784444
4680,137.27014567201823,39.34892183111578,247.71828602073938
4681,89.51988612113603,23.73471816858008,189.8325250957822
4682,102.4107545781653,23.339770672950497,202.43011097763306
4683,135.82396235629344,36.706844250439396,221.85907256216277
4684,93.75438824858138,24.27750242085343,193.20796358318032
4685,70.16937327167834,17.553017406147127,159.08454123193374
4686,67.32218190442678,16.44723640640957,158.57514082823388
4687,77.36721910690461,18.201967352314785,160.31065865165453
4688,62.61621186878743,18.85192389847088,161.92529511020896
4689,136.75002152200713,38.07775223014021,235.84291891250714
4690,140.19269609390406,41.10120303771951,245.24620588377155
4691,65.60341468693284,16.01208849814342,165.52825307226294
4692,63.29548351167201,16.598284074747685,155.13183797792914
4693,62.00889955445112,14.358236640382861,149.06548788825924
4694,125.06127636773341,35.69694324973806,233.90015592702153
4695,68.74929369439566,14.960310078086673,140.1139455030427
4696,137.51079576158838,39.27105709513716,244.2740777479718
4697,54.114110574320975,13.609778999062906,142.78543927265451
4698,64.19385318719657,14.67240020962709,160.13511281380826
4699,62.62373173829133,19.206283396496882,149.7725532239758
4700,134.01655103550067,38.32952194223632,250.67443868465293
4701,84.02791454413973,19.05987203512885,196.1902211658628
4702,76.62293498119533,18.975069162245212,168.14572749484913
4703,80.52599606436051,18.70964666929684,180.9491035451898
4704,109.9341006761634,26.668856961804902,215.3575731498989
4705,66.45312451800785,15.491696110838808,146.74318048748907
4706,62.900246743630284,17.47120537452022,169.17101562178019
4707,92.14790092793943,22.691217005563534,165.36620942530394
4708,97.05409277952414,23.972045287696492,182.44979791656507
4709,71.04434437439404,18.00617203042006,166.8095767990429
4710,113.50190877101092,29.70881902903597,224.7955834277296
4711,66.0845129528665,17.411115900898714,168.68559325761433
4712,63.45630263169919,15.75161604875178,146.16054242892642
4713,95.43442924058586,24.692997634924854,199.13254921742438
4714,81.93840090964598,20.80293329284729,180.6845545855638
4715,112.08619539810279,28.476600472303144,210.14213886713603
4716,93.01452129902991,24.276261807093068,207.049914872189
4717,124.61886658074194,35.32567611097801,249.59698097121273
4718,140.9184689745833,37.3956907263858,260.7081873814297
4719,57.86255561812941,15.361407156219164,149.86246840784233
4720,140.26461176146066,38.27819264800362,254.96232097796465
4721,61.26730880341671,14.71063050881009,165.5888367378427
4722,69.65472574053157,17.984651432683524,166.93096459464007
4723,82.85159516724302,25.197512108223595,200.0319633213553
4724,65.99337014656659,16.65173772084076,152.91309617074066
4725,94.70202887374846,22.080292971914634,185.85120712737236
4726,74.35141328715905,20.641225558261606,182.57127795634162
4727,138.51567000349675,38.39863315746518,246.5352138563636
4728,137.45148672137898,34.18616963199663,238.3509048854243
4729,84.32916122011724,22.32750071480216,181.7158543023326
4730,69.05254708638226,17.82274599609058,159.10606536238814
4731,73.72698939089726,18.71623517784075,160.90043991541967
4732,80.89204901580375,20.830030257969895,177.63802710701938
4733,81.81917394396247,21.872239261168556,175.2511906197774
4734,140.99235690076054,38.861314092757446,257.6261617717004
4735,63.87543137706231,13.701593761710772,149.08457858853777
4736,66.10195155218338,15.346372760139136,154.86356825530268
4737,133.7288806314951,37.625204078293585,245.99329936113804
4738,59.180052533457996,15.715645677974086,150.75052645704702
4739,60.787183945649154,15.117560454283945,129.76870196275826
4740,118.75586971858915,32.13670678219096,228.6987918809642
4741,68.66720592983711,18.052158324293497,167.1959401079638
4742,91.2080564918552,22.71715368130786,190.6652951080994
4743,81.54961965725761,18.68559762666731,185.7770905195646
4744,130.770803099076,35.927564820616396,263.563452775976
4745,89.42470322562484,23.10215554391591,175.05811771832632
4746,72.96069163528149,20.100588979545766,168.0261022322807
4747,82.9591445478897,22.88078206263064,173.15126789340437
4748,76.8785919234254,17.707442910049696,151.90211600833229
4749,61.075243768612275,17.551287219181116,146.0562044606843
4750,96.85137663908868,23.636672304232153,202.2434555672135
4751,69.7112672989703,16.816192918230183,150.59280299691224
4752,53.471396112482445,15.917187268447094,149.57024983768886
4753,90.74166317671846,22.77650625780295,184.83978186937549
4754,64.03314154334278,14.152794185221731,151.25111754154798
4755,138.00738393854215,36.160490317037336,266.2260002620983
4756,140.6633728734703,39.44285057507343,262.00801413730375
4757,75.11633253643431,20.54692665799306,154.86282433832505
4758,94.66116278814427,25.139671562013284,187.27113177153157
4759,78.06229266199192,18.64263843530352,148.46794624767205
4760,143.04812752834826,38.82381546209444,248.9038289083551
4761,64.54430553074236,15.291590071776787,144.81743553542006
4762,140.42589049819148,39.27997366750869,249.468377153293
4763,84.89990294215508,21.78445192539186,166.14451975654876
4764,91.91072002517315,24.496177602047073,192.21129184235483
4765,114.71077973860298,29.676778273788333,196.44370776292678
4766,139.74103376231702,38.536878216372735,249.34671596662847
4767,134.24109938235867,35.397981569877565,255.00313777664368
4768,78.86914496456104,19.873005751953826,174.47155531827846
4769,82.31233577361203,23.331849764206876,214.6523600592927
4770,68.32687329696459,15.387323641477149,155.57665662058002
4771,71.81987928868556,17.396886005660274,153.35360758349262
4772,63.84594444486374,17.021678425511833,137.47711641343668
4773,112.965072565678,28.10002778639756,219.35388578973965
4774,83.99471996210724,23.245969885601927,180.21726502363134
4775,60.92208609491619,15.604072040433406,146.89217971093163
4776,81.85490095571366,23.13387682945895,201.5373294921743
4777,68.49019413340567,15.110808807413546,156.95501517947613
4778,88.67988116128102,23.766958436491024,176.50296084883223
4779,98.30944384478404,23.343700193579643,188.1675516342769
4780,85.22912994468886,22.800307302205905,192.73584839334913
4781,65.1451387080117,16.585984351108888,172.23901942650238
4782,107.5710424197266,28.229262728143073,203.85204448396848
4783,99.89585205320911,25.33335263569399,195.13632712869563
4784,96.43005501648919,25.977993040586153,201.93509222520373
4785,66.24504390335454,15.333506898499543,148.75793160629792
4786,64.64654448353139,15.176754291108402,142.45581854116185
4787,144.07624615600886,39.225099008398864,247.87666168996216
4788,145.70182451427112,37.24578483521639,259.51604343499804
4789,57.475308417152426,13.435532050383268,144.25042033812272
4790,64.49932776663557,14.475444145523161,138.58460620691093
4791,78.02272218370264,18.39121384281393,172.11512028921445
4792,140.33660033115225,37.2124627880112,259.5800338239106
4793,74.24680501856359,19.178831748589833,164.13356881463986
4794,105.51933568048129,24.564002050701927,217.28143465850715
4795,86.5777617135184,19.56651392254965,168.83522705504228
4796,115.35741665778892,32.9427672491616,241.65259144348013
4797,61.17258748719454,15.99505613628414,145.91908665857378
4798,90.52489332606028,21.865249435551345,197.50801825348955
4799,66.04910356199439,17.37464157543833,144.38800576617578
4800,127.50917693571465,37.993028110896724,243.37998266332013
4801,76.21695508128728,20.05975402998244,184.59056146311744
4802,78.45001152181605,20.385742870015147,166.9840951712658
4803,137.79424046644132,36.36129848851066,254.58780156670036
4804,85.69791899354405,21.858559519421167,174.54763702202166
4805,97.29027815288636,23.6418875424848,183.60772745855522
4806,127.6737315306719,34.90927568082696,243.15530932162036
4807,67.30237717944475,17.603983916198764,166.51064146991928
4808,136.84910092682637,35.68686996152227,244.6782316955807
4809,88.81489141203679,26.294378133318958,198.05547440016184
4810,142.13781316772238,38.45714093438807,253.08167840493692
4811,69.64704758833754,17.71740124327535,172.21361815553865
4812,140.43224621093887,37.91886987118348,245.07435844540342
4813,71.98379657730446,17.67913540331249,170.64483198300493
4814,124.66059140225643,33.91933410661827,236.78764702068375
4815,87.24633311003664,25.65476425720645,201.08718159306338
4816,140.7903433746251,38.407068333212365,246.10556646253625
4817,134.05345223426016,35.41500549960957,249.32586458338662
4818,86.6044599729462,22.99429486754949,183.15779690601224
4819,134.63908709777067,38.09834732530435,256.47581777142597
4820,110.47215293854184,29.385420812193043,233.97075173304077
4821,81.69543816189687,19.226615219148485,190.93195342484867
4822,88.53710543198149,22.16184631892182,172.16073676552273
4823,56.5378300319557,15.7762912235993,159.64007443911777
4824,70.40641048519394,16.628094295614808,160.48045280618695
4825,130.750165186518,35.681060064020826,232.65080725636395
4826,73.65980841211707,18.732199549286,174.02668120931094
4827,82.80852732294592,21.555156549259255,170.76050984808742
4828,79.0031440051546,19.483304935281986,165.97044452884128
4829,94.59247908106913,24.330218990598613,179.00258044262765
4830,65.65010198886448,13.232589299786236,150.20115716684685
4831,87.79837627265267,21.804734429352852,180.40482783834048
4832,73.74465394291776,19.921687582879755,161.29576097324176
4833,127.91773528521323,33.06159591147121,255.80559784308085
4834,60.864165054368094,15.515422418791847,148.36022927529007
4835,132.78902232829006,36.54881204129277,246.1708891070028
4836,68.78704308184517,17.597641981003115,153.15448224146778
4837,61.88787526380323,14.98108331876607,164.55817388156035
4838,61.84969947786266,15.116001988747005,150.53043712923582
4839,78.57264202033002,19.698979744318894,173.90421120384428
4840,92.54909688648313,21.45514042426655,185.7196313767718
4841,130.72559559237214,36.59090190322201,255.61635751508928
4842,136.71659542509374,37.59066803889276,254.69065475601533
4843,65.15730050019015,14.373253356913528,157.6115087815837
4844,63.29366163269619,18.216398984239763,147.05607632686954
4845,116.53774849910315,28.00910902426855,205.9086479716032
4846,63.96369253169929,17.625310313507978,145.4774936536078
4847,128.29054504016443,35.37365320705026,238.80372487128918
4848,73.49411459402475,19.84126968523511,188.72743463484815
4849,90.86010141319127,22.25752341829759,191.17365713239897
4850,70.79191912466679,15.175380324442319,158.8551547128251
4851,142.1490192708408,36.95723966372602,255.04480574318404
4852,54.17961425257127,14.418659056821172,137.24225567583966
4853,95.18631568560792,23.310209584269163,189.3596140568413
4854,63.28094560707047,15.173889885151086,152.90300874028208
4855,118.94477835127721,33.184329560868115,235.25648524854617
4856,78.58221091588251,19.943814958319233,180.86829573708602
4857,67.6979443329687,16.77667943616484,155.23570068176727
4858,147.92176978821763,37.21168569379963,263.5744034528304
4859,137.23161988394864,38.62569610753449,243.22622877130604
4860,133.53269322038696,36.97131384890311,249.3254865617999
4861,115.11798203891105,32.44269037075303,225.2134041538482
4862,85.58395418157424,23.885420680404373,180.4917283683416
4863,69.71232444062551,18.988816739612187,168.90003104286833
4864,64.36179516331747,16.069604266513803,152.1928037517553
4865,118.11873372679374,34.03725627749576,229.0200565390392
4866,133.873124563599,36.134983952616686,243.12384047640379
4867,58.1237776726774,12.254023974247369,143.54046585756325
4868,79.43357255731759,19.739869933355894,177.16038934812835
4869,114.33890249877079,31.05437864900867,224.37045869772012
4870,88.93795559614561,21.938845024917082,178.4658340075646
4871,61.95424890731558,14.18698590097692,161.1208602684803
4872,71.12511619966173,16.810341843939273,167.19218905052153
4873,105.2741828874927,28.679663070215373,203.29481848829136
4874,104.2272465633324,25.69984857868811,227.61576037745286
4875,92.02856956922369,24.11726302793956,196.6896952096699
4876,136.11047212762836,36.09026650791083,250.83803074420618
4877,129.1332953314766,32.70591160060156,241.7083548719214
4878,89.17168849567484,21.247056359205565,175.43895393436364
4879,66.47031471113041,16.020387411844332,156.69908772099257
4880,90.53751453014844,22.478049401031086,168.5921379525199
4881,81.25191245924388,23.489961660653666,170.5601033314669
4882,63.85237530438439,15.443056462502609,136.9651603028534
4883,70.35169635188318,17.280289110429525,165.19307298004483
4884,91.61256497873211,22.502019136245938,194.92585568454396
4885,75.39821100856972,20.02507986107742,160.31568880788603
4886,129.7705436613069,34.55470740856776,229.79070504735594
4887,56.7206043770754,15.990616288568345,139.16756608452744
4888,85.75723064917226,21.729686153296214,178.98969700538967
4889,74.53945300195304,20.029938203270472,150.26573290751415
4890,87.33906798394925,22.153748671495446,184.40867716088232
4891,87.11388809637164,20.211747227263015,179.857543027103
4892,78.11670297720629,19.81345885560664,175.2022159323669
4893,129.0528310576914,33.56353462627022,236.81875295170425
4894,98.72917350912034,26.759429241821902,201.40340149314218
4895,60.382668167083786,16.62552400288437,154.95264839436302
4896,72.02606410305874,16.43438771431777,157.65738648929468
4897,66.60443872249039,18.796985014942276,167.68721617793037
4898,98.91896261276564,24.569842654322997,195.53820745465035
4899,81.8215353633879,21.193671977590473,178.17531087405294
4900,134.22888825393622,37.21451311871456,248.04031161648143
4901,66.04829187861229,16.04940904654381,169.40965842417864
4902,60.051527601017604,17.47203313715884,137.77186223527332
4903,65.78277220212989,17.475211495658247,181.22092515538554
4904,94.13873667691212,22.788946624289693,187.9447968611094
4905,127.81726848534518,33.4098860260197,237.0828157959647
4906,76.96344660838612,20.506584240743326,178.6579030766267
4907,135.3501512700472,37.44577884103739,256.0880226868275
4908,95.4651180638209,22.914853264370585,205.4875008646312
4909,83.12698303812242,21.35055353278894,178.55609187222282
4910,124.36444619126277,33.75176659958244,232.90486187730664
4911,141.04582129944603,36.99557140448456,272.03931911031617
4912,129.65147800558796,34.130138017489514,210.13688544019195
4913,130.9066933676614,34.08818463348988,241.444739661826
4914,104.44679037385461,24.34766027867096,208.6753829401203
4915,75.06505493413664,19.77890843263106,183.4729149025081
4916,133.85875343862384,39.78145386963452,237.7332950907437
4917,120.15692116171594,30.033432993727754,205.45727895561942
4918,72.53703667630005,18.366675264320268,155.5845256099593
4919,97.33495292446061,23.61963632968309,170.20050630810348
4920,55.33152700325909,15.594724746600937,144.64063979390832
4921,139.94197049950967,39.14567748358848,262.43213387282145
4922,93.70839233428727,22.542692435832908,167.870221632811
4923,125.40164425932149,34.622925867388,230.62802467099957
4924,141.10914710404057,37.65526464157987,250.47503565101377
4925,75.18231052277386,19.13676716876519,175.26773055485552
4926,85.91662407885816,22.173672099654798,185.91055700835327
4927,61.18302590503707,17.271751570984993,162.47008886354385
4928,94.99454269626864,26.520986896816037,203.2270662736842
4929,86.99257231629329,20.72929276869581,184.98111710463942
4930,139.65313856135992,37.304821604933984,246.4848272092432
4931,59.63178505771834,13.987772055738851,145.82473192329405
4932,60.21192042050938,15.566731604815708,149.71684431089207
4933,137.25268795989132,38.2173554282548,252.0939536203941
4934,62.425166495228645,17.29159575503559,150.4992863461177
4935,68.9783066320807,15.621944802608033,161.2417659422682
4936,51.73385484869318,14.208636846762625,140.87916562052564
4937,142.72681015732226,36.01503895754335,251.93846426917102
4938,130.19362891040558,35.255042272314384,239.6322818307565
4939,85.77405408896651,22.624831748721355,184.98362589012098
4940,90.29779302644039,22.095915541891596,190.62916380513306
4941,63.23287114350736,16.749545521311074,155.01961653889893
4942,66.79824439227244,18.41097114949302,164.68122241712243
4943,133.37406951109037,40.22169501978045,270.3990825979052
4944,63.80926537364221,16.486434709028877,152.60721182157843
4945,85.05527632414588,24.04418773675034,187.6580280240204
4946,137.89623698828044,37.92701941723637,250.20808185142013
4947,118.6223494582655,33.84100643926404,219.8124499395838
4948,70.45308969888664,17.666241596496675,156.13859245532757
4949,71.47359372592705,17.831069034379578,159.16469243994
4950,137.78044192544914,40.6132441072315,257.89914401782505
4951,63.66711752339176,14.325412865849335,146.22712208731477
4952,65.8988639981085,18.071232976100635,158.33739781368095
4953,63.92496523641217,13.82471722042077,138.95038296650566
4954,80.38596224971441,18.484093859929295,170.41363007435146
4955,60.81212570785312,15.439653776252635,136.63092600487957
4956,73.59205159326412,20.140594517152554,160.76671124464397
4957,66.87746315319018,13.196545443333475,156.317938925013
4958,130.91508443808183,35.80956138457004,250.82075762608346
4959,96.62311392820816,24.978763398779524,204.19052278033521
4960,77.59332504955186,20.764796949366076,168.75653444216096
4961,136.93591325977562,35.81441367424864,243.55949463634548
4962,80.53755713939363,21.913864302393012,171.6634817494353
4963,92.14779840373667,23.04757320429195,193.43936096282428
4964,93.56657298727505,20.691103174242663,174.84279736787906
4965,60.81944755041763,15.195958734816788,150.35175514844738
4966,93.39009305708952,23.909401257445467,200.26201999842013
4967,137.589249841495,35.29254235684231,236.58784062790232
4968,86.3497015199324,20.23169291570433,172.12228147351559
4969,121.62995828654897,31.536473820293164,233.2853515430202
4970,63.22735477545529,16.74103648344343,160.6159570874958
4971,64.47007841528666,16.973067688030635,143.40560689344593
4972,137.51358773921055,38.41901722714034,270.45666271389047
4973,137.0744307118857,38.14444943374729,239.67494255253135
4974,88.19426065872126,22.718219991428644,171.87006893633847
4975,96.0851046429262,24.695316329199425,195.8793623739921
4976,55.49366280684529,15.625092683576382,156.41744802948952
4977,84.50070723199282,21.598943428561764,176.35768302006775
4978,99.09737895255257,25.18143425959698,199.30975770396756
4979,79.87412109658058,20.765115459950326,176.92611005858487
4980,72.02171878117831,17.020957506643146,183.86706261275032
4981,133.41130967806308,37.47141735574959,251.79407575037598
4982,98.95243739791142,24.352816115358717,192.25610314249215
4983,87.76888368711376,23.287268519092006,196.89040020462787
4984,141.08899195055128,38.1383476589481,250.30040698045846
4985,126.91411496008608,33.1076397379426,235.57396569165374
4986,83.72164295963772,21.545338106133627,181.857339236945
4987,87.06765840114154,22.78622415008267,192.6447349659286
4988,125.3001731233514,31.549401984460612,242.0367205704178
4989,80.99293019223809,21.593476764832598,187.60690641977752
4990,93.57098339546192,23.322033707866932,186.7622699869551
4991,139.2066727100681,38.43191421822173,261.6529599154063
4992,127.91082195194379,36.22583010517062,243.24373189007574
4993,64.37050592184349,16.594405381474534,160.8760529363018
4994,117.68239131465289,31.86212655832613,224.41996387457064
4995,83.58584823733626,20.850780707100512,157.37407211631395
4996,130.07970008489676,37.3314230394216,249.29917994906523
4997,80.45766296004764,20.60997463275551,170.53993213405298
4998,101.64166846267784,27.092414680753418,183.9927742971997
4999,91.4032960221894,24.585706893016994,190.6541433423292
5000,132.35535927457747,34.46640467352605,249.72809144300064
5001,56.091295775639345,14.886113478687031,150.41399388245006
5002,67.59198155352944,16.1235378714636,144.32524539667534
5003,133.99000886873162,36.24686488375126,254.11601395637197
5004,59.7353215940148,16.74106433168875,153.66576439972212
5005,133.8468795588557,38.57305128878678,265.4215750390673
5006,65.01239617309247,17.80076468639326,167.7220277547565
5007,78.07954953986184,18.0520618233456,176.3058348464365
5008,137.7631794805661,37.92331952579438,276.36821265554494
5009,94.23215215299912,23.859309283079728,198.29372288577574
5010,54.661835918992196,13.505612331021968,151.2640474522526
5011,89.93070186882814,22.423163868538442,192.8666867293772
5012,86.4770651228405,22.439295963050075,184.32404938444398
5013,137.25657196851637,37.621678969801174,245.5771054735972
5014,129.87013215962207,34.822055362885855,244.2456604989391
5015,93.11844519448796,23.748255902705818,196.0207946900388
5016,84.43770005040477,21.78877018866032,191.52044689335534
5017,76.49805992943284,19.028652889457984,169.6855721396536
5018,87.30081266725948,23.17541673759172,193.87230851278932
5019,131.362419638342,33.55833228444009,251.56266120641286
5020,136.08042119179697,37.4478947304281,248.93839355662473
5021,62.52475477779914,16.32027136876305,151.3273801338421
5022,64.39247141434934,16.444936369736848,148.3938760991395
5023,142.22240056128527,36.06563578792449,259.241092365397
5024,86.53787094816202,21.717220600405685,179.97254727856208
5025,137.13781114239848,38.2292753903559,251.87279718749508
5026,133.90763534676577,34.955148796050075,242.31263256545535
5027,96.13810882472957,24.716094779134355,199.3197819674904
5028,75.91283011029904,18.04747848635513,147.01476752864343
5029,83.4556906843756,22.24372766917747,205.86285653141715
5030,76.33489026832568,19.735106994555867,174.9057812232476
5031,118.83839379058001,29.710839298058243,221.4483076904896
5032,124.64194390799705,31.550747104124152,237.20769606145777
5033,125.62878830637804,35.08879957946312,246.34451264096197
5034,124.07945089198843,30.719524146905794,233.0419307565787
5035,70.56513833312401,17.478063598610163,163.41247076289574
5036,58.74695244206382,14.834135169198605,138.7679864082684
5037,129.1908926308726,34.33138337141163,240.4017674623216
5038,141.2072415765726,36.19246737325807,247.86865743500098
5039,83.22115406657046,22.297387742014557,174.92531270004284
5040,134.44491999314673,34.953837086660435,236.28404266765602
5041,93.47129134735727,23.639071893706767,192.0608411896889
5042,128.39452089697724,36.54581489005637,252.93996939829233
5043,98.47368124056217,25.16349906107089,204.02502331528595
5044,81.61148973661984,19.63634868206876,157.86592998959716
5045,130.5550128625092,34.63824658955517,220.69463137416753
5046,126.49560948885541,37.4858492967419,228.97675472893394
5047,71.68277534045954,14.763479747677907,154.48180842464592
5048,129.52611274077182,35.530849588283765,253.89606317519946
5049,65.02612941837099,18.433872955734298,148.30246073627802
5050,133.3340582553249,36.527555068012624,254.14347871482838
5051,94.77589358094298,21.478558018910622,181.06204211326795
5052,88.15722122168923,20.685199871971502,180.4182067788224
5053,95.04006546028415,23.867252895233968,198.53832638378782
5054,72.46549046753412,21.000164759383164,174.817724733731
5055,63.959654640318554,15.32183116739967,153.30632777989896
5056,126.5250207139844,35.04481520867897,264.8240516631342
5057,65.76523076426487,15.821873071383441,167.83538510329265
5058,85.40802018502286,22.87981563175205,181.4979759444278
5059,122.341682746612,35.78376127781886,240.67867506837402
5060,62.96349903744804,16.104984111528687,149.80469712121905
5061,133.24709441893089,35.892923481953225,254.70176352500727
5062,141.51465191261494,37.30333001650332,256.13855723057065
5063,67.0675926785988,15.00676697167675,142.42689621541538
5064,100.50097289006798,27.38404705223962,197.6139116805088
5065,88.92385140139577,22.701236987797543,185.12418466238975
5066,79.60360814203985,22.303091861463226,193.28430752827862
5067,76.59436391389828,17.930432180390852,150.4114781389279
5068,67.20286054416252,20.16847423432502,151.2126695148335
5069,141.7083343992118,39.20152809237165,257.2380783579702
5070,66.31369057554379,17.067011813511037,153.10280836489792
5071,136.52634801065963,37.13964602530985,251.78501501723966
5072,73.77163533442946,20.37766807839566,178.8149907763968
5073,61.86239464153859,13.856971948165903,126.05698995458167
5074,82.2482955803085,19.83280278244872,172.122743023141
5075,146.03115618545033,39.4460069331818,254.74058866641846
5076,122.25976659798359,33.81476159368558,234.89809535584962
5077,108.342166963911,28.5361312964251,222.20120605135006
5078,101.1516458642533,23.84974544588403,208.27091992532067
5079,70.58520257351513,17.570494813624048,184.9355745468641
5080,59.96645357326741,15.319710029525458,157.12914243599877
5081,70.9399276101061,17.129160362534936,164.08977571784794
5082,70.26710822563048,18.891521886811834,165.63761372164637
5083,133.7356984949432,38.29951671344745,258.4301077496447
5084,94.4645495197161,25.417420870085603,188.56935913453722
5085,95.46652906732866,22.221732040846778,198.65613176301352
5086,77.23800417087612,21.734199791691825,178.23749158564922
5087,90.83858041928356,25.47638200444474,190.04500502677476
5088,72.20543514041043,18.09611992870469,166.58984995457288
5089,117.2415696185253,33.69006092387596,253.06785546768953
5090,80.78493632838287,20.26427915019579,174.54605044833917
5091,66.0086091933962,15.85643515903593,146.9666098460485
5092,62.05371469893718,17.084014185484488,152.4981962625083
5093,143.8707380550065,38.05616730477988,262.56262673732203
5094,70.82019235737913,16.648998750083948,154.92290002366246
5095,76.46310791998646,19.58322928711471,166.23089385705998
5096,64.2676225189645,16.15295405152005,152.17367020170994
5097,139.37652284151375,39.94019863365778,250.05644844547916
5098,89.36721101688684,24.006554658981496,175.56476569950198
5099,58.95223302651601,16.593031941889,145.3793664851043
5100,68.66941799826613,17.585852520869995,153.65288811767843
5101,57.2609088541372,14.45205972235332,142.6911617884243
5102,124.51502697482532,32.79572857190736,238.0508017075688
5103,121.42313779698215,32.17552511965695,236.9856273026492
5104,71.53359459079361,19.573156501052082,167.28886686717397
5105,83.02734727836635,22.53586852126998,183.76567535526934
5106,87.83809228468593,21.028431241303227,184.46143885777317
5107,67.9082666341183,17.637577382475374,164.43994293255176
5108,74.18882483822976,19.284048127887,162.36945188946564
5109,83.44108712196523,20.796445561643385,186.77857225847504
5110,144.80269249398842,37.16974225088979,249.87788088965735
5111,139.73089404189463,37.86581430274793,254.04253736533886
5112,138.8112633463788,40.85214309791401,263.242505032858
5113,128.34291739917853,36.99318589076736,244.63705850453928
5114,82.390111240727,20.052803122447806,189.80928205466878
5115,92.88782770884951,25.50466742713086,206.49454560981476
5116,119.97029756946826,35.46840660584051,220.48903957650273
5117,62.89688204743819,15.395380709852757,154.30668452763106
5118,56.84833666635793,18.22770470870447,140.81808474138143
5119,83.0626279762814,21.23895119094124,177.33890822986794
5120,89.52154059834268,24.15063981472841,201.3321500134751
5121,100.92462928749818,21.735777611682035,197.05952024565684
5122,137.47118410859954,39.262333296417246,236.47833287654706
5123,64.2516150321502,16.90308718792124,178.15847113163306
5124,59.819894341276,13.817843062681375,145.56529831339506
5125,137.5910246390135,39.17203271231068,261.42517706147845
5126,117.89695049915763,34.526260043430256,249.7576033444618
5127,127.92333348719187,33.065425807003926,222.76264791178411
5128,88.6379440725077,25.036299078288142,200.19924648858708
5129,60.946944731974064,15.471755861013026,150.80012416673222
5130,139.30133484108944,38.05503262424167,252.90454067844388
5131,128.25000277246468,34.01915281055802,234.929707942884
5132,134.38331484426038,37.63559514715177,253.62843215996713
5133,74.70088751440382,19.261818732682016,150.73391417923133
5134,83.68687316766132,21.378617526930515,183.08637447693698
5135,135.1382802250584,37.02722387503699,249.52668882242855
5136,61.12266488607566,16.329183749281672,151.6017824648913
5137,133.4034137128673,35.44912180856754,234.8036030417447
5138,76.8927300838665,20.7818170324886,177.40527047001336
5139,81.79853800280307,19.234487281235946,171.62485213990013
5140,147.52590386964644,38.59664286099699,249.48664993859992
5141,98.04314205146942,27.010258007463168,193.46130137028234
5142,80.10315080961634,22.159528197533177,190.29435405424582
5143,132.94624499030974,33.747650769249596,243.04283438712966
5144,70.32515259432672,19.8706228819147,179.92960220875577
5145,63.850891258029144,16.09670068350844,146.6665563104145
5146,136.42391014390657,35.37890236470544,244.4014042485434
5147,138.30071028793466,35.82501926992442,250.31718590829507
5148,139.12523847493685,38.020452305135,259.6802704828746
5149,137.0348326697017,38.362245439572895,244.17905329020445
5150,70.4160096689718,19.754317788541062,167.29906634735747
5151,85.11846957227552,26.77076645965202,194.49412083872065
5152,93.44156310249444,20.5392798397664,197.79719486280212
5153,139.73813589124765,37.85139151323837,254.08169915383345
5154,95.48413090608564,23.236818561435324,192.80029419926612
5155,75.06555862545098,22.097351990631722,169.98085047311878
5156,108.09244350287372,28.28548677010611,205.45677686214827
5157,84.72240460198479,23.215476861838273,185.0961565694756
5158,80.64538561735823,20.747695305080942,171.1311848466585
5159,65.72959437908196,15.167900089775697,143.0859045293083
5160,107.4096750018514,26.3440860087092,205.43326946751287
5161,127.63085167411306,34.07596390602052,241.81707160112344
5162,74.72336277693663,18.12338180121299,158.3685096972255
5163,91.54925554025796,21.700834598172708,193.4617694679526
5164,63.62328007162558,14.257774643901072,154.49755639600832
5165,67.51608256428023,15.633916325547561,145.22196209801294
5166,138.23168864586373,37.59939758311072,252.5130922098211
5167,97.27230949547574,23.361859688621482,191.67294108492027
5168,76.01740482980081,20.686652636827954,178.17980186343127
5169,86.98364147939928,24.062647971216865,194.81211044193876
5170,91.09040028409888,23.002669254579914,191.02627193193356
5171,61.73664775300079,17.450669619282785,170.669046857553
5172,137.29630340429085,37.581755955041054,239.45207359838267
5173,75.37080575562463,20.89299013652298,171.72669374503081
5174,67.79375444941796,14.082853025322693,153.27453392974425
5175,53.943928362107805,13.582168187502184,138.65092756535782
5176,80.7703417863937,17.647772187803465,161.18910712957157
5177,116.73060348047689,32.51053583634231,234.71611104427328
5178,74.30740377574507,17.38881005650536,174.73467654929132
5179,129.358038088775,35.2843181417952,243.476729058439
5180,130.14133926409343,37.1505049396989,236.27191351596142
5181,60.06008767079954,16.168473185186375,151.27764230098646
5182,97.12767075731848,24.14563697552962,208.39598877398268
5183,66.2336450807232,15.335153277175559,151.6240759100475
5184,138.77184550254017,38.21224176031583,247.9995742272367
5185,88.7952894300128,21.140675311145795,193.93392276810127
5186,127.90936446919547,37.549804262403164,258.0057545187877
5187,72.59759125874224,18.756907161997113,161.3743241175118
5188,60.857433662200215,13.748662521385837,150.10431913472192
5189,145.14093922495462,38.14915161979414,241.52852846381856
5190,101.09876363306195,25.686648895970627,196.60457715895572
5191,59.86562209128545,15.336314374688008,144.53997375422534
5192,86.12584186697931,23.094621801206703,187.24140401701
5193,87.53719175558568,21.766840184940712,199.20020670730094
5194,135.58630131434265,37.64076288523387,259.48432052865746
5195,85.71152786290654,22.167014032279965,184.87251676397304
5196,81.65589490364111,22.219773615912217,177.35766577183514
5197,82.77729655205492,18.76960886019162,179.62178051348127
5198,69.80840419040778,18.308518473759722,153.96022878792712
5199,67.04420164228188,13.904018503064416,131.13623797046122
5200,87.39616365894211,23.511595850295183,182.0349201137477
5201,95.44474034457167,21.490674223199935,195.42975737368775
5202,147.63952438502915,39.44021743329869,253.279763173004
5203,120.66361446920341,32.344123612760335,236.18836446208815
5204,83.81103711857291,22.10448469808166,177.45640611119074
5205,137.27095799735807,37.742764354024466,255.86308944742885
5206,65.34026088289211,18.90327591586961,153.3103923958581
5207,84.60164920117366,19.993410470818628,173.13168598588044
5208,61.59875399526644,15.701497003919261,152.77905628880964
5209,139.00197373571044,37.30559506109086,256.1805116857957
5210,98.49712482474199,23.741246791601775,196.90823798349427
5211,139.29272384500277,38.78706411577496,258.3300958474868
5212,119.08911107129968,31.531219069442958,213.50955456486102
5213,120.31066530369274,32.451925977313955,212.33019018568942
5214,81.29712416318391,20.03988307609283,178.85337069362075
5215,66.62990765205443,16.052846059822127,151.56220660949862
5216,115.1759841142459,33.331551302195145,242.20481912576892
5217,67.98804707134836,15.156350280345931,166.44589425721537
5218,72.88684287153437,19.15781931841871,149.069591271337
5219,102.33812244804629,24.36230937752553,183.25273819891405
5220,84.35596853975746,19.870342118484107,177.62812814453926
5221,99.1430183622987,22.017619445693562,198.62648530875109
5222,65.87524875135341,16.28799478517219,155.99721407703206
5223,70.41247291543051,18.325357177716366,163.14270574043505
5224,56.075529723580836,14.949715498190473,151.49418132211605
5225,61.2615171618032,16.522275278992748,136.41526140597108
5226,65.3609446285454,16.71024893986072,155.9171935028393
5227,120.88175260086477,30.01846826810815,230.93617250480312
5228,132.84677083513063,36.557749539371166,248.09263153605778
5229,76.14826529251691,19.309200743483803,160.78199868413427
5230,99.95688024231494,23.849081974291675,207.11241428394032
5231,93.14937271710244,21.116689324227888,183.090696947231
5232,58.90528052428315,15.211921485043643,145.8609034161066
5233,86.98809709984808,21.911848026834,185.86848773121872
5234,64.69559767519202,15.528364621299149,145.9462029143452
5235,67.88949282154425,14.946627455391873,133.95505067935767
5236,63.421131189578894,15.730835680182276,154.16806519035308
5237,73.77885253332171,18.265489500333754,168.2986646124996
5238,84.99929677265561,21.324127913041934,181.49172323105674
5239,76.72001376564857,20.547410809302427,176.2837447853648
5240,58.412803269736266,16.477267645866693,142.68219867085313
5241,138.4462854466566,37.029331071328734,246.6911350974916
5242,56.52282466390994,17.346333810019132,148.49582401792594
5243,68.97853357995457,15.83957583630796,147.76521356240383
5244,134.54369820373657,38.33784607770573,231.7006633388624
5245,90.47056116567974,19.52306683819001,182.61100905218038
5246,129.8602217286944,33.401646268185225,245.53785427803805
5247,85.81068408986614,20.46796147426031,181.15740527134116
5248,119.11078784718052,31.797368724957998,230.03956774683246
5249,71.33664760500069,18.87474651875318,173.01381575584773
5250,66.69738961928907,16.862430831181815,157.583098551677
5251,62.12489749539297,18.46856786808364,150.23190676953004
5252,147.8300816887743,39.88417441369737,263.0706105924712
5253,91.10936691945393,24.204610499723035,183.10358768619415
5254,78.4934462558508,21.897569489613044,179.76499708351398
5255,126.16127243932856,34.5321962165458,239.2568849031986
5256,58.413367343472295,16.34943944469674,161.57975111200753
5257,72.54379677689057,16.7201472346803,178.52275879647468
5258,132.15664300843227,33.87522631205712,220.81280535472078
5259,64.38916559392291,17.138365869604336,152.9964847457575
5260,139.41403472512675,35.839436368681014,255.3252789167474
5261,90.15070016819645,23.91920515510486,196.48279632138454
5262,72.4340970390029,22.557777712076703,183.13899441029352
5263,126.9359279468665,34.70487832088734,268.77735276924403
5264,80.0800636023239,20.472807139532346,178.15026590596207
5265,131.4653131384737,34.96229812088294,240.2764135854222
5266,128.78840062732027,35.87914543826371,247.93818072654088
5267,93.95727801172616,22.801287912684376,195.48853683735544
5268,60.256740629096974,15.8078596267553,147.8415953815759
5269,140.48982657701814,38.70287144512532,250.52192259917095
5270,97.28660464940424,23.11921445341184,217.73358614021905
5271,97.06018232003517,23.789216767274862,196.94177835225753
5272,72.64101327700816,17.010003157344702,174.94080295362065
5273,86.4013661090602,21.493862757321722,182.94771966690098
5274,77.33626441471012,21.22521590290446,178.5018832158427
5275,60.437861522011424,17.09734070023224,165.1724800075086
5276,78.18029836922507,19.39179608490603,158.40338182383036
5277,67.05379536293732,21.38157295320652,164.1711690231442
5278,63.672988395339054,13.844505897845375,146.78478648809042
5279,136.77146998363528,36.15042506593539,258.56531551193615
5280,61.14076771893327,13.545844139118731,162.29864851792146
5281,141.1361585848972,40.474821426702995,250.2007173221854
5282,60.37783391827123,17.313364711606436,156.0330512526771
5283,96.10642742296305,26.281765641645112,199.77303959266163
5284,130.1705563361981,36.111494404494024,245.11688264891333
5285,58.84175474087522,12.218922450841054,145.987294745262
5286,92.74923728925866,24.043982914655086,188.09135531542066
5287,138.36035160128992,37.52199713498323,238.2790093744566
5288,76.98227314657096,18.52156681512591,177.8220513561499
5289,72.98887996818168,19.13795894757777,165.24572947229004
5290,81.64770568538034,24.78967764934917,195.38831376333982
5291,95.53639980573418,24.074019506781816,211.13533195987227
5292,90.34364916814157,24.02654343381638,185.95510411157719
5293,71.78761321994858,17.496474631848162,145.9115600486881
5294,82.23729346036694,20.6343840360481,178.24486378555784
5295,85.64769916818521,21.57546310004348,190.9540581341285
5296,72.70219608586946,17.805084683113673,169.004989055122
5297,63.90650650694452,15.817123940398544,145.03381728272913
5298,130.24292447287542,35.333718259223495,250.37854736714465
5299,62.16794007972591,15.526013057705727,147.06644425793968
5300,65.51689399576163,16.59695065893098,153.56618112317955
5301,79.32828938277389,18.529679267201328,170.7408822932035
5302,60.68517831440452,15.219029716459211,137.00914369635944
5303,84.91257366819686,22.420051104363324,183.2219362300916
5304,143.27886381543973,39.18761993689987,256.5217427447572
5305,61.465010602630635,17.08865051403484,159.09537403386045
5306,106.07438260281363,29.592853417565067,209.67506688541684
5307,60.45147521957437,15.340151871232107,144.044911605416
5308,74.57170389942901,14.5934689141064,164.54613784014802
5309,142.71124167718813,38.32114846210009,257.38935682525454
5310,127.30565117349497,33.804659088155724,238.35512289120604
5311,61.11977316970992,16.037078980074256,163.74897335329393
5312,125.42658645822763,37.41375657340509,247.64631567891675
5313,133.69881135951104,37.147860363456935,248.70798328389196
5314,136.4557473707279,38.152085076180505,267.6965085657367
5315,60.18423511735962,16.171437395654916,137.2686223409801
5316,61.3949610419484,15.780538850018434,151.76748449052732
5317,90.28478690248251,26.183902786039123,174.61275212012853
5318,133.61437052280107,36.575607918358216,248.24076207079213
5319,73.32638988342562,17.95859959739507,167.59282769523716
5320,110.81248558241178,30.244429715733343,217.26213658022178
5321,103.00821392663582,27.028319922198964,214.50798607118801
5322,119.98583177295886,34.46398116823905,214.134687016877
5323,56.611612533322585,15.865062988670855,142.72923895312155
5324,136.86177491206524,36.928999684120164,251.65918413174106
5325,82.1315306428716,20.12154490773244,170.22897648536153
5326,138.74471946297177,36.07925015802734,250.29815043312212
5327,74.36387423685954,18.68355736830155,162.24618371012082
5328,63.921337854284836,14.66644580892165,152.92242018970757
5329,62.779822305997804,14.964950877980586,146.71750629843515
5330,125.55178483652561,34.506014165518096,223.4086516021524
5331,91.82550886688766,24.358394601221217,192.78238436793285
5332,82.21779095629006,20.17184338156522,175.38920548626896
5333,73.90220481414785,16.94824551392973,160.1253810577691
5334,89.57774646743918,22.43220062608607,184.35358108459806
5335,132.75825802499216,38.49954274877724,256.82890904595064
5336,142.0350868857967,36.55684600239976,243.65347574856787
5337,58.6363357956434,14.00279679557285,142.28360504217912
5338,114.89130368987773,30.23024955314965,206.05541488089443
5339,136.81264107711476,36.48449529542285,254.72691972464713
5340,80.88382840531993,20.59751028658195,172.1188964818688
5341,85.86453444624523,24.1644655782296,189.59985202093495
5342,138.87523880629917,37.93948326327201,251.82186275425974
5343,71.61899387048577,18.731094026701545,179.41205071044135
5344,68.66748633214277,16.67551684684041,174.30743458710432
5345,136.99893274582845,38.81735586324469,252.00786958370816
5346,133.12489066166322,35.996496577242915,237.3784100370285
5347,74.69169323399414,17.252165670045702,168.79988776883494
5348,90.86781676812224,20.324129928149482,198.27853213172338
5349,69.11424068520799,15.394467746689859,147.52787602982377
5350,85.76684697177343,24.232573611739642,177.85494791851428
5351,77.16691193113942,18.872084946308714,164.06091124319167
5352,139.98220089795097,40.258404952848615,249.52289550260056
5353,103.06460397215487,25.569351572195234,211.91611008112622
5354,133.9620837729133,35.88737560891587,251.6941314526272
5355,113.05451605169979,28.57717455034933,212.51862067288246
5356,59.67391859251966,13.347455011308496,154.37142806578922
5357,69.1252505224894,18.792745854584314,159.7067261248145
5358,138.66593504130464,38.036781681669886,256.0875117854136
5359,134.97879286672492,36.54395253657969,253.64568895691284
5360,63.23697195037956,16.0278952275141,147.382372751387
5361,131.2299530277679,35.93528656750146,221.58684425978205
5362,102.49898565716944,23.57917664973405,201.87147083452888
5363,116.87365569229634,28.33382614150523,227.38898880701942
5364,89.21993191778293,22.64314670136242,170.8376045683967
5365,139.09171507299007,38.10533989816732,246.96328525383862
5366,124.9563586898497,34.8907546494908,245.90160815366136
5367,128.97883802541185,37.54225735197343,256.50851273882097
5368,60.00817043356948,16.908269265064792,159.08494978057226
5369,84.02016409989574,19.368757098291592,188.9199716711228
5370,94.1925535287595,22.21274362705356,184.74067055811517
5371,58.139566518578995,15.751131008398646,150.04503970030058
5372,65.52243455889113,14.915576414987735,154.96798094484333
5373,57.93891166923887,14.999596599971698,150.9417200585164
5374,80.48894467313727,20.155707656575824,182.18421479831764
5375,67.33866056283775,12.791501947351017,155.54624499918563
5376,87.80106749687488,22.517494558078013,185.6280565164283
5377,119.18162937696407,33.99418486014738,216.62772073929807
5378,63.17581558982277,15.212499874314972,154.8533312217324
5379,90.53463032047723,21.474050302427543,183.4595586231006
5380,98.76455057336592,24.230609613447815,214.32280919998087
5381,98.17738425578207,22.545292664763867,207.1526008648655
5382,61.53463062371638,16.086188436794053,140.09664259984137
5383,84.36836299942318,22.768257039397646,180.62250554191075
5384,70.61354285564231,18.216211683339544,160.6764462325826
5385,128.89540868545333,37.563260230820894,229.39174793523512
5386,119.05013706982353,32.56493615247324,235.2747297564617
5387,60.14934952543928,14.929739918666462,144.8439797673103
5388,141.96716930403838,37.148884220842994,245.51277342368286
5389,130.9197450680157,35.60478813967183,225.62591099343447
5390,118.328812445726,32.11662413401799,229.3401724333532
5391,76.00275313612049,16.300666686993228,164.31779324366886
5392,121.96039148261646,33.85729633498793,209.6432863530134
5393,135.74265756104919,33.4215229667169,255.81633400351342
5394,132.41647489755863,35.8069354621635,241.42588148385286
5395,79.29537420659088,20.033019181766814,167.91806143150328
5396,70.63534121537327,20.18137572897184,159.47349239086347
5397,70.56879244724959,15.673304741550274,142.77837351286553
5398,59.066011898062264,15.774935289707637,142.24373446526576
5399,64.58476171433853,14.284557837587359,148.06325628279453
5400,125.8647427067508,33.30141330855791,220.95607794034387
5401,94.1364908100284,26.06961015488663,197.76510659751213
5402,140.25347781252472,38.79185842114328,257.13440344597996
5403,123.16083855904519,36.03519009207363,231.79801221772786
5404,85.96920353031382,22.339305849216856,183.69854122293043
5405,56.38769105884703,16.04253796777944,145.45086074049462
5406,145.35374056328638,36.467659020186304,265.2991951188346
5407,143.38764643028264,37.68222522516501,260.7576304844569
5408,69.16669221957174,17.10219130465445,138.46842906136004
5409,95.69016369336573,27.14981061080432,205.73295654919403
5410,107.97606884440464,27.374664689388357,211.3810748778193
5411,82.85670894071144,20.211009023494668,179.3906650663813
5412,82.78819564983552,23.09965762963611,176.20474145084353
5413,70.93357339479887,17.048949939153708,148.03034107723147
5414,74.7972154941316,17.797669493076025,184.66659449340617
5415,72.90274240377427,18.28514175282419,154.74591210338642
5416,63.66653192580613,16.79845053750582,148.87200214166867
5417,66.04507273442292,13.878113653287476,167.89391348812916
5418,95.00172721158022,22.33113264237598,192.5473006736091
5419,59.394709011410335,15.438029282837865,143.21381699732456
5420,123.01425550379322,31.79423184188452,222.27890554580657
5421,96.99528952435521,25.056518346068813,194.08132656801482
5422,93.0720062037318,25.325663502732493,208.8395298696639
5423,138.5295774195777,38.02880625568355,257.06609273857987
5424,63.53488508962406,16.48064713902159,146.39844708399173
5425,52.80293715706548,16.254294263753348,137.6480507320151
5426,125.60068109127594,37.67777018649067,238.34877975602998
5427,138.16348685131516,38.02934685078311,250.57616773434694
5428,88.06964119320496,21.39420316297041,189.80563811122036
5429,95.7533404059762,23.74971710416708,169.05305897079174
5430,84.91184037406529,21.12890118689329,190.57666366962567
5431,117.08262020265629,33.626492808172486,208.82012283705828
5432,77.62590930451896,18.995765429062182,166.89033450062428
5433,84.11474582957088,23.533707596438415,187.8316308443385
5434,65.36310243923806,16.054758292142846,163.66069252968535
5435,136.8078071155746,36.52793771369389,248.80737312927394
5436,86.55868685446839,23.04962301018404,171.93249805834242
5437,98.01518132619844,23.614437392015247,187.90046801909816
5438,140.17983320318353,38.252473178723285,248.12898550458303
5439,88.77539174458359,21.47619794611254,184.33030214828574
5440,140.75433681267205,38.12247112629431,262.31942321382763
5441,61.92383076457204,15.87210145409014,155.9576810865187
5442,95.70471657705524,26.939438736307988,189.75468234300976
5443,67.8112113755402,18.307765902237048,163.9191987782183
5444,133.10141462352303,38.998475756537175,266.5840978249573
5445,79.2344900385461,17.977582177913234,180.52359390335704
5446,91.41656974150077,23.214982507779435,188.04352138046656
5447,62.56344952790628,18.553386849914848,147.15532458354633
5448,132.37481317371683,35.50735776738047,236.98165616400664
5449,121.54241570340203,32.936915137629576,231.25718925886454
5450,74.48949345613609,19.079562166232616,171.65679506305668
5451,98.40335373921447,22.60007457978723,201.77989152545197
5452,92.41159727056815,23.665329817221664,194.16808424243794
5453,86.00509498262409,21.11547223513702,178.0567052030591
5454,54.285332220851004,14.816236189691425,144.2002754006164
5455,85.99923198763358,20.502148466601685,180.27073455287544
5456,93.0216394309887,22.420199944628422,200.45593021065596
5457,65.26924596071619,15.633992198067531,156.45255206096718
5458,66.43200587883766,15.560227107005637,144.22435209541788
5459,138.8274817059256,38.24790425532566,252.03594914556217
5460,137.39570874012165,37.48112865789793,252.4540380458901
5461,74.49438583352322,18.26204247309361,175.5436712534033
5462,94.01149487514257,26.016794719187256,188.0094432580058
5463,70.46059714293888,18.054868366523216,151.71013885109895
5464,85.27362056265189,20.744932939313102,170.45855701539114
5465,90.15668416561259,23.141316822055757,190.42020388304766
5466,67.22315590685561,16.44010136826209,148.8289748290097
5467,71.97187544415796,18.534545849316277,168.16282639515939
5468,136.06019998269514,38.25316646390926,261.84009626715687
5469,138.08409075914628,36.39670168908804,246.12000150811062
5470,55.121931985733916,16.755056312368804,161.25609945666034
5471,102.57202002936442,26.587453633298097,208.7918321273659
5472,93.98675579728182,24.023932710406207,200.3683876432398
5473,69.48906738596253,17.734452372321822,163.67895072215705
5474,86.47140649056423,22.41882259155144,182.5973525013497
5475,79.22287407970636,18.66697272859144,159.454839536066
5476,60.496365052279906,16.307232398740165,151.45631336819898
5477,81.89018544012774,19.842169058317243,179.6791568967494
5478,77.39034482334978,20.270856023011465,158.23971754297978
5479,77.04093935459196,20.676639354211183,152.77528669627006
5480,90.47031541846856,23.239970361253956,181.5824138119041
5481,95.85484400694044,24.717969376553793,179.7780402904212
5482,82.7556585855299,21.643524845559543,171.92116414726124
5483,68.40555772084802,14.74173021230338,136.92463517220844
5484,85.18378501698758,23.34189480887652,197.04673223583123
5485,83.94802761773038,22.214792160495772,178.57464489043048
5486,117.28077588800035,32.498141095723774,233.71455032606153
5487,87.11758522506182,21.726985448497107,202.60481581623927
5488,82.91182678782131,23.858663071098412,192.40339478375464
5489,128.98299300166684,34.87906020793513,251.56357785898805
5490,133.86030349856713,36.61387089892204,253.09356108259658
5491,77.77182106677377,21.034474131551708,181.95001242506945
5492,95.20707254441608,21.90046785890813,174.34968980673992
5493,137.08836550113293,37.838995893866354,250.67924426619854
5494,93.52367581526208,24.182489409136597,180.98888645866603
5495,62.20133663358252,15.897694150046911,147.7628649056514
5496,58.79011007910638,14.707878511214542,143.43137695948212
5497,132.0122099488308,34.03064581697809,239.44523129267668
5498,137.22588598534634,37.03412218136314,240.03387576514845
5499,132.61496016771378,36.19560039990524,233.52206776652895
5500,136.24734154018702,36.927509177250144,244.6408247310478
5501,120.15237456892346,34.76402583378779,226.08305488981304
5502,64.96625942370291,14.559715260055183,153.79738201719948
5503,92.35150647475125,24.543406099484294,193.7665453886331
5504,52.25860163435341,14.379595657086687,135.76002618298628
5505,97.68890344484159,27.409517253558978,212.80813991716548
5506,96.74614295968262,22.89141043073761,211.74820037401815
5507,59.61796710326086,15.938593765531861,153.08643724889816
5508,96.04467856947919,26.028242553648393,195.383505489899
5509,103.71625204728811,26.94337429259211,198.09551892507326
5510,58.378861861241,14.756360275171504,155.30787788930243
5511,78.71906067495365,19.897156033885036,174.28203297338928
5512,137.3844448641851,37.3583844246702,254.13213970664523
5513,134.1831871484131,36.747826125093106,249.0245000962834
5514,85.36045102707071,24.05540388664541,184.3993375925049
5515,78.2565709557985,23.531106389713603,181.77192783669497
5516,85.81166776816383,21.324666819501438,177.93191220954438
5517,79.10717167649568,17.744060222857776,177.62572178684255
5518,84.78414567038753,24.88408157898623,178.58774717081863
5519,74.18287097553146,18.274208454808825,179.1011124899446
5520,129.02219349647424,34.71599193446001,247.47419448937669
5521,144.9437324971095,38.232304557232084,251.92976956345134
5522,132.97612878671796,39.22926289638035,260.7223955616285
5523,129.38546174692632,35.411179682997265,238.5324464748272
5524,69.33905430679539,16.318752658129437,153.9165977834045
5525,126.148836351164,36.09113819371531,248.059376185643
5526,81.33444826940362,20.348689046336702,173.4232518362513
5527,137.17174408843627,37.40785362940907,228.03153184378115
5528,66.47520881918211,18.49008010391014,157.63789171986164
5529,60.52897266567844,15.607786578705275,149.03382509089232
5530,91.88387313550082,23.287700752757384,193.06725008281754
5531,138.7813063701804,37.43403134441862,245.18920602895693
5532,61.76476342265766,15.943566658257604,151.81865488892456
5533,88.66402161404498,22.599856275976506,186.70142266466465
5534,94.7455851231836,22.301744967734994,198.73812964136764
5535,68.19077598223794,15.68821623510663,156.71068944471355
5536,71.91623670395312,17.40496763903288,160.08847965491154
5537,70.7229689397485,17.542864035088833,165.03483147646986
5538,141.0420646179749,36.419641187841584,256.0909250972611
5539,128.3062281524084,34.8954952064985,227.45400127253632
5540,62.45905501791392,17.271830565877522,149.56451649939416
5541,71.35620895784788,18.684973268749978,155.11201568925
5542,130.94420725441356,35.343009643280986,236.33153341827196
5543,136.97389802374838,38.62046906767933,258.04138535865815
5544,78.48369924873025,19.211814945171675,163.6435978359835
5545,126.49590472094518,35.3970062829923,254.76768432169357
5546,74.86917609134589,18.184544073328635,157.6219484568757
5547,76.80806009106816,20.198830686946014,182.45834788425995
5548,70.6055224236576,18.909778855103358,168.4669691659055
5549,94.08569183324731,23.870517943034397,181.62075818438782
5550,78.84962231200153,20.744766211450543,160.85646571523998
5551,95.31439368399195,22.482943985154893,186.14023704640593
5552,53.762862639791315,15.039820364629632,146.17046903620894
5553,142.22387734179208,39.021762800853175,257.49384537539805
5554,127.08936039378968,34.55625515527769,238.3086132462781
5555,144.74092374082758,40.854692168281936,257.79538669668216
5556,80.64757959892718,19.704750976220065,175.89731389728027
5557,74.95394506117398,18.885954593408673,163.278622962711
5558,81.4447981473276,20.959855866437774,182.86975146348428
5559,86.15855503254868,23.61863612838399,186.7317358099027
5560,130.1557728378499,37.00567600993278,247.96348152790685
5561,58.28887216426161,15.341068633379338,162.5735253701124
5562,130.1252937813537,35.06216098030101,237.18264465625683
5563,88.98017383718987,24.29640295244483,189.93999429348813
5564,85.81632493120725,22.183474024933396,199.44783355594157
5565,136.00808843317492,38.19354405795027,251.00167935441786
5566,66.24752467168581,17.667266907949806,169.05761728901436
5567,81.20136833061936,21.182153125269327,176.4136691591351
5568,89.72762179224863,20.176371844516748,191.7237196200634
5569,123.16396226546047,32.87612576165436,220.08152267939678
5570,142.04310416391218,37.79771270855169,261.585169496896
5571,136.35923400038843,36.80806553791399,271.27352033704955
5572,76.85915891808237,18.99621462341592,164.17613185396485
5573,84.89569828981993,22.81982711010914,174.77928952847415
5574,124.1505019340502,34.165220106238735,219.87939171613073
5575,139.73906717676286,36.13813725551608,247.99409708346641
5576,76.3399842358406,16.046659989681952,168.29917426091365
5577,120.80825333847996,33.022480831920944,234.6200770299926
5578,140.67050541147222,39.02941347618347,251.07055140695567
5579,141.2143151973943,37.624992567335504,256.66328469987417
5580,54.5361996937411,14.601650210566957,142.84021362536785
5581,66.24017421010983,15.373323274897716,145.03844250008015
5582,61.57294014786305,16.685422243099694,148.14686254707502
5583,89.43413641766158,23.690815935331113,178.46370313383545
5584,94.63802756127065,24.364304839091684,192.42954418637126
5585,52.865636582693504,14.210274335944264,134.11977965805582
5586,70.52571426277625,20.039604783812944,175.5412802863802
5587,64.73627247673214,15.188040102231867,150.10590554001405
5588,59.1217554196709,16.29277302354591,144.24327595490936
5589,140.86856850612472,36.095757437385835,238.74978659376416
5590,141.53866280231213,35.50483154573495,259.94190041354904
5591,96.73341590364753,20.533210601949996,204.04444022934885
5592,135.55040328551158,37.63598221634016,249.64178403675524
5593,68.3586990067556,18.61922842443158,167.89143530228787
5594,140.5901147084408,37.141481698133724,265.6355392195855
5595,62.709816832497275,16.633676396872858,146.76917349932486
5596,68.81246689481036,15.877510897627714,148.08292230853039
5597,54.09174128335482,14.659123484374767,142.33598874977028
5598,86.8572508428214,22.479181426995773,171.81281012978488
5599,88.15570482346054,22.453711192366807,164.8993576986854
5600,77.6573620660157,20.032614714932958,174.15762692237965
5601,101.45956064373352,23.286441044721546,195.89234595582693
5602,102.38315347467265,24.298789763525644,198.2783277720776
5603,58.87982682768679,15.896030216555198,162.14780417476055
5604,137.32414269577092,37.94116599385375,249.4759938742864
5605,68.32213570249236,19.429670660268773,170.57552481630168
5606,120.90155925668559,32.66599785752512,233.6925494826767
5607,129.6671901021484,36.39670762867524,234.00828231929304
5608,141.80831625802168,39.7420347712765,254.7177854511943
5609,56.09375988265885,16.55306371172648,160.8690677052867
5610,56.977913766859146,14.58360606816152,144.17841712733687
5611,75.6176354947243,20.99049211305999,175.3870908690968
5612,87.71074282301909,24.596155219026752,195.4910399835891
5613,86.77575709093448,22.12119756972486,184.15212080141967
5614,96.55598078574393,24.784293658893013,204.78249319322458
5615,67.3280019202822,14.940765493594476,154.1764537770912
5616,129.5702958674148,35.72507129681325,259.10622357831943
5617,135.44717843196744,37.827290768142056,247.18379167488166
5618,98.88749526052122,23.496245095541088,212.76444615602543
5619,115.8428401821546,30.881090432230042,218.43515720359815
5620,91.2115503049214,27.930912963120793,194.1849221461082
5621,68.72253068874004,16.74946820862692,160.1774062872797
5622,146.50800453959474,38.56134200712696,242.58271594121592
5623,77.85900608723587,19.219618591273395,177.65787264692412
5624,69.0008907695987,17.373868928188312,152.28567225425425
5625,79.07408841704536,20.771894287394165,166.10660721846656
5626,134.03370070818804,39.07247004901824,249.52686698626093
5627,66.01613232215664,13.351272106707393,134.9285408402921
5628,56.919645880918885,15.476635860117133,142.0596867927754
5629,135.33146300319757,36.48094730740828,241.43540691734918
5630,81.89548680912306,19.19137889748453,167.27406844952583
5631,91.66970904006959,20.69391393992844,181.08926926059934
5632,104.53840517728533,25.926814498242422,212.076560726324
5633,107.67079664547005,25.155333888054034,180.38172329886828
5634,96.85895772240902,27.083222771892324,190.9831841541557
5635,98.73132883575282,24.96439492031669,190.28769596932602
5636,68.18908161639713,14.867433004068442,155.1602410791949
5637,134.95999475336814,36.699431002975786,237.43597260321792
5638,129.29077362580102,35.87309941963354,241.74819676724903
5639,83.47363365832433,22.284441342375278,168.1873485527062
5640,88.09096622773406,22.682378420477608,175.7866757938015
5641,110.97734281283402,30.251338723604032,210.64589073308636
5642,83.34636063122574,20.854582221457633,174.72205960321506
5643,83.79922373589442,21.754355746759156,178.1895670467055
5644,69.86034425488164,15.17552881881968,155.57057945189635
5645,127.40380980934786,34.52564789180618,235.6813541221682
5646,92.75249823008092,22.61233369505572,190.06747245200714
5647,82.46638959779445,19.807364795802634,168.04961402548227
5648,85.11880567733212,21.33233028693915,180.85811619437467
5649,101.01825047206607,29.569623483540543,215.36696305296735
5650,133.80950100516722,37.83164395354527,247.90179860708753
5651,95.24607938769391,23.204466401531203,174.92205448755158
5652,74.43036511277911,17.46633669058081,165.9032110763301
5653,103.01052010469691,27.14038153655736,196.1033424236287
5654,58.49669403506416,15.77589597755261,158.0783944525776
5655,79.99826645419616,19.331686798814356,174.4606938226035
5656,77.10480570832193,19.4504135674816,162.10393691690516
5657,96.73240566396812,22.941713433685507,199.21101645375037
5658,130.50542876260943,38.07398468823837,240.42693326349126
5659,132.99011715654675,35.04241665774614,238.96327005808968
5660,127.84487893472344,38.27452521804967,248.7258826276379
5661,92.3250102741865,22.31721878736204,184.10289945289057
5662,65.65669184536145,16.08421446592934,140.4193158968117
5663,101.82147103810922,23.4416208135228,210.6198681580652
5664,130.1910584311101,33.79685684311593,238.26075217535546
5665,117.15928843418574,33.37013443263885,216.60760521989047
5666,87.10826998858228,22.002743073453615,188.52756725984625
5667,76.26296673703966,19.329230461616387,184.2119796985557
5668,135.0150702075023,40.600125313243815,273.68196458437467
5669,79.83461545565817,19.25902296552152,162.16418063059365
5670,87.54532155176663,22.242212169197327,180.68538829711295
5671,128.60354781666396,34.65669361666654,248.0176530938131
5672,91.5335353944926,22.280505628880775,210.50948935296336
5673,124.69128422218138,33.060421447707704,238.91955076803222
5674,94.62868295029952,25.604518982257932,195.11586896578925
5675,136.35285410979543,36.19572858827108,251.77275006897045
5676,74.45084336560195,19.577134122048424,162.309269077992
5677,113.82400804361465,30.748339111494182,241.2238124263739
5678,73.81478791796532,17.69514202907577,172.37642602292684
5679,90.65115816179751,24.148023289813324,185.00929567160082
5680,95.81649080729338,24.46725545931061,198.32545064338214
5681,86.97870491347565,24.98424129143833,173.05464434511495
5682,60.37126697704495,15.370217809895882,138.94398399915127
5683,144.32870462585643,39.08188326914034,252.69535739240106
5684,95.93700658227114,25.073373273227457,183.48365703324805
5685,71.75730938082054,18.204845725514424,164.17594796490116
5686,74.88500762070605,22.038744320888373,193.5306787556759
5687,74.00036286787825,19.923173402095554,165.1805976665983
5688,135.39494511525518,36.6993791519739,244.1384381243306
5689,65.96610306611807,16.83808572653795,156.37642295411254
5690,127.5351257091907,35.195194956887825,241.95868268495929
5691,94.74243599498685,23.930453433983732,191.6807930829436
5692,62.214808722377775,18.369565397771797,162.0974193662279
5693,89.39017597057277,24.952956555757556,182.55882163154482
5694,110.08772429938762,30.01331641636894,228.83236466987202
5695,76.52649710601501,19.19419727340922,172.56041918957945
5696,94.99712823966921,22.042849576878435,195.9781479942061
5697,59.8899993846368,15.865501329625438,158.34355998224237
5698,67.98658042673271,17.0881483125554,164.8367844923516
5699,134.42830350883935,35.23444974492552,251.9606303974187
5700,84.64805159144854,22.90565241325117,193.75616918197036
5701,92.05830778987631,26.90102101948793,188.43275382848154
5702,65.75550690194261,17.26889596508743,162.9642666901269
5703,132.98685383613233,35.421243231213666,253.18315514028566
5704,97.07018113956671,21.950523316984352,179.43206991886134
5705,138.7207934279411,40.11025772045939,260.7876459561686
5706,115.46810737069443,31.608477787744395,238.64080090217152
5707,133.1479525815653,35.596149632747384,241.50971253236872
5708,76.32347486312831,17.747799816645692,171.98472328119513
5709,130.89803141779754,33.00368126370979,254.47351286786622
5710,120.44813878978034,31.831918445426542,233.4951235083259
5711,65.16145685163693,17.510920798525277,164.2579745979021
5712,133.22850446272906,38.07883840505956,256.65206165076313
5713,53.144703489228334,14.726275264423807,140.02572522983263
5714,131.00211787627202,36.09299151119459,244.76386953052952
5715,82.86314528336261,21.089070781390287,175.01574012472074
5716,78.27105239236538,20.526870942687406,192.89177984948861
5717,94.07463317815338,23.11179918855647,192.13098199182375
5718,112.30199524291591,28.25054008760536,215.86467907997704
5719,80.29958469174498,22.53348910870717,186.73249163063045
5720,66.662086518082,17.096638317926054,150.59953959704643
5721,64.22629394478989,15.783406560141971,153.9601355574679
5722,67.50091077469999,16.837616842587227,155.056538702248
5723,82.04301480299286,20.276233390707322,165.74481798135068
5724,61.72780056960003,18.402434660188504,150.07262767747025
5725,68.97045191923625,16.55546847328304,154.8694668774166
5726,129.48504013619223,33.73149026395159,241.59121397077232
5727,83.24742302189557,20.469098604731222,176.79862232106603
5728,72.76935752010125,21.542985426417847,176.61353615097966
5729,68.60426333852988,18.009789378594935,169.93915918512735
5730,134.70637779938252,37.34657081728424,245.5974915028601
5731,86.14256485310763,22.9805580457633,165.6733220734501
5732,64.01135971838451,15.183099282923989,146.2296013411808
5733,114.02857048552309,33.13872613487573,223.90605572310076
5734,138.39616266987346,37.097026388671615,240.0872039472851
5735,79.085532838747,19.416797605806963,168.88403577363064
5736,82.38572179690614,19.110150163880466,152.7716699478025
5737,115.22082393335955,30.6175847196653,211.80246353335517
5738,85.88456864534625,25.208678800485966,190.64526807121737
5739,63.641129206092856,14.513372900704185,141.77687923028802
5740,67.82676668221711,17.367364981047754,140.6889395545535
5741,135.56581170096146,36.607222127736925,242.31360042994848
5742,134.1895272851269,34.69350321584851,237.39389432919396
5743,139.35164004867306,37.24176653148432,255.7639136592641
5744,136.44407877860075,37.36676401339283,253.85253313712334
5745,71.25653848465534,17.50493491559408,165.72254417812246
5746,94.00745884377979,22.813233471459387,176.22478609222262
5747,74.10624351680028,20.0536392260626,187.34177900407218
5748,142.56321695074737,36.8493488087926,269.09289236880846
5749,131.68534492397794,38.585698382753456,258.82391279222804
5750,85.61183353587636,23.493661886052895,201.4799418434399
5751,105.18665893498358,27.643849814996027,194.4466301563323
5752,93.26102806551746,23.70630493594688,199.11203076840235
5753,77.31374547992725,20.513356084540057,182.62447884456245
5754,93.45875492978415,23.466268744249614,174.41687811287153
5755,137.7093457092777,38.44818366186716,232.53460586166062
5756,58.61767229208612,15.511914244678623,150.93222788961364
5757,139.3136911842528,36.002170428510986,249.6885792108732
5758,60.03927457200969,15.745522294143962,152.76533230209665
5759,64.274292949986,16.341508225833255,151.2738951830662
5760,98.74194368012174,24.73220110162072,201.9434488956679
5761,79.48933757152084,21.471686570363687,170.1817985170073
5762,136.8447868149842,39.01416509172228,246.00229964760902
5763,139.42695930840532,38.461372161080135,253.57567696611713
5764,90.33898417176677,22.518204181128194,193.55580476509707
5765,138.50218499879517,38.353396661950775,274.5999250117318
5766,70.00948566721631,18.765464294562285,172.3661291543773
5767,95.72053966833768,23.859109777891582,196.63267986434798
5768,65.11585446601528,15.868929902776822,138.70922504577834
5769,87.74227250678418,23.415235242108384,181.7394773149913
5770,120.11829398103073,31.662857087201246,211.4924748530809
5771,121.40526153328177,32.73077080073228,226.79178799893177
5772,75.38890825966259,19.333058772408183,168.91401705910906
5773,95.16727379725417,27.946445470471545,207.60743902615684
5774,95.28391996735091,25.010190223163566,194.21777695154637
5775,75.91354883627675,21.719376165157843,163.67055153824916
5776,58.39643350614282,18.473960502200168,146.5515078984087
5777,115.85988312197914,32.47349326949921,246.359143642011
5778,70.06041046210244,16.85167489088823,152.77546340129769
5779,93.46487921117472,22.230676607655866,175.31077162184275
5780,87.28088135610149,22.093892187421037,197.80060601298234
5781,131.6654027846859,33.94192248750051,238.30071434902615
5782,70.53065618753124,18.63805665139996,155.3959341484323
5783,122.28019590582497,33.29662232836373,251.36911200655655
5784,57.690070637742814,17.139855727978183,150.353310432933
5785,71.30944649830379,19.40041944709201,174.4660458237315
5786,136.32263477641672,36.81457452413466,246.52354466382866
5787,97.22787315955054,23.840605534716605,200.71989475403927
5788,89.70312783836921,22.090004357166546,184.24399248643635
5789,135.2260076491743,39.260707895757086,248.51763581364654
5790,92.27371578587848,22.95210881431625,183.47996024324365
5791,104.76156728080174,25.314612291328334,200.8554829224815
5792,73.61504488269294,18.04097263285956,176.00898955483717
5793,141.1511379102744,40.26104121030534,249.98875046346168
5794,137.32039779589266,37.84948781396081,247.30465749614655
5795,62.35402926817698,16.26039321637297,154.53559930215042
5796,80.26769409280705,20.617983373449885,179.91417493187205
5797,83.12022344123544,19.540752667604497,168.4484493364289
5798,132.4338414357197,38.0148229762657,241.28670904563702
5799,131.9693486010089,35.68216131911701,249.48358908641305
5800,72.87173295063091,18.82703114917359,176.2410194894202
5801,90.69471788379899,23.776345908671733,188.71029044691628
5802,68.87372527001013,18.41191666348566,171.03350501878202
5803,88.60763978477995,22.517620003416024,188.8888712273806
5804,84.1873653739918,21.331589871478105,183.18429854166232
5805,56.91871973612538,15.19336183486142,146.24789838514656
5806,74.47471041694588,19.899594019052362,185.8002872221644
5807,56.886660430413876,14.276999599449619,148.60322228334175
5808,136.36258620726053,37.102153469151354,250.38621229274665
5809,131.17652645804043,34.592088340475804,253.41371491179095
5810,61.51665690086793,16.867449739845966,161.7644659269639
5811,70.28452323922808,18.829323032225815,167.26290754883775
5812,132.98715284430492,38.06086916765097,261.2761621767196
5813,89.27225142266066,21.836593923743575,191.38056147171667
5814,81.7793340839034,20.397588144282974,176.75063432542777
5815,89.81075170101344,22.828316803896303,183.02125554845546
5816,73.4647436716663,15.928856971740691,148.7881650898163
5817,71.6208755700085,17.056943002747392,155.10563021668176
5818,131.0524298451492,35.92856140611354,242.5645671263065
5819,145.51037521660317,38.13096617952463,255.35054241475265
5820,66.47694029286959,15.181492690540606,142.60959824121446
5821,133.89743664322967,36.11871111453268,242.96069347477217
5822,58.797549443323156,12.88280916972888,146.82271192557377
5823,87.33914226580909,22.264251038066277,179.19240360545552
5824,87.89193705251894,23.531107189029413,175.0255335196036
5825,111.43690691913478,27.120984675414707,214.4659222380172
5826,71.18389986247473,16.46978600177859,161.53224458848135
5827,114.4911512471006,30.782264154099206,227.60767749319885
5828,76.7930698781799,20.97299148518969,177.67091198208948
5829,66.77419825789515,15.654018342448689,165.22717892717108
5830,128.5056592018167,33.34309056943499,222.0459667281921
5831,145.35879672484765,38.12058301494114,253.9653747784184
5832,63.0834135593998,14.257587754125003,148.3198384059075
5833,74.69659098494233,21.14738174125839,174.08892978587468
5834,63.975367419740216,13.98429039078552,157.80178895293596
5835,96.0740768931092,23.605106773230705,193.95105896212087
5836,128.55296579563478,35.70570591587138,242.1693230898343
5837,136.83542567520536,38.85133440637282,245.6219657938183
5838,57.36552239078525,14.288552373995758,142.18224202271907
5839,137.1706715940691,38.82527608842319,239.3496061441184
5840,119.25114155438463,33.939614845213804,242.7118921644815
5841,61.87672812765487,15.867742579065544,151.53385099430466
5842,76.42826318022767,20.320375241758153,173.8441476730854
5843,74.98298526081332,18.757036646187007,154.27752254640407
5844,85.25218810576258,21.819020060777685,176.56204215897392
5845,145.39202220450628,38.81322670061363,261.1487820552226
5846,89.90401576814132,23.47472274044843,192.65671615238148
5847,89.83937758020512,21.43016774188181,190.20217204216127
5848,75.91740227502991,18.60686449608478,163.9492191355879
5849,106.09007162004488,25.328826886216728,208.27144743410204
5850,71.12096995710216,19.359179397409005,169.08477980658873
5851,72.61226203476498,17.526204498224153,157.44283583215403
5852,134.22436800704904,38.65074736214435,257.6486369063239
5853,134.77354729129146,38.060827355746554,272.1087356131632
5854,142.0631124953874,37.81266814312894,254.4474136030482
5855,64.74149487511038,14.861254872531616,148.68551429945148
5856,90.50720754750982,22.20220192621569,189.856903852415
5857,74.77149385155873,17.466638632523313,167.5977047857349
5858,64.74940596975108,14.19032752969101,155.06839838904042
5859,65.06681873714994,17.05602818987592,170.57189194270484
5860,133.98922105364372,35.18225805277473,244.05931240701491
5861,60.40861345620042,14.839135078305922,150.30171671606908
5862,134.49608990177373,36.44028611054663,247.0698204821313
5863,69.29050883689504,17.5580933951064,163.6189583399258
5864,58.49622827339393,16.594029654389868,151.26095502941442
5865,90.59788271858586,22.050901852015844,167.09703319403
5866,75.90647629037993,17.203710088207846,145.5835890485877
5867,90.9633394983022,23.048283481299602,186.15831228420055
5868,97.97497186119152,23.77083617809149,194.49564899709108
5869,85.51640262575252,21.367269697157912,183.55955857048272
5870,115.75431587628924,28.714499418639274,217.06346149322215
5871,93.73325709030873,25.01623499921785,201.65278578578295
5872,105.56568800729737,27.326913016478215,190.92271382950742
5873,120.04686086171475,28.01024096038539,212.18681465113033
5874,90.06783058801598,20.325649171273614,175.96469269759362
5875,63.264911767326375,13.043799157643814,151.44957336262578
5876,112.35521833136438,27.51838423054259,195.1509208276489
5877,137.69971894058585,38.36026753111957,255.40008019425537
5878,82.73717467412537,20.17531074160887,181.87205012155076
5879,71.48180320708254,16.118348086877774,156.03990831039718
5880,63.15670481306243,15.967419752580733,156.1787378453274
5881,98.85662836365346,24.92136736865015,191.68419560633245
5882,117.55601560690518,30.549944747020852,234.73240165977958
5883,57.710814935822384,14.62052451958732,145.40530069112407
5884,132.08493164195957,37.47702313924814,251.78173851662152
5885,66.211839688593,17.540080434489816,163.8509951177212
5886,67.48065773107734,14.055959473575623,146.0136854130408
5887,118.11635499643411,33.11366495329896,235.51427349569386
5888,135.79011485255094,36.250595149528216,236.0059540726726
5889,78.7839655785114,22.87619009127862,183.00974246968377
5890,62.39246510480541,15.278659897223898,145.96901561185965
5891,81.3100837175481,23.499663846358164,188.91129216335898
5892,130.2068067563821,35.42264639389942,245.56009682239923
5893,64.53841223824689,15.453974359149724,153.73753697748865
5894,111.84849992703325,29.622637803534868,212.5078690687059
5895,61.10444560136858,14.676151538509679,144.83414372455016
5896,95.02808569777113,24.39122841015061,200.5956086801751
5897,129.27504800183576,36.33537978766774,259.96681381023427
5898,60.44697759056182,14.609025992502376,151.0134758556105
5899,136.11930182385228,35.08441621900197,252.11247273664722
5900,134.57938772057483,37.89292298716473,245.16358065143666
5901,120.50807007211348,33.028828411949426,243.3674414372137
5902,133.85905704470255,36.66713479385175,242.04910732495316
5903,58.78853300622085,16.281217329844264,158.4081828028976
5904,70.98298854606365,16.519047696559078,156.65921327374613
5905,80.62710703098726,21.037953225097954,172.20400568665625
5906,120.25040303484185,31.895819496491757,221.94324566638872
5907,64.44924813457075,13.043496687602111,157.37580092476733
5908,76.82435511912169,19.630369514184903,177.22564053031937
5909,89.70285730502339,23.645700604096664,192.92577001006973
5910,71.89986490964323,17.606393511948777,161.1905822397815
5911,61.15456016646652,15.720812632272176,149.68553694034475
5912,120.20639524129167,31.33149405842626,226.81184252883088
5913,80.63451384210198,22.358831413059466,171.43280874935854
5914,51.987092804629235,15.90202833026469,145.5070464390165
5915,131.71792640025336,36.639359020079375,243.88053698723488
5916,62.10989638776149,14.718189626929474,148.97260164555436
5917,113.70704332216074,28.07443890556038,213.44232739769117
5918,86.05535040267945,22.282653270675578,195.96639837387343
5919,127.63446790233111,33.511403898851725,240.7316856595052
5920,127.51919204915366,36.69701639470842,238.35336878964492
5921,86.34351929252166,22.113597349756535,186.3017852795224
5922,137.55049437306084,35.475250415973825,242.04645225356703
5923,101.33407690206363,22.03778494100325,188.97548925756266
5924,140.30210292691393,36.60554834722682,246.82883767700176
5925,105.39658071847172,26.99169531884539,218.77825853598603
5926,81.1737066268288,20.64836396307381,186.36876198928073
5927,77.47797906840455,24.200769314178803,174.17382139724648
5928,101.43354465475558,27.131395652481796,214.3038969704119
5929,114.37245636537867,31.750290036112375,212.46920102216802
5930,129.12084649395493,37.84785474626636,247.94509913147263
5931,74.0238595240399,19.674040010412593,171.7100268899603
5932,59.24078974585602,15.333474894044391,158.89602027109333
5933,96.36275592690713,24.977159396420415,187.91219146015956
5934,132.0683244252309,37.700274433956416,252.17560864379348
5935,68.29146981105418,15.93477861508279,148.06572791235547
5936,78.27921882298718,19.862045316053628,160.66548863117134
5937,89.09414299921436,22.908945219908496,194.58775220333266
5938,114.19433625486651,29.60130194967478,223.55965337151858
5939,105.28153296381203,27.022016770074107,199.96041407088873
5940,94.68260922257086,24.512995338916728,194.2548410995739
5941,57.367658671518065,16.825778458004738,164.06919438774943
5942,100.44210634139267,31.483021880902395,202.3743068875389
5943,70.65506838308875,19.755488365032914,165.67025712468396
5944,147.68146053510876,38.99060734488059,255.93958478243246
5945,139.05277245526435,39.19356142011335,255.01776012538124
5946,61.387982320270716,16.266205503588974,157.41150545663118
5947,71.40360684414357,17.33245460041208,164.26011505285678
5948,76.08336269259021,19.703641638604832,165.64303987019574
5949,79.02314034421742,20.383340090343697,170.1714778177674
5950,84.92599682544073,22.277946464223042,180.33174055852032
5951,69.69324294560381,17.750728615523013,158.5815571848245
5952,80.75881715110856,19.337234856447136,174.98905619146663
5953,74.252602870311,18.613915269869818,160.90785879873874
5954,126.04359523657281,32.472530932439504,229.436222470329
5955,72.45505729302853,20.301113937419533,154.09161233969442
5956,137.5873086713477,36.68402721686903,257.0658990380377
5957,93.61894831452952,23.66795607891557,188.94550361312733
5958,54.45874092221362,14.60033835948131,146.8613210947344
5959,79.32227216626173,18.962422013401042,164.6796197861821
5960,65.42292745314491,16.6580066887558,168.57236347311496
5961,65.71112176478333,14.666883607267847,146.82071236050095
5962,136.95730209363754,37.551609656983935,244.6329185491426
5963,55.90780894894271,17.098691960753957,157.27761357643234
5964,87.77551095650301,19.677298673030418,193.7222854496454
5965,69.46829511524722,14.94619895503784,151.4757151162789
5966,138.09735890719134,37.12072172130586,248.3136116410178
5967,150.7505641620999,39.1265496287869,254.20254975253457
5968,67.1678964294135,19.019914297269278,171.54742360259172
5969,130.46218585996988,35.990932836465035,244.898042201115
5970,85.05450488395591,22.182508936990708,181.0795698740479
5971,68.92301784049404,17.988419779718274,161.43185846443694
5972,102.87842320958084,27.707997823285822,209.9952886458379
5973,90.31910549689137,22.871121518701127,185.0232194399389
5974,139.4664149996368,36.25774863358702,259.89489777240556
5975,97.80738446873697,23.82157913871416,195.22559720580824
5976,140.5367404412958,38.63232511810229,239.06606892634082
5977,76.06776474648866,19.617588269077483,176.13366482497213
5978,61.046244230001456,16.325867427756197,141.52706647394749
5979,135.29921095577876,38.217641328719054,235.91498599953326
5980,134.41546219674595,35.02346728726971,249.39526836653735
5981,130.41862163442894,38.12729065472664,245.74023321700471
5982,73.88542919789599,17.46940341283237,151.17488027091164
5983,140.14354210396343,38.42128798746803,255.7651341606727
5984,83.42529509175006,20.540836439793534,159.37826949941373
5985,72.91973023270175,17.053479741809756,162.52786000360382
5986,75.8400534226522,21.177345341614696,174.8077824596394
5987,107.48240293636157,33.10640616853471,222.2187428930158
5988,140.21371024386607,38.03288911590845,268.7244864373386
5989,85.17944370745504,20.738258006819795,184.8846334497678
5990,79.13443750781089,20.731088794456614,171.71838710880272
5991,79.49283964864688,22.527206334837853,188.74895513051027
5992,138.02375924261642,37.46606882532951,233.95793837461017
5993,65.61300034421943,13.30235608854441,149.16020176277715
5994,64.6468832891721,16.116794446022347,146.64550935681436
5995,59.87070417855593,16.96578638119588,152.78824593094365
5996,91.54752855676365,23.458794215820316,197.42263530667984
5997,59.32225981403192,14.405736519626918,160.6648488421109
5998,71.90704626315552,20.7981886503563,183.98112508583657
5999,66.24397904882959,15.202403607564436,149.2294266643523
6000,72.52109164017817,22.174814130880918,175.20827689886002
6001,138.26661666152742,38.37401186083934,239.58842277564517
6002,85.83892094125397,24.559202513855357,179.421331101334
6003,133.27748964617416,37.89949085249821,245.87622066554528
6004,124.81270550369,34.232600940226156,212.88836765755863
6005,78.74992867378795,19.565920007691144,162.70956239424407
6006,132.48421889266396,35.66952532462701,245.38454564569042
6007,135.60950635933523,35.86915803284064,247.8220546750644
6008,68.31815207204873,17.62709337441529,142.6383948604795
6009,127.84753095668617,36.30792204497555,235.3894554294384
6010,92.1995681933867,24.26233393826391,186.25462536714073
6011,87.90833647584329,23.531544749119202,178.04010514369324
6012,84.47337428225616,24.01975069354722,189.2842074864029
6013,130.51147260774403,37.55683059869143,257.9986936587631
6014,62.85796620418899,15.527996711551962,157.53656374245244
6015,60.04335758119354,15.138631669856318,142.97782166502552
6016,81.78759068598826,21.501840013725417,186.41208152353636
6017,72.56899531350645,18.61896481193918,172.7914119528816
6018,125.36527623536112,36.980929522925116,243.26564536466097
6019,128.39509596866617,34.77427675703055,249.25459726990448
6020,79.24007337274122,19.795356829659088,168.89329954390743
6021,59.19054676134509,15.360811860341599,142.00847190869635
6022,134.03469213341546,37.23407921757441,248.50931905087535
6023,132.49713886894173,36.8634036025742,248.92116268955283
6024,66.23914519972244,14.591485200920447,162.41436127445988
6025,80.6987688161023,20.309140463434748,163.79327415224222
6026,91.9959214274649,23.883422886571932,169.8247987654478
6027,132.98158642681278,34.96561167798905,237.97285630166144
6028,73.45753406049468,20.287751948681237,158.34258927357328
6029,90.29082216752586,23.209281306527235,200.58758805440547
6030,64.32923532357889,16.23091017763374,153.39056749071162
6031,128.96715047515522,34.05008101816928,241.19696065410372
6032,61.359241156174825,14.63808009236588,147.66832274791304
6033,97.8350209504334,25.321680141923462,193.33393694808072
6034,90.2118355337496,22.54619593264828,178.24719004011413
6035,124.44941898051324,32.37286450550116,252.31450899312907
6036,93.88484180502807,24.20414723732822,189.44909797831394
6037,87.48309063450365,22.330936573287847,176.61291056933044
6038,140.86398942326753,38.740819993304505,257.2250967598863
6039,67.03740953387708,16.583489618501776,148.6953374128707
6040,145.06922483078336,41.48894180813894,259.92367303429756
6041,135.4425376723287,37.81678402052899,234.46132747123255
6042,76.4918267876525,17.257880467930843,165.08319693722783
6043,67.418742738983,18.146998313620227,173.70687061176915
6044,67.86185957794386,16.82568863100355,153.09695016623309
6045,79.34784435448783,21.06511705594387,170.78539635103806
6046,87.18823850078877,22.140120998468166,186.68767971647978
6047,86.44613342766799,19.924284020483125,166.81616647586034
6048,70.60986605003303,20.909518158108686,157.72161534066453
6049,76.27022125110547,20.090394830958328,184.3412301121847
6050,145.6237472731149,38.00252190739223,252.34890273395754
6051,121.90482193616153,36.010278112443224,229.14290856774844
6052,128.058004197475,33.739041412337194,236.9185399538736
6053,129.3731365694346,35.81098764333813,249.4173699245006
6054,70.29223599244234,19.199196753410806,155.7529848040043
6055,138.28298305633987,39.15951894724898,249.63356196822346
6056,72.83352645822016,19.67608774336672,176.20894672236986
6057,64.24180579291233,13.916457648000355,140.506879937276
6058,66.93887198878421,15.464232069521364,153.59026606560738
6059,140.6584446427729,37.83728109929903,256.26581887667004
6060,131.59634794725918,36.647248343801316,253.62356000742827
6061,60.00697521486331,17.019792067748945,140.8431216434222
6062,57.469899348595355,15.76885672159665,157.1368047956558
6063,61.88670724623771,13.878303907863097,129.98772704432355
6064,132.91515423369995,36.186599676773945,243.11963120541608
6065,99.22093279657007,25.84607400302893,193.95447644243038
6066,93.3725923389526,23.330223169130978,188.37346144803425
6067,64.57091558107636,16.09418339889198,144.33579108724297
6068,59.94892453612821,15.018910074975874,135.3474815454708
6069,89.52423052829421,21.389864500250635,179.92519860919973
6070,105.75243031359692,25.857834293404,216.65649911489535
6071,131.66330731257258,36.46368360818404,252.16000873022082
6072,90.61669866802266,22.6258125099485,184.92907469338465
6073,60.489456099339726,18.608263990890638,162.05300969604662
6074,70.88979499467963,17.976468340814275,156.2666169328915
6075,100.83820350382172,26.056490766595854,204.61015215026063
6076,66.5695465000082,17.68105745795731,175.89217488519608
6077,107.49017998620994,27.105831947273035,213.7389020085129
6078,122.51311102315239,29.1354831313433,217.6794631743979
6079,120.42975728802426,33.88602134939447,230.93898557476226
6080,58.001146164513976,14.92990972032755,154.10497580769064
6081,64.45383148586902,16.990110335294364,160.04663036796498
6082,131.89839134050024,36.37758208869726,248.48039469379003
6083,63.874437103203476,13.305768944443022,150.598422087856
6084,85.84765532780965,22.85672573609558,178.28295188793717
6085,88.33373014683441,23.02518160184184,187.46784745438205
6086,73.35329948576664,18.608398540341977,157.0772553910115
6087,90.62100757467594,21.944884136245328,175.1581317555227
6088,90.82635962889681,24.06482536996848,200.27947071802137
6089,82.24084846351919,21.271680410404503,165.3814812305873
6090,69.08490397304617,14.177230989294285,156.08349670308243
6091,69.81578607659928,14.367247498058743,147.4815579735895
6092,81.61753195890833,22.782973660512827,187.7955933661532
6093,62.54516256806331,17.60653677354046,129.26855979921774
6094,127.54473486863151,33.350767337881585,241.37708249874436
6095,80.63030276180125,19.090624015764064,170.5977912409367
6096,82.73712979810638,21.930031204000716,175.4373959898604
6097,72.33477416887216,18.519548018919192,175.56135889765991
6098,126.7825190312062,36.36597454525257,249.83927784889786
6099,102.7242279231081,24.087843468062598,190.0066760600515
6100,140.9948579235991,39.26574603467247,267.3184026317181
6101,62.64122913774908,14.788192923903537,146.8535152094951
6102,86.34405529408482,22.815918639631313,173.82757655321913
6103,78.60635826457698,19.892849812666686,172.89988937058024
6104,141.7742324030818,38.32366476453408,251.7720559105606
6105,62.23456703163088,15.028627766113273,150.47755636533566
6106,100.09682028046353,26.361077258502394,208.8194176966172
6107,62.01090891327937,16.769949573978455,148.3179251348184
6108,64.00756659347499,17.059165503380466,158.85957006089376
6109,85.3900999930519,25.130806727195672,193.18360407596825
6110,131.56353818096846,38.85149078389519,241.16256317034907
6111,135.4287200992681,37.89507005713349,253.09574402362782
6112,67.00361896647298,18.19903021148244,150.4398341189303
6113,140.101734941407,37.861722272036765,256.3832052035669
6114,110.81287989663245,29.714396332639733,210.33112818219783
6115,88.63757040753119,22.484850643601142,202.0572117842137
6116,87.3389916370633,22.27173219966937,185.64572860031032
6117,131.27241511842027,33.201550485157306,246.8421735930569
6118,141.85498181505488,39.35597178878851,249.1498767085347
6119,95.77944083195652,24.826557878261088,198.04670320042732
6120,87.21918281149759,23.822207260299624,200.35990489166798
6121,65.18074853312166,18.080378743790448,156.10586835096316
6122,80.15226381659777,22.35700097769457,157.8971389867498
6123,72.83684387644628,17.153939768075404,182.77140539445864
6124,134.58184234426372,36.97418939660706,271.84402991906876
6125,86.30505623201547,21.882883495468132,185.8899748719263
6126,108.60157310252276,29.827003234367584,211.7663828445007
6127,67.14305975306507,16.23194917692694,139.92506314051795
6128,89.26776668548631,22.45693930150058,188.4484277478157
6129,61.40573939853203,16.705130211420684,139.54513823056732
6130,104.25099249769319,28.340242225396327,220.09830480728337
6131,59.26741595146793,13.951162537822144,138.19804884086992
6132,79.49072197581543,21.7348002338312,186.78635506494172
6133,132.28816023705375,33.76087573606076,237.2831355756868
6134,66.98401229278956,15.018502074689751,153.22839118449306
6135,73.35055429601991,17.765293342390496,180.92698868409693
6136,58.78968973769171,16.31465251138492,171.3894333014889
6137,56.55828415047228,14.604796206731525,155.09501828349588
6138,142.80442385712692,36.69721517232863,253.34194764456632
6139,132.9206752643269,34.266880020289484,231.98092830832744
6140,86.03155870078253,21.140473508013653,185.58046700904148
6141,67.37494365632652,16.811075504043718,164.72431264380972
6142,54.249161523070505,14.369157935506323,142.40702826608566
6143,74.37628270363355,19.668550276368265,148.62956682883592
6144,138.69614237156287,38.10439018231831,255.2784270453947
6145,83.60251142397271,18.891619597035394,182.3838574898112
6146,73.1320012623594,19.32357645350814,151.7555202771177
6147,139.75248608095816,41.63097604012486,237.9591279317183
6148,61.036953079930875,14.927675206223896,154.82973505020183
6149,118.97454121370491,34.459576095299646,236.0685481140573
6150,143.77393846404655,36.79922310809629,251.64596868596806
6151,133.01149844134827,36.97777400655426,248.75846738676879
6152,132.89020099612577,38.49031994835095,254.7294033626359
6153,67.10882488261203,14.97019970989791,140.48326395534096
6154,69.49981685383354,17.600647593813914,168.1554531907996
6155,103.36756688462798,25.46530572288356,202.2336349231188
6156,70.25009372420273,18.611535562471797,182.18624033203676
6157,86.75831777652931,18.70423473968854,169.4528552589953
6158,80.48167170126435,22.803544783758184,176.64974804626442
6159,70.58810048886069,18.119787120746214,153.63974416567808
6160,143.58738779024642,35.19733409577614,256.31738815346455
6161,68.89225868567492,16.62828278343708,169.02206349996592
6162,100.8392750960028,27.711886872925824,213.54316373766133
6163,113.31390268627744,31.726279995545113,212.28281095104504
6164,72.24416779137964,20.789145468474143,161.77366268961768
6165,84.06576710648166,22.21200469390421,174.07098990798065
6166,51.771817142842565,14.868259996022035,147.01430487303057
6167,63.113661438132,14.869244247353839,147.93904988382897
6168,130.22424157160683,38.19555030563049,252.59051068144385
6169,70.90961153630452,17.104474603645844,152.28853897143526
6170,66.82479653334438,18.216518115504613,149.40791450714164
6171,71.02764756797423,19.54381636247551,170.55850169690964
6172,134.91034594745784,34.63263125580465,253.27762594663093
6173,67.31798832885498,17.883473248451676,160.85247089720386
6174,140.8185501415244,37.265987217248124,247.0672849069969
6175,133.47335460577037,35.25441103024041,217.03076151865122
6176,128.29153828736452,37.31327723296514,245.55056108735198
6177,135.48092615311768,36.29526670560826,252.54462651976493
6178,91.39538201185935,24.71118976804377,218.26579780706524
6179,82.22909037023088,20.576411549307476,166.22897618491717
6180,106.25725239639762,25.841267897524567,203.19107917150433
6181,118.48286670688059,25.659267462348243,237.295784429431
6182,92.70797781156993,24.209873265475366,198.1581598075782
6183,69.66170415262279,17.225592547839895,152.9786546836514
6184,144.74283318180179,39.420341462616385,264.07626465373704
6185,73.95426839408644,16.64277107086242,167.20438998302987
6186,87.41802543605057,24.77376377386086,193.20192205467038
6187,84.00129290018056,21.05355124877821,167.68378872962734
6188,88.29582663180828,22.48616343754718,184.04069028637545
6189,64.31672028931874,12.796720685279846,143.4440766662452
6190,76.91534196365764,16.13656790239122,171.05508487056673
6191,82.70108125742993,23.154939747907623,166.45521496608202
6192,137.41713872116713,38.66333587188682,253.71994265888677
6193,69.42452411961021,18.159553273477375,159.95465354930414
6194,135.02862962362323,39.07091411918237,257.1817233430707
6195,70.4703555362828,17.16177160206707,157.32392783428944
6196,82.20359033117239,19.631180382693902,169.8126802329849
6197,90.20553137597982,23.591966239900454,193.819949715818
6198,132.2971909739884,37.77556859927827,259.09110600121295
6199,122.79769030796466,33.14365244456136,223.8554462928416
6200,78.92280390497923,17.050432929505195,152.58286419572264
6201,86.79443004547159,21.20633967787356,177.12446156263124
6202,63.309043635926884,13.868249953786409,138.45672328205828
6203,139.05422211919029,37.677506399799746,252.50174393316522
6204,127.88418850545268,36.37122621097772,241.1467906648027
6205,72.14477125354153,18.48643710724356,162.62726361285561
6206,142.74378757802762,37.313112826736436,247.7277229642958
6207,95.6597555627554,24.385700296891084,189.91083813894372
6208,58.72686311340443,17.616068335035358,149.3971528505618
6209,60.61058296211697,14.474786928510948,152.26649476926232
6210,66.31041617196135,16.541024095656898,150.74433077968945
6211,78.46752395975953,20.964429733520387,164.9885903392799
6212,73.51453585052978,19.60407717397707,155.10428551912807
6213,53.906990575427805,13.684403900945052,155.2165168871423
6214,55.002411089207094,13.788069018383771,140.83123247480313
6215,67.06096613508593,16.484750358044703,162.31205942399524
6216,88.33181219051788,23.463605922597264,186.62147047090534
6217,64.40844047153203,15.341437097196176,161.12734223866136
6218,60.23353281062037,14.330901443673225,144.99967600876582
6219,64.43913823606677,13.784635351397009,136.3619328519387
6220,70.00474344000644,17.441447937595505,158.36516445210762
6221,87.0832862895174,23.76221645235272,171.47871188547074
6222,79.41386124847138,22.056832373297038,191.06598026379586
6223,89.44390175808833,22.99518600315243,193.59424575414408
6224,57.19833980487118,16.672050639669013,157.43281076730338
6225,77.23403898471922,20.173925828429415,174.21052940662545
6226,121.99519463614521,36.42231534718011,249.78928390865613
6227,75.07036108807993,19.79224153579595,166.46043280406982
6228,124.95627694070184,33.97300356088466,231.31877974231983
6229,78.45418279193392,18.17977699125787,139.9427955584189
6230,67.417506894536,18.46213713133319,156.59224352773973
6231,138.43523620381367,36.36470301406478,245.6015694589851
6232,138.52172307738945,39.077122071892056,250.5964627335285
6233,126.79745197769238,31.951229081699392,236.60620304203135
6234,92.40125871597697,24.731112897846725,194.36802328392096
6235,65.09046407565496,17.799811095747113,158.72058650595702
6236,139.42900273887167,37.65683258047263,255.47331625934015
6237,128.0951531305693,34.14702787847316,239.10471257152633
6238,141.73743237977172,37.36363770388942,247.90990082429235
6239,135.99449316531621,34.58944734801123,258.29260067583795
6240,139.24986300939972,38.2632057811204,252.91256674079975
6241,144.78532315040107,40.53937148916973,248.83761044587905
6242,64.66502705635854,17.95172455930661,165.26528895610053
6243,133.0390300960984,36.526557609509325,241.17447233396268
6244,80.41951478915745,22.755846938944522,174.9896492685105
6245,89.01692232657423,22.44792011934814,182.03943228237662
6246,126.46549096214147,33.32603169803722,239.96961186008772
6247,74.99256665960448,18.26119470763501,173.91546742207223
6248,69.0856283939281,17.641258780518438,162.79246578079338
6249,82.46617866034745,20.708182244300115,173.99985649534983
6250,71.56151597869821,19.075661464836326,148.36659378646434
6251,58.60485891544342,17.197992664251938,144.8949817466129
6252,91.258120649205,23.70419199983345,194.36254809713293
6253,58.090954628262914,16.145571090171135,157.5276158552529
6254,74.72317782972785,19.446978656338494,163.53131735586751
6255,75.96533557144456,18.239260530789174,165.9775170632585
6256,129.57588085444738,33.743490757713296,255.1346643319957
6257,116.6325011256027,33.36925725696362,237.91857924444142
6258,71.79944950439217,19.570252341530843,148.4951333730535
6259,129.3190231823241,38.310128467554144,255.94345490986217
6260,116.69050983493055,27.044482363758743,210.11297054775608
6261,80.40938523765693,19.965799435329348,177.24446959427974
6262,140.31036388559616,40.71550471508574,253.68520460059685
6263,68.37092537697883,17.133635380233034,171.40770625366906
6264,135.1659286633056,37.88073186808514,267.2872563700585
6265,138.2322475508993,38.6687075876257,248.08962135576482
6266,66.33659353700787,15.514540796619324,143.07401608763254
6267,146.9228412317812,39.56772802458173,257.4488605109264
6268,69.75531409198634,18.689500381210713,169.36682705725124
6269,90.90918782770568,23.41316487175943,191.834396844932
6270,135.66739620926572,34.99824079413411,247.5509962621662
6271,60.42697618847102,15.013174533157555,146.52904649303315
6272,138.3929242392898,37.28402567491881,255.55663271213618
6273,61.36147961995472,15.356002998661646,151.02990875771962
6274,125.8504133842774,35.138947920171105,217.13177830137712
6275,134.01458565206232,37.930512127620624,252.8921262610461
6276,133.38831469404298,35.40122097005951,249.55575162432365
6277,94.29324555107779,24.15817267705167,187.33757356641271
6278,64.78467455967593,16.455455355773235,153.34249022172216
6279,141.63586812778286,39.030325009919544,274.730520386765
6280,99.70754446811638,27.692840786246723,196.13209068220564
6281,91.04171977533743,23.955137065261848,182.284304802756
6282,134.26225387472775,35.767325844962066,248.87243295961693
6283,101.3143354192212,24.905164601633086,199.34745764926097
6284,89.6856324634458,20.35982362242608,171.8406642307872
6285,97.61623028617102,23.55456753662271,197.74048529789818
6286,100.52538864241139,29.783584411748482,204.7180376538889
6287,140.52332828949253,40.68686099015117,253.28041915952156
6288,60.79485856802042,15.208708764028463,156.62882804553476
6289,135.65783360661473,35.46526880083965,260.08792227140816
6290,62.13654516480627,16.90004894991694,155.15040949102985
6291,77.81107587024503,17.026935420479084,172.03389686919814
6292,63.32088152790195,16.36593292440234,145.8612746894756
6293,137.03980628110335,38.056905481905574,245.67725838604986
6294,111.01658119974454,28.07886461766041,207.75000064992847
6295,130.5529631914553,35.09739068628915,250.29317768642628
6296,138.49101801538276,37.36383890117033,246.84165792268243
6297,59.11081565120059,15.321684015663456,143.18361795508602
6298,66.90330593893442,17.209511484480362,153.13132759889143
6299,85.49208583369686,21.97312876640806,178.83106678656114
6300,104.66613497710141,25.39373545468602,194.65013081200286
6301,82.52862480833993,21.29564787432859,191.36245012511853
6302,63.85308319419397,19.497119130154335,164.24364437354998
6303,64.11336473331276,15.499796854953201,137.3449752368854
6304,84.41347643539054,20.901594042532043,177.6058361140192
6305,60.558979630788905,18.52695344884982,145.19065369971864
6306,63.27420638932241,15.862963111519644,144.23025097147885
6307,67.62992015547076,17.428917865030062,141.26422177994584
6308,54.942737440157764,15.042698819082874,152.16651277501384
6309,116.21159693296438,30.8195765262063,211.75263297117655
6310,100.52491014485658,25.65163825596315,204.7914541787633
6311,64.85658083023135,15.137858448410077,156.20703659858978
6312,135.6694424871611,37.240355497541394,254.44148974965205
6313,83.65143092062662,21.65485578941307,182.2723702871043
6314,86.84796369851763,20.656783765242086,200.3974274234561
6315,92.0615776635846,23.48594373154068,193.0497929955828
6316,127.2682600576294,35.72397511523508,225.11660290888923
6317,73.35793300756598,17.60691215504172,153.59379034430586
6318,133.5315982289831,35.987117346980874,251.89578733365906
6319,120.94762063067567,26.767384433118092,195.17178230909647
6320,72.40904253304369,17.42070828201062,144.41115376958498
6321,136.93652483566316,37.95205790111557,247.13431118820128
6322,66.31452042795638,17.468684632034467,156.8920976865202
6323,121.45364216724303,33.756895517329504,241.24284712137697
6324,68.72051032276708,18.131220512488422,150.2238808009479
6325,78.03090578089329,21.037513191802734,177.05772613792797
6326,107.11559582934514,27.44911981973277,218.55013213942448
6327,141.81380602746768,37.2964921561666,248.5440077377651
6328,60.36572264215495,16.048667185153416,148.38359099001426
6329,74.79319548686733,19.722325527310037,172.0545761912992
6330,76.79087064126365,20.2600357291853,165.35534314555977
6331,68.08085473465327,17.913790595587596,161.6238756692512
6332,78.62256820532924,19.07734187706013,175.1045864493764
6333,134.26305296891852,38.27451914648177,253.77389695238853
6334,55.34344232362486,15.053134723788363,161.81815058253477
6335,83.2484042781855,21.09823090580694,190.70769809787046
6336,89.54322810035218,21.84774494554594,177.60706741666397
6337,71.04651101626219,19.43930754946538,163.27771499175384
6338,92.699932313399,28.78092951858868,189.34814474758323
6339,58.690615806595936,15.151427823674785,145.2973679364918
6340,82.7296975240318,20.93460663718606,185.06928720355353
6341,96.99166837016877,24.60255275191177,192.72856008642785
6342,127.90253624048341,34.417950354056366,246.56129228203477
6343,106.89146597818267,30.515206515857912,218.26516084339042
6344,88.12219072329741,21.770469575048647,183.98063949701682
6345,58.920965502199515,16.560944286820355,140.2880431938055
6346,75.30745374179655,17.539465382955743,173.9895026232474
6347,90.93834084469653,23.030829785941368,184.36544898672477
6348,139.77210601439307,38.01378714755945,255.03330647707503
6349,112.44947741025898,27.998844888085745,225.28105491701868
6350,76.02218774325354,17.43448301363249,165.58094191435467
6351,84.79324507643521,20.159803386361315,162.82978262141617
6352,128.27323421524784,29.588757815613132,212.54065115017468
6353,73.5141628930796,18.746685480030795,163.5164473798849
6354,128.82714723841272,34.57405725147573,232.5183882419525
6355,128.5594879335246,34.859429129114716,246.25528476938572
6356,143.9559655534766,40.13603112888659,259.3209192608578
6357,136.28341494961396,35.160534860828264,239.62659710608753
6358,69.78642278081874,15.363973231860223,141.18699640777507
6359,133.47329711906474,35.03604693115444,237.07728452225703
6360,85.192519550098,20.485266539105154,161.3127158748841
6361,67.90085932484531,18.38530740213169,160.81325242893914
6362,65.48624614796883,15.550792308274323,162.64557794609425
6363,100.85557048455998,25.22440836456915,197.52491397854934
6364,65.14830237800668,19.5289775890135,167.55180796169688
6365,56.63183290222533,16.01986117825908,149.96440288088343
6366,128.02703815860096,36.88972574041802,233.6510301683933
6367,60.93112027968085,14.622457895969015,147.63786257156207
6368,73.90742926693243,21.048242704691088,168.84613582386675
6369,58.732131394800916,13.91703219885572,137.36023853880803
6370,132.86184448718527,37.221809308340234,253.62556995424583
6371,82.52578595193128,21.71625785862847,178.64021243987307
6372,66.67322904649497,16.16480740939285,160.73751171827084
6373,144.74508081808185,38.23926875486728,267.2586238346812
6374,138.0567405742759,37.168565183100206,254.65044283860155
6375,96.17279536864457,25.067595658159025,195.82550500861504
6376,80.22856866615638,19.84833535932398,170.32773754738355
6377,83.36255087579663,22.44576151955874,197.45326051978967
6378,95.38695486506127,23.778148940065574,181.43825738958412
6379,135.07453368043898,36.10652269688321,258.86507033868384
6380,139.69527557562648,37.26999232823566,275.265581417764
6381,132.67628298915548,35.31445517337272,241.79386192657077
6382,124.89106648817119,33.3456706312711,214.88946886421832
6383,71.16025811521637,18.416815427962685,158.15870799724112
6384,115.84975936614224,31.70760293061667,229.9394348907152
6385,55.96573566534641,14.82249284728946,136.67631512388525
6386,118.90494027224383,35.64386025614374,219.21240686496455
6387,134.5457331584836,37.14025432162608,252.30004561168616
6388,82.26819416755136,20.560890286602298,178.21116947886773
6389,91.13579782252633,21.190305355560398,191.78484464883755
6390,140.02392886534352,37.84981816204636,249.9622223958415
6391,71.60323198587177,17.373792194018066,146.615890947729
6392,71.50852365178493,17.161703078287093,163.56270753312955
6393,85.36744307498385,24.716475769097386,190.46495422950863
6394,88.72416235246332,19.612916466708082,182.35521031227267
6395,134.33565284853805,38.08519316085864,233.25885295851114
6396,103.61278773666045,25.138886517432947,192.06836535567825
6397,66.15409842443971,16.05845770589187,136.96069430986623
6398,96.24869408363195,27.845574423770312,214.6120131466769
6399,50.736218878048284,13.954647305602277,149.56713623849285
6400,139.18877097140816,39.70862243805612,237.12288624731383
6401,74.46245197352859,20.611426820489513,180.3040286674046
6402,136.63735303597622,37.77784085867447,248.39709522548875
6403,90.26578003121055,23.76651312062423,190.9642413885629
6404,133.51872929037685,35.69901575074531,243.57681128292373
6405,77.53869274975214,19.557987730516484,176.6892494562747
6406,140.21576304571525,39.611177983413306,265.2779465267012
6407,82.00903616999605,22.89829819438192,195.04280786497586
6408,96.93485890020695,23.70593912969576,193.03805418048867
6409,128.49576204558483,33.89629095454189,235.4490932881868
6410,147.42695544112598,39.5374144835201,263.67125269213267
6411,64.3211584280241,16.810733118230768,158.7486348796154
6412,58.278617555574385,14.287607216036749,148.18249215563787
6413,137.53130975026497,37.54066939859274,250.4184835622785
6414,71.56440296283043,17.982237083709375,158.66866308129676
6415,87.04216959656763,22.30645434022212,183.1606639725011
6416,62.03533948064506,15.95728559582727,151.8301573028321
6417,57.26017572561396,13.64497511729684,138.7013109695259
6418,145.18488208722505,38.45322891637277,259.3379076165738
6419,83.43665584175487,22.98309957430106,183.13296503606622
6420,57.42016606896312,16.84982401415586,146.53681844635906
6421,138.2287237754468,36.010127867006986,248.4782395320642
6422,58.37197753677474,16.26197749969648,150.36584648216453
6423,68.57767559315202,17.94029691622245,158.66878578195812
6424,85.24248346476914,20.807061061221003,180.25699778266173
6425,67.38323213674656,16.53781399724465,154.17954830459917
6426,66.82220985451934,16.84281052775445,159.9909066284404
6427,125.17169112834402,34.809108777039334,248.10099279010765
6428,81.21331886291445,22.517339120756464,187.9808096290876
6429,85.54857198222815,22.083054760198088,168.6959107748817
6430,120.36965728487809,31.101309461613887,237.68801843560206
6431,90.05624153150546,25.27278826617224,173.17556017341337
6432,135.52763472618003,37.50384482282575,251.22742391262935
6433,142.34596316878864,39.69012809417299,243.41677187627656
6434,140.20606516323713,38.864440256438016,255.0926037368256
6435,70.50771163058907,18.31721049972425,160.25087022538995
6436,115.86467338696669,31.23803992751674,228.21064514930495
6437,121.84840642124848,33.00059071508879,227.22864382826853
6438,66.77284536312449,17.582720656049897,159.48981323546263
6439,76.12260937260575,18.659074851913793,159.19503914590078
6440,138.03010340945488,37.67852477690318,266.20459877834145
6441,97.52462149869189,24.476888547280026,196.7715798114579
6442,87.62643418490075,21.684451950189217,181.02908321117744
6443,85.11920524900445,20.69181179765717,164.0047796779132
6444,68.77798972544515,17.111495810026806,159.469631109341
6445,127.38920724853698,31.328805687652427,220.84976091148778
6446,136.75052230581795,37.02209555288018,256.32770560812907
6447,133.98430496631786,35.639374577911845,231.01250713178862
6448,73.79979926031575,18.237591240223015,162.80036236820345
6449,85.41746448938441,20.579421290343987,178.42762552345576
6450,131.17351576712326,35.93620259252804,256.00242837938174
6451,139.5757750609393,38.745740489624154,261.2333273495739
6452,140.39236041738775,37.398747061571136,258.9538274029428
6453,62.811156946159755,14.671896186362995,148.79762903340233
6454,94.15666752238181,24.893470011444496,196.54310606652845
6455,135.2501080971551,37.38507477959661,247.85576761375293
6456,93.61866944432542,25.33363094994372,208.2336418149512
6457,130.5951457405987,34.260566277470026,237.79647522113012
6458,61.06619615831969,16.77822594419219,149.8663474356055
6459,69.12937861334511,18.667085845456818,135.12109032810622
6460,66.68980777514835,17.95961608854722,152.04101501272837
6461,93.40278847278954,23.244632151904124,185.59204106976355
6462,72.43945315301711,20.988117419943276,144.55626498354113
6463,131.6066401019769,41.4181859706761,262.69880591600787
6464,81.97330073603025,20.030085910789882,181.4615000837284
6465,81.73969728601588,22.75553001436958,195.4190929576043
6466,77.28752504905654,18.453900719907125,177.47282245380714
6467,121.00331245419223,30.521082347440306,224.528374269011
6468,63.751401589404956,17.972364049178445,167.04114435018647
6469,143.07706546748003,38.05190009394925,242.36002620049786
6470,78.83615117071834,21.806655559072297,173.06266262824144
6471,128.0306210731123,33.665616327429184,225.73404475632285
6472,81.79085864099338,23.818744356582325,177.85536028057786
6473,129.3037164499024,38.04013686485243,236.57484310261773
6474,138.6376810074327,36.79829003648472,270.86103391961643
6475,92.79121227247113,24.931298197403702,186.6269884527962
6476,140.98107160835704,36.7536793847473,256.830588166133
6477,138.26470437735392,39.17315641112571,256.879025615371
6478,61.45681569514203,16.798828033414832,165.28668436589996
6479,110.86022865095542,29.991901591856898,222.2366761628363
6480,69.54303127262382,17.893547533816356,160.13138898598416
6481,119.41607287805293,28.17816491490149,227.71032814252294
6482,67.57157350931301,16.15729215315185,154.71045449004845
6483,131.89609769435341,38.14716952086251,247.6317005678064
6484,65.51640814999651,16.15886930466802,162.0610955701286
6485,109.64215761809308,28.876204741883814,206.12655335893055
6486,68.94666363854681,16.125659609546492,159.70967042629331
6487,143.34311274793592,39.477492901477135,262.62524284104995
6488,63.11945969381791,14.69963843418202,143.79819080155127
6489,69.59703757028383,17.650019608952622,163.1480049652015
6490,75.67672330414528,21.527453575138093,182.83951213761952
6491,106.77260969507824,30.29813041148825,219.75859552629439
6492,111.34152448856806,24.42956646668406,195.75976217387606
6493,59.6424090495485,14.230598827088908,151.60431488945974
6494,90.11532913328352,24.988702698995073,201.22476522030917
6495,132.61588492569447,33.65483943557719,233.28462601213823
6496,75.2801095252221,19.837798081613588,169.21705906199216
6497,61.523248111038576,15.940422107867,139.06270673621964
6498,70.10104260956508,18.60662791207429,152.80993159888445
6499,87.89100473957225,24.93374662325851,195.9535150115528
6500,92.14838419041929,22.062087239807827,192.15420980639473
6501,89.75852533607721,24.03662761772323,186.71216347961516
6502,66.01602229945938,16.019893484114466,157.9022100315721
6503,54.15660059181106,14.983840932833301,149.3399266411872
6504,79.22735899090272,20.908372436071627,161.3783506841417
6505,71.78390734735093,16.706155311780062,172.38106153187064
6506,92.46257393946568,20.11927333996314,193.02666967800144
6507,88.58380877974999,24.079559819799528,180.02718664057946
6508,136.760238253518,39.58850399836171,259.59662421093003
6509,136.62150531436876,38.84330993887442,241.2490353300066
6510,78.97398648972076,18.838321712696793,171.98173538512205
6511,74.40554767134525,18.669877423943465,167.44198385329148
6512,85.4670623915795,21.07684820922974,186.17528025210484
6513,116.39809026571113,31.775044217350043,215.0564603143193
6514,81.28866868793612,21.533482304031697,177.180089883141
6515,65.6247072248858,14.47131603825759,160.07446707159116
6516,87.09780463651806,22.33225579042781,185.28550013501015
6517,140.64403311932497,36.868248750870656,241.36438013069855
6518,77.45285835646764,20.275108325396094,183.47064096963126
6519,136.45965265481883,39.13851211401557,247.03626438190693
6520,79.64798887483038,17.887116375087583,168.63284134221934
6521,100.90505915750163,24.005621869614362,193.12796396999758
6522,92.65604532080398,25.900585888064928,205.4292000677299
6523,85.661126179374,23.037428955885648,198.06867230705697
6524,98.62241036079847,23.75674547244051,210.32208984845286
6525,65.85280481939331,15.897263604842786,158.71520554997178
6526,141.71331767129575,37.32933654507267,255.49856320893466
6527,78.05649675352804,18.05729211985938,157.07454182669997
6528,133.1512681438762,36.936384404384036,243.82272845093613
6529,68.67655595522639,15.434388255649742,147.1662415658483
6530,141.69459474902655,39.781403098875195,252.52217374131536
6531,133.76341399488967,36.685267094486896,260.43203151733536
6532,139.81896047132088,35.58031095761715,252.7328742235487
6533,144.40210269545096,38.09691040583274,258.4169416803516
6534,72.12847129217185,21.079186171642466,164.6624181147318
6535,70.05049793408735,17.118020272022616,155.03649696943555
6536,91.98297695740166,23.29086650231356,192.92011370735395
6537,75.26894082174515,19.264711544698198,169.85434136698368
6538,142.99422828704567,37.689349143135466,244.42140460448755
6539,64.96814793798147,15.992520136063527,153.7496803503834
6540,128.39902046536892,36.598363018352124,242.8670590854064
6541,82.31094545571166,20.56860721143789,171.28675093572664
6542,76.77631004883769,19.37577314956599,173.77452825752343
6543,140.92888724770037,37.266557700730026,253.92202408069537
6544,98.39248974633774,27.33129579324432,198.2601696146815
6545,60.563055170376046,15.37021856959593,140.13521667033754
6546,68.50170556955327,15.921019796282573,149.27018404341945
6547,134.22787587795756,35.97191698003922,246.61402396738688
6548,66.1641901119048,15.470207627324909,149.65103208952732
6549,72.67905270278268,15.658257360910124,164.53203118255865
6550,62.80668319709866,15.583786579533422,146.9772830151626
6551,63.126599701443304,16.379416023411032,148.90830918617243
6552,124.55736597730665,35.49130581971187,237.8312991625513
6553,128.9831027711186,35.13330578616357,250.60185844322996
6554,73.55313290906675,18.725390011335445,162.37632421634825
6555,82.24136717756731,22.313951171209535,191.03607579323634
6556,76.00781942865521,19.549009335231975,171.84292913449184
6557,59.484137041375696,15.534840052096984,151.60055466394368
6558,84.51977218758712,22.804597066631832,182.87177118007898
6559,76.16529188677396,20.10690465697924,186.7377147823862
6560,144.89338391922584,38.89171906031758,245.72264091694598
6561,104.81446000398746,27.08115770808622,218.40958772963924
6562,91.65136690952401,24.05357440415532,203.22307395794004
6563,79.81193768052462,22.237879839547805,178.82575869743286
6564,125.39365565982153,37.18606623088537,248.12720036800724
6565,85.23356855341613,17.800672220143355,184.0209123533675
6566,65.07282915194345,14.351067239111826,153.65259481027462
6567,87.88914583466318,22.245244532849515,180.7092561018155
6568,138.28843461586487,36.26546220696893,234.96835725193333
6569,63.19209920467981,15.371175194686378,147.89889621244853
6570,67.78207955157869,16.93952797630909,156.5797877737227
6571,133.29100063229984,35.250882252503736,240.45076646890777
6572,69.95642827971481,17.0060150693314,167.95594879294555
6573,71.08341003735684,18.205939784110424,156.6215837536848
6574,132.5631047674206,36.58328178099429,248.33563348013953
6575,74.17063039584245,18.22993096880968,146.78700222416538
6576,87.6806542581625,23.837179258837633,190.64137544117702
6577,138.84842364480605,37.2085626561042,250.32842438734022
6578,90.38897841593418,26.352119956735347,205.97922873445145
6579,63.058423121254314,14.216984545992721,143.7909722598367
6580,128.31437297130958,34.28161153758547,250.4673770137234
6581,133.60125623562422,39.278785476041755,247.20854398393791
6582,122.14042223910873,31.98368737560032,225.43054780723398
6583,86.59159890439297,21.0971675516685,180.49336839699654
6584,69.08735341651432,17.483929075745433,160.8060220150949
6585,97.51245342060365,24.974950028507248,201.05937722818817
6586,68.93754717495177,16.896603560905007,160.29293179759367
6587,67.06203600518958,15.987617382882854,167.42618230642577
6588,74.49964935749217,20.75179407126217,178.6849795558392
6589,90.6387226671698,25.865734119694434,199.32699981924324
6590,81.74064469439882,23.122172558326223,189.21126533300975
6591,63.382914260458755,13.791232364469733,149.9102497974723
6592,85.60036938631386,20.043275833220687,189.02381451137282
6593,65.3497425025815,15.718209520146017,145.44309508005543
6594,135.7051807303757,38.97110094177843,262.64226505126976
6595,95.33305558282164,22.61806551474829,182.22709190760182
6596,118.89134601898083,32.33153180167427,223.48897046207523
6597,83.07206584109674,20.47174362488625,168.24433510176655
6598,83.49623030193179,21.91593429803091,182.5038155959114
6599,145.2450721528593,42.35254151977298,249.6776027057443
6600,120.78725207438502,34.24952284151782,241.44597062900343
6601,134.62843845820942,35.87420456929698,240.86509694987797
6602,138.64203390067448,36.59747086251021,242.004541709093
6603,75.0691722741585,20.224140289530833,180.33857362002405
6604,83.65018183192944,22.676596125947984,178.64218473892092
6605,126.28483600801887,31.248698760197005,232.5084637425143
6606,72.53612080118548,18.290903041728434,139.3278622526589
6607,74.59044475498852,18.926357102368314,167.3928565400237
6608,124.40196762732812,32.88865355003765,237.8165195208028
6609,143.5314854762181,36.512733661260114,267.4217032505384
6610,120.57382001383847,32.15829241928827,233.04608746344886
6611,137.262069633496,37.13666800968127,230.75219213216644
6612,77.5779899376445,18.823272248085654,170.59874329446453
6613,95.75628837059057,21.90664815500044,194.04054335054516
6614,67.21300864218391,18.137643582308772,158.3940071266508
6615,70.38221681376909,18.58326566017187,166.52033763000944
6616,86.73160963306269,22.7095043592641,185.21765368814252
6617,91.35948180213417,22.41701386504717,188.78528367012206
6618,71.52997338416098,18.26969479427093,155.3459651340656
6619,63.21836800234802,16.201206237169114,164.03018844248163
6620,97.05732904770083,22.04922671586103,182.57798503008053
6621,70.56851237758983,19.710333012916013,174.34996064122734
6622,60.619690606651496,15.427377040305403,146.48015405567023
6623,54.04878868723924,16.82316327534996,147.9207840072764
6624,131.32975385696895,35.07161574930435,241.11655941900332
6625,94.67250539500635,23.18339736130873,191.64411622522843
6626,91.84087214895071,22.76293896201343,191.5917820815054
6627,87.79858139873129,24.340313097064236,190.68254145236583
6628,92.18660103813552,25.466064131436646,181.86910444312696
6629,136.17809356376264,35.11093149225227,233.60123922557503
6630,97.05608690632484,23.677401445529195,176.11704139347694
6631,58.61670585890044,14.99794737100328,151.65809413000986
6632,75.79245348796042,17.247147583679805,151.05231163194767
6633,91.44024023822912,23.388361899106563,207.07221028698407
6634,120.53240572399635,33.10459988676201,226.19095154084593
6635,128.36734874217618,36.953738694913405,236.69504154690586
6636,65.50325072895662,16.580112122004483,148.25729097407935
6637,140.7283398098363,38.85757607018262,265.9022841444575
6638,123.5201271713032,33.9408000809152,236.34933808880163
6639,68.78726175624207,22.86513651742617,164.02224040251443
6640,64.05706868314674,15.663974015072691,145.61036618920448
6641,89.21131106924916,21.83014388575819,192.23149398390132
6642,93.39836945339552,24.78874120116154,190.3645096302457
6643,64.88226029457836,17.549631288237748,153.03982317791576
6644,140.06784501528168,37.958516418816195,254.18203855676344
6645,93.58139680744112,22.08006724549305,205.29978252518217
6646,63.896676483469214,16.548277576239993,139.7067642260599
6647,135.39585839658614,36.93991603208526,255.93280656563522
6648,139.95810317455178,39.83154730147818,271.90961477310174
6649,86.29857896571592,23.36203526214667,179.42971113912063
6650,137.21284520884032,37.82372090932578,267.25585989728603
6651,69.09494827172942,18.871123660383336,154.30130119104044
6652,135.86172671834026,36.51489855645732,250.6413014550785
6653,99.11048094992334,24.182597199207578,197.47363200417684
6654,92.73957098556889,24.211521918359878,191.8783186922063
6655,98.10560683865805,25.671045139417483,200.2073029565805
6656,65.24921249669983,17.473507189348975,157.36576930013308
6657,89.93858148826182,22.683226275231785,185.0115965003698
6658,105.01092743067251,23.695662362379256,193.61071116588099
6659,71.30096658082185,18.652736554035418,158.43062174065312
6660,95.42858421056208,25.815683582613037,195.64753843090415
6661,131.83644410581624,35.31023793204667,251.6219912334461
6662,66.56484320145638,17.454969556178543,159.93078276347168
6663,75.21521151021813,20.97369963070869,159.92055323527765
6664,92.75076616335572,24.513273551903037,189.85697010905915
6665,126.43104613703535,35.154426221513766,249.50090369438047
6666,76.76357278227925,20.214077577992295,158.05990186364022
6667,67.8673909842026,17.218576197510796,160.45426397893115
6668,84.95220131481021,22.51756955988789,188.3471105849383
6669,70.705175947593,14.064250353642562,153.54769895581254
6670,60.65403080784612,16.39387438304534,150.0985739002354
6671,62.172172979949735,14.30350068669662,165.6186484652336
6672,86.58294667537929,23.925536429826277,172.0075959950276
6673,74.82472473498078,22.973396565388487,187.61969412033315
6674,62.138510557134616,15.394572173190086,144.42617616538686
6675,80.32976209981952,20.272109198555807,152.52499830305823
6676,137.97955412172516,38.04817535934272,252.13320234902298
6677,129.84169791106146,34.68069772810527,227.39414051016627
6678,92.41126424154673,23.602104792757654,193.67945569492346
6679,130.7425075459212,37.39163141907367,243.42571419189986
6680,123.55426980486767,31.922465811965342,227.48304094451262
6681,126.43621437873718,40.469913576395925,241.74636640041788
6682,109.97746491372257,28.86928938515769,214.14077585611065
6683,130.97099093597777,36.402274517328124,246.35419104306985
6684,92.2913878518142,20.975290875883548,181.87527835209687
6685,88.87813899301254,22.14826372733738,184.45960217029833
6686,77.5695231957582,19.780238785846496,166.8549050392514
6687,57.85401737114528,14.350118488955882,149.67631039579013
6688,55.05802605712609,16.087691061033258,150.44212003584312
6689,128.52255353706806,35.399873381204806,246.2838003030816
6690,69.6983084617662,17.091269335239794,160.58010885321005
6691,82.01857592653893,17.507393716176548,171.0165924940989
6692,94.57702705583016,23.490333203772533,199.45050163183308
6693,71.03271606282253,18.067437826665195,177.22553250712812
6694,75.99468671368486,20.002166877316693,161.5061741719675
6695,124.11592858264397,34.943813728489616,240.68124976553
6696,76.16047191011354,18.638533770963118,175.06980345451618
6697,96.44812814733952,23.496075331515566,192.2315907907994
6698,59.6459135762857,17.014885333183432,141.81358617838575
6699,73.55610406176869,20.017547372540815,162.95171014856047
6700,100.49614381456718,25.025649837578957,208.81339747367142
6701,129.26875233279833,36.671143176548014,236.4040934504626
6702,75.9567514008246,18.649062005043323,164.8767332872437
6703,59.30848684302935,15.488346429995739,126.65778019132003
6704,98.33384419585717,26.852537553435585,213.0353261679899
6705,71.60325117302092,16.900206552509527,165.92616333828275
6706,89.05626534755793,22.8467798477467,187.1118186367707
6707,130.54847218553206,38.57517039161161,240.75927133851403
6708,109.37539256387358,27.054863620421777,213.0895133912226
6709,73.36359944821429,17.255285377936364,146.0943264574722
6710,134.04707211318654,36.459518777233804,242.41521275620445
6711,67.20430696755606,15.015282125893625,146.65716354864745
6712,105.13397216682077,28.586123706715366,204.13244064759945
6713,76.02246975182281,18.70164479393036,171.98420436279184
6714,73.99775288777259,19.125475369899004,178.9571068418754
6715,143.5673413795097,36.60817065360255,260.0866011912089
6716,63.03792597524236,17.610851614695232,158.93752924222696
6717,91.0462145362789,20.52201254166336,173.60639125470885
6718,53.405536641414876,14.411535361499244,139.14442745187208
6719,96.55851930598648,23.242263287224166,181.4886467495485
6720,77.20789733187482,20.880770199653217,190.00031636336743
6721,78.98413393812605,19.599689011763143,171.65313755716966
6722,78.53555600470257,21.85024102806528,163.4521673009573
6723,90.38137992485926,23.15961221798874,186.52051924246584
6724,68.01526211481693,15.478908794209636,158.51017627005768
6725,120.96464675284336,30.13849276878153,224.46565683975288
6726,80.18118226096266,18.634788177326474,158.78040110200874
6727,66.86020875948454,17.220931981009965,161.42482444597164
6728,67.27260508895121,17.929422540928638,161.18550927256794
6729,129.5234209250408,37.38682022292599,255.7053218599327
6730,97.2692368950061,23.98184726636014,190.59410433470313
6731,65.72515876185246,16.2412727211183,153.02998200089462
6732,102.75067604756002,27.01917453028314,205.0072553109275
6733,133.4317136701329,37.92119779376427,247.59768267921552
6734,66.34881987059961,17.524137386286046,155.68035575829148
6735,83.54712360917928,21.57966424560299,183.90113913925583
6736,138.8914617652992,38.34574400277848,252.08297331828078
6737,100.55104230556731,26.865502661663665,193.51028002873096
6738,72.21981007846499,18.868649854875628,179.7640500936012
6739,91.63531545041077,21.41720631473677,189.96627062602462
6740,136.45441294864966,38.896524136834564,255.95126706587715
6741,99.2330933603926,23.237567709297892,191.33245171174357
6742,75.49281831052976,19.481877199774132,154.4330295622656
6743,137.7971455539225,37.843505749836154,249.51911944422054
6744,135.02110630491651,36.874920163257876,250.69832869871672
6745,73.268520118749,16.88547470393463,157.88485216764812
6746,143.76739721029034,37.25666930118721,252.6140549479711
6747,96.01027724610212,22.284014196918015,192.8007803184859
6748,60.39971465202305,16.22317231211781,169.23781964872327
6749,144.85266194054034,42.21713647468497,254.28088767497482
6750,69.41749687682521,14.779439503408259,137.29718484054453
6751,98.89128999971923,26.253712290420573,200.23549495984977
6752,116.33687096394048,29.477348114313816,246.13576765699017
6753,94.58745383671173,22.45477378232758,194.21200645498635
6754,60.561101163338826,15.88734055958474,150.66357870696058
6755,72.29607257643464,16.868098724520298,179.15805867867007
6756,71.28714522691668,17.01674106527631,158.10143777699417
6757,135.863139854904,38.04134505533103,257.1514988246492
6758,105.5130861698634,28.758780700662594,211.90535722961135
6759,142.14403195264205,38.593720155700744,254.75885548965425
6760,83.07650855257596,21.673675432940033,185.98035991450138
6761,93.2635399189724,22.228699265012505,197.546338576
6762,78.92305084895212,20.221956570792486,167.10218332921298
6763,74.47877639576295,19.044177173155266,164.94559186237674
6764,95.18948734804944,23.890047708250098,192.1395699213228
6765,90.67729675896506,25.17629717222459,193.44635012442373
6766,135.82170601113148,40.16110595216835,262.6485479486847
6767,140.67541253096795,38.82683580651774,250.00369320758213
6768,116.99018154785315,33.48766582833511,233.6487769392696
6769,139.92653573937645,39.98899579238032,246.85408681701537
6770,117.41009743757185,26.86624553788106,198.71160163744943
6771,63.616830747587905,17.093229264695367,164.14173399711254
6772,135.5346174358723,39.53951703805982,249.41821302617785
6773,131.53917008664783,38.341531128988585,257.55116032849895
6774,78.10629350872226,21.205608078820024,176.8561302586709
6775,64.75264967509781,18.80588080093376,154.33435426443458
6776,94.57267095405639,24.398407618073723,190.12377151030626
6777,89.34320518901241,22.00357783942255,199.0664163042322
6778,78.52441111849203,20.54784892248653,173.9450244160286
6779,140.13251327813734,36.849797889509055,260.9037991433838
6780,65.12666442567392,14.837864028563844,151.80129352693368
6781,64.2286183659793,14.3622515375356,154.61141892212314
6782,68.16242176834778,15.877690395278693,150.5134409507949
6783,61.885916257729164,18.41412894879613,157.61212792486702
6784,95.23567012141798,26.969950022712222,198.07355151650992
6785,86.02815624892911,22.427117117116165,183.57622920217074
6786,137.71888552079398,36.43889215077401,243.93893897059917
6787,142.254586838098,38.48030185219449,255.69242284148075
6788,77.92798094417478,18.668081132839486,171.81918044434443
6789,137.08951363654012,40.26609600578144,244.59131111935037
6790,121.91715000614788,29.326756941206863,221.36940401717908
6791,87.37339846612387,21.738279830230564,179.15601092404998
6792,85.90979403245609,21.846119276298445,180.754545315482
6793,74.08990019001679,19.478017351297886,164.66855118550683
6794,100.06721829706946,25.6436602875274,206.61673641258486
6795,66.27681735710492,15.720101153863427,146.04944035406044
6796,89.34432035542498,20.78168234626741,203.6903261658879
6797,140.50759235417107,36.971540329650495,260.16627019896436
6798,89.90063393362142,27.144350858798663,198.93009905247968
6799,63.55368266544273,16.89694292640936,154.97212498983637
6800,119.42269437860644,35.07417940362982,224.8316068126926
6801,87.42113362385184,21.058714592126297,166.04734337029478
6802,65.82943644488414,14.659794867411245,141.89178691900645
6803,100.13585623361821,25.55814861479986,207.30370752797364
6804,65.1965938566669,15.312326029520852,152.08649492484503
6805,65.1348480255299,16.07739057671107,162.76445364457203
6806,84.78303877597807,20.99246935651478,176.84591963497675
6807,95.63972206990267,24.955607858028028,187.7398712260969
6808,72.82295117252832,13.232592516958851,156.76810324947647
6809,59.187183114318586,14.672905094389359,138.9399606143517
6810,82.0253268842321,20.9104914063228,183.08551821134742
6811,90.68535350035228,23.907548574547118,175.79405250132805
6812,76.90807542753227,19.45553724092628,167.5604490690268
6813,76.22336500399375,20.87748742877669,174.29010851380625
6814,80.85568662977917,19.698469302422893,161.59888366300441
6815,69.21135967634608,17.384028529585287,157.34160779754873
6816,65.27051351884764,16.37767655648157,154.39272365439845
6817,94.2158726117372,23.884688883979788,215.7615066598982
6818,136.0836244353325,37.72489139052491,265.9395945370171
6819,136.21960367523533,38.11506859708938,254.50162492116365
6820,83.98478414276018,20.714943730977332,174.7134987137031
6821,68.98388057680496,17.9867869880927,159.14778813947797
6822,130.69757573700235,38.22022730949285,250.4040026214028
6823,135.0614832912864,39.48318774384091,250.73058280544723
6824,136.9608572035623,38.11868029249778,249.47656370810338
6825,90.01502851430905,22.95264873362736,189.618753793484
6826,81.15218751051873,18.114171557170703,170.55201161892305
6827,114.64518566981208,29.06513065301687,210.33693108861823
6828,84.82835073937632,20.778863044426497,183.4288123663018
6829,89.29535550001764,23.142676750251432,179.26669734684128
6830,63.205918432818926,16.341641144289202,140.11665453360655
6831,142.48542799693737,37.91535626866728,248.5789002510949
6832,67.77624798816252,16.468196744363464,152.18860730778678
6833,139.02947643168037,38.0213816462289,255.35791402027576
6834,135.2621811113021,36.585861270660125,257.8894368438053
6835,134.94756658085063,36.100579122661955,233.386341882116
6836,65.60454923342924,16.614476139274185,162.37955375676424
6837,64.94039723209524,16.872192083598325,156.54699349870268
6838,115.87169111627631,29.372233935715037,206.0637360752083
6839,69.27389313351732,15.421099397605719,147.5517224644599
6840,142.03407148968236,37.53905090635207,240.92767744852839
6841,138.61223324097136,40.03478882004442,257.111009461269
6842,91.63430045444868,22.31379301194085,190.6455506391247
6843,74.8319475151779,18.96322731043466,167.05022345894142
6844,66.10623108872592,18.044470762509246,163.14019588052557
6845,136.3207200698716,39.370429532619525,250.4845283204937
6846,96.36768492795407,23.783371703005702,190.52196908822563
6847,66.6132090710125,16.454261881050858,150.83423740961345
6848,66.66822879246392,19.180335078193693,150.06796756957337
6849,135.7740820669754,35.214094844025034,253.23867025412713
6850,80.2959266127077,18.391305897217705,164.5409805509182
6851,109.75419363577508,28.364426164624312,214.11222709260298
6852,132.1334321364956,37.56601169688506,232.273262559902
6853,132.10716520240805,36.91823324249808,240.39949369436638
6854,91.65787573976014,24.062954205547975,193.19703781400065
6855,74.88720037060257,17.665404207461123,169.24347059573793
6856,95.87099362568212,22.052026345541904,190.58697239619474
6857,136.9977526567375,34.64245229799544,241.16390587593477
6858,96.45809660617519,23.950269648102104,194.45609590705
6859,136.21544478076552,36.85556494190429,237.35808218301975
6860,110.67652343789827,28.641218846796612,223.97338396294114
6861,76.34831337285148,19.88255726275923,156.60893564235997
6862,141.8730242599125,38.36784867065743,252.07139831598008
6863,134.49644547869266,38.63391079929921,252.8146684951247
6864,74.6010221770514,19.48033224245692,165.7384986890091
6865,133.58451275837203,36.20548701730992,239.27204272443421
6866,102.85759312184278,28.79300639976824,204.2247268580297
6867,60.71379526285318,15.887634329045772,143.5224693279258
6868,86.98873394923292,23.072938439916225,191.42650334534946
6869,121.402325061556,28.933621011065068,224.39269132673846
6870,136.21622220087977,38.21296396491499,245.2249750394607
6871,59.61988604439195,16.970416932255507,144.45246754007138
6872,74.45459135837616,20.31339456406721,160.19489948248133
6873,130.77688529866336,34.06337847782785,243.90698858008966
6874,66.84581094148187,16.2168488371189,157.178023373353
6875,130.4315514170527,38.02414057508046,246.1692811059298
6876,71.44985160776274,19.509385765056127,141.13899387547895
6877,92.07122324237194,23.321282328731893,195.54517222401668
6878,91.44961196242387,25.808333402321,215.79424443367228
6879,73.01451395467281,19.294254355146098,168.4130749627645
6880,94.5098039460696,24.799231899636435,193.78227256884637
6881,79.69648774483413,19.9236241030289,177.22350463197964
6882,95.17926893153567,24.27519317537924,214.0266949253669
6883,92.1795945024563,22.21467011378798,199.39284750992024
6884,70.55579607842571,17.26171607248255,153.99969122734305
6885,138.37954201268397,35.652122223135954,252.20635347144403
6886,135.7856448895557,37.27365140722162,253.1403581493726
6887,96.40882871793934,25.1050190794753,222.99874940645674
6888,74.92717318066762,20.907373087316753,171.8643209056626
6889,75.45357464814477,18.814146718194014,167.36444890214122
6890,66.86711878824777,15.315563860425376,156.6819136713398
6891,63.203628955688195,16.94648975262064,145.1562455787924
6892,138.75012664322915,38.71386533671358,249.70984719069597
6893,132.8665746405205,39.2237542517726,253.48434252273012
6894,60.59399167377311,13.937781734079644,143.55018195981947
6895,72.03047366294783,17.666535119875196,169.96980785927235
6896,135.50582108288535,38.77627601061304,248.8601889370377
6897,66.16288135001767,19.14574074052706,162.94746056380026
6898,77.78370341210142,19.61545300263342,169.74816865600081
6899,102.54948640011037,22.779856542720548,209.25874153496616
6900,67.72950391100879,17.564066184634537,175.13412345143203
6901,94.91757668256072,22.889540458651933,194.96214858391508
6902,119.13773532908684,30.595727374462715,213.82865263354213
6903,64.11147034313909,16.96561965762161,160.98114191444088
6904,124.75589294292203,34.77114159474723,253.26342914071503
6905,89.7903248734495,25.582301722269,190.28895586402555
6906,73.16014721423765,19.352040060798796,167.9664133621947
6907,103.48355372972027,25.318316633548857,195.05704828668522
6908,82.18646623603236,20.19104267017466,163.58188187851638
6909,135.03330883898025,38.348046415501564,249.13707428942087
6910,75.54463958810729,17.726578546930444,156.1954804267861
6911,58.77878025051743,15.959394959141902,145.79922197932487
6912,136.81986319223964,40.44843351025796,244.26518213304334
6913,105.03636577385943,26.76442655887546,207.0922367401063
6914,106.56980769905012,27.76069814773136,204.94670691154494
6915,86.79477736551921,22.58346652497335,180.08399566181126
6916,92.5598583321942,23.839087267646473,172.74444008898982
6917,67.15723597008223,20.20701209964697,162.77512938829958
6918,123.4375264203276,34.235583731242876,245.93043943993004
6919,124.89865668812475,33.34257859149207,218.71312381617966
6920,66.76326588657032,13.324800661719037,146.70654961956606
6921,139.99587404279845,38.88135366605176,247.35246272121492
6922,78.77163333582003,19.417686899567588,165.4283432456015
6923,129.09646176488016,36.18511444380366,243.90783878035327
6924,130.85270166427281,35.65104726576171,242.96726413325584
6925,128.4994295663404,35.66847095162238,242.89076152411647
6926,74.31541003540696,19.086714168380727,163.14932072035816
6927,64.04272834440637,14.017571874673665,149.0165988232171
6928,130.50700596675986,33.01433725751372,233.6039589090801
6929,81.14134476895101,21.584714556160797,179.88958965430362
6930,130.62337376656248,36.027588194077204,229.93391021289247
6931,93.73830648133088,24.06639496862616,186.92225146628098
6932,63.50560355784648,15.98604779358806,164.29243077811526
6933,63.35488566400174,17.39573754816777,155.81793968579854
6934,74.37857144495976,19.02571384085913,167.72135726445305
6935,135.92661550770563,38.31005376862007,240.10739026371593
6936,67.80888095098332,15.793027995033315,141.77592473799544
6937,83.88031358685184,24.299771694865736,198.52533138754225
6938,87.64170597188898,20.321804908373956,176.22104028767413
6939,56.735068767645664,16.00897498267681,138.5639106722832
6940,100.75208714713118,25.643781022238738,203.78227845268242
6941,92.80180558969356,21.39491492666265,178.44038534900483
6942,130.7908801477168,34.742812614074275,238.22265579605696
6943,70.1140539095785,17.887596780801395,156.44633368105187
6944,77.2955313825587,20.08384902801866,175.44983969254582
6945,130.98909914156297,35.12818673966044,240.59421422021825
6946,87.05284738346347,21.415319283454643,180.75973642652266
6947,73.96729566931326,17.378523565025688,179.14334607753094
6948,85.19220845244094,24.838800572946614,200.53501766155316
6949,133.2709550221484,36.65905301610842,249.46081869658354
6950,88.6838855870568,22.077067389353743,183.24589028381953
6951,73.27481968241719,18.01967588713552,167.07004978365208
6952,67.71083024472934,14.091680023062642,143.40487388136825
6953,66.53227439448254,15.940145543855442,155.91504526817027
6954,85.9781745012605,22.727198593813693,177.37886904527576
6955,82.6265647757068,21.219173102395597,173.75276717522382
6956,68.85805550586223,14.941850254578329,151.7876544279629
6957,129.54603776340335,35.17107174718047,234.16403387534203
6958,102.87731398447156,25.353985099632514,190.4948334816414
6959,90.84399070468642,23.23252133717365,190.90908419936423
6960,132.49463994393628,35.46789477126908,235.87975733040176
6961,130.11279075905685,36.74558973282132,248.64552222630553
6962,56.110661024477075,13.255559637956202,146.22731353534877
6963,128.65240698096085,33.37136328629682,252.54779676341442
6964,130.5294790135695,35.41068012791664,228.83027855916532
6965,104.57556528637754,24.779310621663992,211.53022221901998
6966,64.52416893272148,16.156024329094613,179.8149468614838
6967,129.17103653784605,38.369134926942095,248.8304125191282
6968,53.78967636046932,15.884637324944654,134.71091699131077
6969,83.47966732309906,21.625416250963593,163.63689262303814
6970,61.111061222884125,17.407292323373063,149.9819568991309
6971,95.97755319250831,23.750446341900343,187.2447453659531
6972,128.58017532186878,35.12928131156429,246.83742600400686
6973,61.38388494788138,14.71826146170091,145.66140858428372
6974,65.10742756278799,14.464114300754785,148.08351083331524
6975,134.00356405716403,35.46842785886163,259.55772467739064
6976,56.95174354023553,14.603602552299277,157.1278690229827
6977,92.75797117485014,23.219872529866073,183.65040237618106
6978,91.76617924434534,27.05980287377519,196.5740739225659
6979,84.26738933755952,22.560528979464504,172.30722320573568
6980,68.20233914595234,16.839190976629627,159.13618537584787
6981,94.1575053543037,24.891984500728373,195.85164859284097
6982,127.96590534635088,36.211120864783915,240.79587867875287
6983,143.70320028095438,37.333908091445856,261.76004987618893
6984,134.7486653990359,38.90749978934196,244.61574056952796
6985,142.0016657564121,36.516701773287274,237.31472185625586
6986,94.65488706630777,24.122055157139233,206.5048565612303
6987,68.65829289681018,17.96878627046192,162.0405116848651
6988,67.31634353262766,15.82432883889861,150.62273699707058
6989,67.5945687400547,20.397609742326534,169.7270881805509
6990,62.43238387372532,14.77734610200278,152.16414289636307
6991,133.3989313493765,37.15475306621193,249.45177953989437
6992,98.87104243658641,23.805216822963917,208.39378186354855
6993,105.36051922744994,24.455359639148394,189.0566778653556
6994,82.22915043649213,19.17367614258459,172.00270350315824
6995,141.56617724340296,37.574022030716,236.43754903408418
6996,128.55951547789056,33.11082838594833,233.4056636739614
6997,71.68295315018202,19.280132903085594,168.24078218598586
6998,135.6009439046542,37.48782867621022,244.7171931912899
6999,63.58110096409974,15.60769335003351,148.6704156038363
7000,122.84906287028049,33.56543407889061,249.1903955196599
7001,59.68068650694398,15.959595812774143,147.9730888959015
7002,96.59213543517261,22.2473542144732,198.58515173830207
7003,145.45091093515234,39.11281698894059,253.20591444848162
7004,90.95176672432804,23.116192646913102,186.20718865379862
7005,61.69804207627746,15.606803320937386,149.27085341370602
7006,64.86394222876395,15.738258639327135,143.93311828610862
7007,120.34067617949638,32.040694723178696,210.0023713825415
7008,82.05985928032128,21.966390947302788,184.7616753290616
7009,89.9863195855807,21.359256926856602,182.5960166803927
7010,95.63635196923313,27.067572238442782,207.54765090004597
7011,96.35088009643397,23.891307787536118,194.13061902251061
7012,89.74764582046207,21.337478085158093,175.66597457207698
7013,95.16063662591071,23.856430888433483,194.51935240272076
7014,94.5096345610536,21.836182554549797,191.3972460979588
7015,60.876734955775184,14.960044893010878,141.56925014369673
7016,139.77062540818048,37.8319762693285,247.64973234504788
7017,94.46288167861933,22.419574554988927,194.6216219522244
7018,60.235239350609014,16.642927431885095,144.72408845987863
7019,64.17021177689494,16.657127416243224,156.53587316949265
7020,87.13272906823848,21.887800994818964,171.2951793476951
7021,136.26534053063736,37.76424619237775,242.4240059538478
7022,88.67180913925385,22.75982390922551,189.40926556847654
7023,135.91378816102846,39.835483539387305,255.62076916880696
7024,79.4288539347372,19.37226234020507,162.30037117522042
7025,132.34261878971935,36.288301986896705,244.35612896462274
7026,63.65916893174711,17.10558497097269,169.6031572363833
7027,84.02314097490215,20.070360474998783,174.75457423711183
7028,142.19844990096092,40.43245998344779,263.818219708884
7029,65.07904842949785,15.7296542766168,147.59374649827097
7030,72.03605693978086,18.98764756322229,163.1928879979039
7031,90.19255346249292,22.284972318312565,176.31423619000824
7032,95.73949581936226,24.255848692910316,179.57491669457053
7033,126.23731798940027,36.05029410790895,252.3870445085213
7034,137.9662708533485,35.46773897779729,231.27216991344147
7035,65.0929705134862,16.740288045548528,145.6301064030458
7036,137.20503786313145,39.438559893693395,252.89916210169386
7037,92.91205085410964,23.128778694340728,190.19786008508444
7038,53.27751281206468,16.885481543377168,144.78042019018912
7039,116.66315704238657,29.380236682625398,199.94044090667458
7040,90.35952419560395,25.510751736167723,188.87490471350426
7041,95.50515450935053,24.03875742361011,200.3954064012814
7042,56.70134154414061,14.695791588116538,156.46981657472392
7043,128.70069132019376,34.28006247714681,232.2857473190645
7044,69.82436742140213,17.928556502485844,170.96106661349893
7045,131.5652495593885,39.91162953727696,255.49882851061935
7046,58.49904780445902,14.732227868995265,141.58675741190885
7047,88.21636264768973,21.02243273060747,161.6527570833188
7048,74.24540823872526,17.589773839034056,151.73465129648437
7049,80.55049598634719,20.59730355990258,173.9131753936529
7050,63.41282828122986,16.087292608210337,160.69740804266124
7051,136.235738847173,35.632288475850316,256.0362798755445
7052,130.10293602969327,35.49150427549219,236.97144378448874
7053,137.21956602580835,38.58314565595612,258.25506657027285
7054,62.278787879805144,15.244969811284724,149.04618585971488
7055,74.38293846914236,19.531026083713893,163.5326912874452
7056,76.82932480103698,17.668833406938443,160.06957119173026
7057,81.12542739588268,20.309202462830864,183.79464110707644
7058,95.04973900511398,22.599538705998878,188.82976468194093
7059,135.71991944254088,39.90658370912551,242.07090892789975
7060,140.68110496140866,39.12925282962535,248.96404323797566
7061,129.2684912260034,34.45150094144484,240.618034165176
7062,116.97235693090188,27.7058789420339,223.14213615485127
7063,94.150746792484,22.621507997491456,178.36957518101227
7064,82.12081649880393,21.56311959023632,190.6248306109516
7065,76.8104436719204,22.826689514312374,185.74755558300862
7066,105.24078940787545,29.201125021696466,221.53310932512656
7067,80.87773496581303,21.058162386707874,171.12745525994345
7068,66.21338708422947,15.140076924312217,154.04806714781196
7069,77.10381600365848,21.539739334257188,187.69034822179682
7070,94.17210831359462,25.253732899109412,185.17353543751724
7071,66.67489207655568,15.96082176004767,155.3103207846505
7072,64.88266998768798,14.122778177330899,146.73615123890912
7073,134.92315176237005,36.87620454481245,243.94368721175474
7074,74.64765201221938,18.894224222399263,160.780134470357
7075,67.45041699315682,14.83009780319027,168.4026647579204
7076,95.88804295606538,23.54970859711683,192.20407887067856
7077,124.98990658204686,33.6637023110278,230.65447499995216
7078,110.50089008851401,28.095814018970056,220.85206964268886
7079,135.3745170027664,36.689904600797206,240.3718261039468
7080,69.51615078737338,18.723504859561782,155.31348587411705
7081,61.862619923445116,14.919812668920327,159.67600053699456
7082,88.27789180209795,22.224726764946247,183.57735344833898
7083,63.425239674472,15.59322781350052,143.6459420295141
7084,62.91944155326934,18.7583916780971,151.20415093880504
7085,121.28567909432333,32.72598141453427,222.5662595567437
7086,76.01255455325806,18.308370222175416,168.52840339224056
7087,140.87786156503935,36.09057344311556,239.5855733117634
7088,129.02374256472228,37.04112333866173,238.7988893840906
7089,81.53332740471281,22.165101688032454,180.29359856394134
7090,84.03673094739445,21.5549746219292,178.47826956219635
7091,62.23835613160958,16.44065575356902,169.88687731856746
7092,139.32131533165008,37.228312853436215,240.07417802843335
7093,87.81821642623427,21.752835742240183,178.27968888381568
7094,80.73426680647994,20.14894923182089,178.9151570363832
7095,58.858652177819,16.50593606879308,152.65103739562315
7096,136.63348522225832,36.3091298034959,250.54199092218678
7097,124.6670259283299,34.57179451852071,241.9801770357034
7098,81.08225657389762,20.866314097648388,180.8882396594919
7099,90.75099165295573,20.9667251073363,186.02702230096375
7100,140.23287367263598,39.21377413360156,262.37069275040795
7101,72.04694867294889,18.345795153184344,163.51656648274087
7102,93.44515083235808,22.281660595666867,194.10587949628516
7103,137.37843669860618,36.04814144585442,249.33630845015998
7104,108.79302640918864,29.934114444214114,229.02596868338694
7105,87.80101205543538,22.25162537800881,173.51247942409694
7106,72.72708398410917,21.579368336306846,179.68298681856052
7107,55.29365904937505,15.245217363261178,155.7330422277253
7108,113.32184364357504,31.952531201544964,223.02689607337456
7109,136.3204982458242,38.92061233063828,237.439150658442
7110,59.695921389438645,15.063022424470756,147.52236059383785
7111,85.76269131838988,23.09930130255059,169.37130514367462
7112,134.3007501729429,38.88450597726966,259.70541835755785
7113,62.49170773898971,15.511367727541083,148.44932228888294
7114,97.03476878188737,26.836788842152107,224.3490581671517
7115,111.19719479849165,26.680898433363414,220.16802861060077
7116,123.77756153844969,34.09323950884322,231.41081095775272
7117,84.13422983990147,22.983379741234362,192.00768653950038
7118,71.85126686276915,18.654218199720386,163.8101368548296
7119,84.74775871917646,21.709077287831658,186.50791002030684
7120,130.1008869785068,32.35902552966725,237.5429193758824
7121,142.22036934288204,40.484193524500604,263.0442669942609
7122,77.19469900255139,19.13437897747826,149.1965536771066
7123,137.86738982400175,37.45934118529641,255.69979258972936
7124,133.11016414096784,35.12114101043989,245.8886149984371
7125,61.71549713394278,14.776755774771635,128.83009670335693
7126,65.01333117761837,16.222394801794234,141.42491243972486
7127,68.85754023520892,18.70741266411335,179.95623369126682
7128,88.36458253593317,20.20893185119341,186.93859056684968
7129,114.78394334718801,29.07876455813446,212.65027618141386
7130,142.27683307494263,38.3410263208551,241.9034933589236
7131,99.01735826825153,23.292092970577322,187.06155909094437
7132,60.049040260365054,14.82736229715464,138.51367881261896
7133,85.3159038364934,21.961330331664268,179.19961203824033
7134,75.56250258316528,20.195093971413083,166.3329262208242
7135,59.09890089805025,15.89787092832356,144.47450808462025
7136,89.57130930597525,20.743950409196263,174.9497156995325
7137,143.13755880650453,39.00129799526494,256.9378405486283
7138,130.17809285737718,36.98770560610934,236.4252864164533
7139,95.08525741339724,22.375801366928357,171.9684285811606
7140,84.85447532809238,19.165158365555687,185.51873050583356
7141,142.65760040918346,36.20944871348279,248.08567360506848
7142,88.59768361166971,21.479337149356397,174.6794560416464
7143,75.22294222002043,19.695231677525467,169.15951115295658
7144,86.44895055297128,22.17875230650238,172.87400061909509
7145,141.11397938153257,37.30753497775357,249.79524362744283
7146,86.35519728541551,21.63301924175111,182.78273278557467
7147,84.8209305462582,20.14777553877908,175.6831949086405
7148,90.39878784336467,27.01302705777521,181.99165308672232
7149,60.630843581594256,16.000058716622203,148.39779374283356
7150,127.42447576161682,31.004632977167088,229.22290988756194
7151,90.56530348857693,22.296950245426025,201.79497109042714
7152,59.3681380534534,13.776810013604871,158.51283481874316
7153,137.4018107711278,38.452142693167325,262.84288053685617
7154,136.26139461190004,38.55513835208793,260.97528169188234
7155,86.86666734149283,23.063208620101395,191.72487598308234
7156,93.30110712569171,21.503768919737773,177.83138888988364
7157,130.8168602805623,34.48410800444672,232.95447732208763
7158,59.76066717293298,13.698169168029578,139.4436990144108
7159,109.00721943130974,30.406239098014307,194.29567464834426
7160,124.56485033221269,36.926987689681376,232.36824404447643
7161,83.41102813794431,21.19203447774802,181.80035275255068
7162,60.2033638484096,14.312835600643718,155.00508116178733
7163,129.5241291290699,40.46383829688906,252.3292697716873
7164,84.92634884644974,22.03619400088886,189.09517907104694
7165,75.2876286445544,17.729481240622892,177.7449157067679
7166,85.8403354970995,20.680720984319745,176.58313128511656
7167,138.26415625750317,38.233108816443426,251.76030857148862
7168,60.136829813178224,14.734456015435144,139.9961933853656
7169,87.5472631238724,21.832824377878513,182.71543127958424
7170,100.78050873785291,25.32410211023732,198.77170863714346
7171,70.70343349706552,16.11883468592728,148.53877385155252
7172,145.33393020210505,37.68104272642774,241.25889401520465
7173,67.2466242927611,16.185459660943646,159.75302066768646
7174,83.9147944069216,23.27829004407553,178.47822412787525
7175,69.53598831706925,16.31473413358687,175.4282003498491
7176,56.88093904073242,16.95392700067229,162.79287467678486
7177,145.12603072335878,39.38373505879512,250.91406026843075
7178,76.22597343454984,19.349274871812383,158.08296517109378
7179,119.59621897255697,30.91133073637236,225.46656097803483
7180,57.01663237349882,16.616655074720025,167.4957381955696
7181,103.1713084139109,28.45835774572294,217.82732915554797
7182,69.67947345497424,15.860417877987546,171.2322741339126
7183,94.6515262865899,23.114212378086645,185.84286273497122
7184,81.53269809374412,22.52251167529939,181.6936601989674
7185,105.37553972401075,29.722913294986004,203.0603424452175
7186,144.73270447557118,39.92845012784379,253.02814411687567
7187,129.86279431037548,31.73056175488431,240.9800439456873
7188,71.44987299435759,17.959536452578977,166.22911211331083
7189,63.341678691465994,14.539804812980197,154.71300220336545
7190,111.79164515089333,29.62138759401591,218.2526882335262
7191,135.8360340199513,36.723568983216815,244.04708071704903
7192,58.10074296243873,16.325158176936444,147.61277696605944
7193,59.112607161166274,15.020414188176185,142.60040895228215
7194,98.57415765974874,26.32087554736183,193.47285491854527
7195,89.09677898742193,22.99106178482874,187.1751403356363
7196,136.83407803409236,33.21053365032023,224.717659241275
7197,71.24813388230686,18.413874701979683,163.78429181076908
7198,73.25838946254636,18.65606707278557,153.27177892457888
7199,143.1333665580419,39.05717218447516,262.5323209971843
7200,140.6788347039269,39.291958263019794,244.29856047324634
7201,52.77065776308317,15.64601121307975,136.53355537983245
7202,67.36680596494716,14.180482655485966,146.9058201141717
7203,113.92690046511203,30.408346498147246,219.90262648828306
7204,64.9783489947642,17.063894397079732,160.2481184366906
7205,134.2989504130198,38.639035889319736,249.8871657720424
7206,100.93671928754598,24.40232354548535,180.56869311868078
7207,102.80245594537523,27.311906609687487,192.86831268165804
7208,62.03376657862639,16.507338222636704,143.07757059120635
7209,60.877589776125774,14.678955425005286,143.9987630137572
7210,85.99558280047323,21.58958295101922,193.97859677883727
7211,58.70998328302125,15.626737028301704,155.29686629013403
7212,87.40307784669392,21.553190134315468,192.6969367092262
7213,102.87486982163803,29.806169683234504,211.5086462330922
7214,63.950581482073936,15.907956808860359,155.8693915046454
7215,79.73116932928296,20.808507688828055,175.80491792208304
7216,123.66089878078851,35.19682400914454,238.18330764211387
7217,128.35923634337078,35.12340971490517,241.66394836248995
7218,89.13637747420923,22.550999607295513,187.47035712043922
7219,132.54427563961727,39.29931853156033,249.53166265725858
7220,138.69840360729717,38.64845465450748,253.1181365560873
7221,130.7398537363094,35.41988607916739,246.99808881208642
7222,86.25192814680598,21.241156082139344,169.7401721296996
7223,72.25620025039171,14.82830489763903,150.08641307849675
7224,97.65869336052849,24.841382376447626,195.82178256677702
7225,136.988809659393,38.07229383659956,260.13749210574025
7226,135.97113506028833,38.10697888995752,255.3551476505474
7227,128.87152062297213,34.6255378401515,239.27068932225276
7228,69.38673768479835,18.105046102190908,150.32744198047686
7229,136.93692260933022,38.22983443343808,252.46939384154342
7230,61.290611273962504,14.487741807118296,139.71522970105937
7231,80.57060936996707,21.900222405684517,163.5153251751179
7232,61.28161111426781,16.86893801548452,155.62767119315012
7233,73.03639784206389,18.3175034699517,165.57088172440726
7234,123.09380108249314,27.72717375205301,225.39061783344079
7235,64.82483297052872,19.533806672082786,156.70783367473743
7236,54.598755003957145,15.2813271702446,144.4983951094819
7237,131.60266641872832,37.25370806490799,261.781999338067
7238,125.76921570051913,38.19638393226037,253.89235664109958
7239,102.22153064887367,23.32755076240827,189.14321961867466
7240,61.91123109001284,17.562800588024587,168.4806421947878
7241,79.17418141472577,20.703546996569834,176.9241563969791
7242,141.46931380708824,38.87820273155095,240.7979649401594
7243,77.85322025273447,19.641487529341862,182.46337626140368
7244,109.0946271231616,26.668833947986972,212.99957121152016
7245,92.53584878638652,21.69830124441896,178.62010801293135
7246,72.59435764345976,14.80890045477661,156.61023487244006
7247,83.50069838696014,20.435312200532547,180.9374372767589
7248,142.588159391493,37.06581888851914,242.34016499580147
7249,71.88500669850082,17.837096681843168,162.247645663342
7250,97.35127032381699,20.84187369125249,186.51862509030443
7251,133.83394246780412,38.204444904213425,248.5394353204327
7252,141.51312990161662,36.93782851095339,255.23832289905923
7253,89.06937961456292,25.432308208897265,200.46755368431147
7254,133.77829686182307,38.77173237758723,253.25518755267078
7255,85.71896950120997,21.363878886487523,178.93934600343226
7256,127.71729053999528,34.048910223164505,235.27139321526556
7257,60.506343613956,18.0611697995561,154.69356088595754
7258,65.56196312135437,18.91889247801574,165.07934939790604
7259,75.91357125484008,19.75339717242963,172.83070697330587
7260,74.85356435724283,19.421872744202577,163.79600172477714
7261,114.6020695761462,30.913190445268324,208.55324870963778
7262,100.252617526822,26.146186265729146,199.30361496817866
7263,69.39518792510542,18.350318934429556,161.20927555745817
7264,67.67235962872455,17.960301463941946,163.68626685385013
7265,84.65162824892495,26.517896467713772,192.2425789350821
7266,62.03143287670369,14.326081548378296,158.48093208300358
7267,96.93720133760547,25.269583495324387,192.65971614508246
7268,66.88433736349029,16.625377496645957,147.9443364475228
7269,62.36644488620398,15.512953411628633,150.05830194605542
7270,66.05841750850179,14.201926709378837,151.55750096619386
7271,87.29221059982622,23.446978073711257,197.91457775233815
7272,141.82560633426468,37.18690930939275,254.3516431311197
7273,121.47168860004881,32.175493797439984,232.8977015612377
7274,65.46651919159002,18.703335617013337,174.58951883048132
7275,59.776921845462134,15.284073037994128,161.1770466001211
7276,149.0537702799286,37.768177156524565,257.765829727655
7277,94.64137195145146,22.939707074865513,176.6391502360629
7278,72.9355025224275,16.479614251254528,158.9280320010602
7279,84.35482570679305,24.07525907720569,192.8758880740878
7280,130.6290546935148,35.55921034027091,255.241618383838
7281,137.03362597571075,38.72180360365113,245.0410737117447
7282,72.67798781570373,17.16774357081359,170.97092617632543
7283,71.2567664030296,15.870391350568015,157.60044040390278
7284,129.2250240198447,35.14808418891619,239.06862897594195
7285,93.0275642041311,23.74756734881505,193.1523595990527
7286,64.41925534059693,13.867558620484282,151.73551859335558
7287,109.14714708786566,33.82923367114761,226.38136220994235
7288,103.32111038171743,27.576538182210335,193.57567428410354
7289,135.87922843288257,36.91825112965335,253.78633717998824
7290,117.52747560330418,32.83484122670477,237.33810522717746
7291,91.58857694574583,21.93098710315846,186.72123162331303
7292,79.66186117933621,20.44818226823656,185.52650443463415
7293,67.60530511123928,16.142718621728033,151.4945044397998
7294,65.8735633719614,15.698580791585796,140.1254633478451
7295,84.22348206349373,20.5553308339034,168.753398059479
7296,137.21341311017179,38.627503498870254,245.17401111681087
7297,74.6130399190083,20.49055894676984,154.3611683186161
7298,61.760462335041886,15.701498571662993,149.31542357466486
7299,58.61983997618544,17.036785863817023,151.5353548591918
7300,123.31172360496167,32.7697345168213,213.53477695566792
7301,79.854840366565,20.00634131893639,170.8783482085089
7302,63.453782409331076,16.605812794790296,148.0730455983021
7303,102.014386596835,25.742733531959065,198.2474297850347
7304,135.18046607410312,37.69701916026312,256.2710199268829
7305,62.82804596489033,17.851226297142894,152.66719574131824
7306,130.25770423613668,36.57249172693714,239.25102914515074
7307,128.972832728618,36.7267805839306,259.61361829976454
7308,100.86392332820296,26.496566082873105,203.66066836070738
7309,94.82051041354617,23.436316804201848,196.3091368292973
7310,74.8471869191751,18.609096660739606,171.1447740042893
7311,135.32600175347508,37.51685235304229,252.52288891468802
7312,136.67317564869583,37.683367456597885,263.05566081547164
7313,91.40052795465016,24.39309842079361,180.19503096400834
7314,68.59161081918042,16.87317587152783,152.22271550673352
7315,69.38890289854486,16.1746238126879,156.77950635490117
7316,133.7892727748738,38.29254842668052,263.6521512658591
7317,75.5991382636882,18.732000646212224,170.18348164846307
7318,129.73278428651173,35.826591051549904,230.73167748247968
7319,54.509740857244374,14.093871919009958,150.5958398467394
7320,142.87519905487503,36.54634485802054,256.4298280498571
7321,93.86903063278287,25.297444491184258,170.28273622254733
7322,132.8508924849048,36.37062591398392,241.98269653804905
7323,64.83265083532604,14.887887071204096,143.76624234411204
7324,81.10876739537774,21.545897486674367,185.80959945250154
7325,66.0527701128694,16.614461886203536,136.55968522189775
7326,93.41066533168781,24.9506393694886,185.66845827328382
7327,91.51732391638272,23.05202738151326,198.76861023808297
7328,83.310635294319,19.981863817765635,189.9945215877632
7329,92.42034393435178,21.86774766939808,182.81968467835537
7330,119.74658708459133,32.962870917836874,247.92963601110407
7331,90.16115193562739,24.78905465995662,188.95754228397269
7332,139.9551795535397,36.24854980983333,256.583093910144
7333,144.17391220031462,37.78047900144566,257.0789609114169
7334,129.07040230617022,36.17581668349116,246.60926746923914
7335,58.04348097255299,15.279014125184196,167.4511297175869
7336,85.58822951879405,25.582364222676066,186.6013525415457
7337,66.73668770040938,16.033879384823056,159.7210391713301
7338,90.12809475385474,20.859381415748597,194.5836491682748
7339,133.0037320496925,35.8591644487177,246.36381535722836
7340,127.15064005339984,34.97940312336856,235.80960022993688
7341,136.04016641981943,35.275486209842946,257.0703548100323
7342,62.32182794234897,16.242162125447553,148.04443444983215
7343,98.55957360587067,26.932627072413055,206.26802703545846
7344,57.31827957672963,15.683418233434562,151.21285629786738
7345,115.51533681611924,35.37091474672602,236.22416220878497
7346,91.3752149978577,23.841801720369386,190.6934466656261
7347,63.71132926610657,16.172904292804347,144.61950318588
7348,60.61148621063793,14.455288154467228,152.03359140966816
7349,78.41236730058361,20.462962946417907,167.39998601338692
7350,139.57183598899323,37.465485412131066,254.30609526465494
7351,99.58462934733676,24.473919241367707,195.75259394781526
7352,66.35058933176605,15.951338178355913,165.4428921556279
7353,64.01512388867735,15.281091540927738,145.83635447997398
7354,130.5789991241779,36.17530008271908,264.61392209622574
7355,70.54788555164785,17.689710065551157,169.7718076628813
7356,92.03873404520458,22.528638194906158,182.9015904433397
7357,132.06185082483742,35.393819065041235,244.69159026440576
7358,136.277084803038,30.441979574235123,239.09142756639545
7359,94.72510850011484,24.400057736670313,194.05891558404934
7360,140.4548844902005,36.34330124029372,251.22763915599467
7361,84.78425167105306,22.901006441146468,182.15925068145177
7362,65.14690088456608,16.061633715823195,171.38148420839443
7363,128.38863172160288,35.09601647841997,248.69442736622776
7364,131.54566882490062,37.24116097007542,243.27525675344125
7365,62.548552107279626,14.460960203786884,146.48552944482273
7366,62.882868115987705,17.942259665066036,149.02265527671221
7367,66.43472312486193,16.78324816910487,158.67601650785664
7368,137.83462251218768,38.836802311532885,251.49850119636838
7369,105.27762614739835,27.408914386383547,202.53960924245243
7370,129.84583805669084,36.77103367374416,230.83685219938937
7371,87.88924596943839,21.748904566375934,202.43396800240893
7372,129.47070353550646,34.24190381478683,235.62882799559455
7373,78.28111161097462,20.009700395040188,180.25167859433202
7374,95.84307337791027,24.21595371999879,199.9825338898079
7375,80.2381239435257,20.521357787560998,168.02681808769327
7376,61.4680788457707,15.519902854339618,149.81432533034948
7377,97.49467045015582,24.943722217577,197.11116340742075
7378,61.07913116443098,16.790533556278042,150.87129151374543
7379,127.418780011185,31.459035195322254,233.64296417445536
7380,87.27485936328121,22.645609130167145,171.65904335368307
7381,58.967617484548676,14.700350880588745,151.43478417788785
7382,103.59164002279105,25.326679482381774,207.39674387863178
7383,141.11311191116522,38.27978955671312,253.66252088029822
7384,139.22357852894507,38.286846859683514,230.64496676663444
7385,78.48598278978919,21.70491905691397,184.4131936227105
7386,102.00652847286399,28.569961010479535,207.36076246572557
7387,65.52515467602603,19.11916339939189,162.17941341400987
7388,140.49000822954218,38.443595489727954,264.1558791822325
7389,94.93256673234858,22.96902303456414,193.56952042650127
7390,62.88186304273676,15.113816288506612,148.29868391719214
7391,124.17812131322817,32.31058290091811,253.97028867912934
7392,64.80699918617613,15.909182475159854,154.4501261244918
7393,83.42128480375767,21.20312067064994,167.80678512360848
7394,136.51478895865333,37.272552574140185,253.59030265125702
7395,79.17464055545382,23.197111449346853,188.3565414549285
7396,64.92371632609674,17.48153774121971,155.04729280227244
7397,71.5405432171926,16.52426060942702,162.19013893205087
7398,142.56802425825427,39.51612019957324,252.8072968140659
7399,81.36624581594138,18.09242842886737,190.70415838339105
7400,82.7833137014592,20.680605407310967,185.1947069064103
7401,69.34998897033873,21.10458554170804,158.7962850770916
7402,85.21607572921339,21.36640756340885,193.47966203848983
7403,133.08473209529834,37.48050316640691,243.70663942364789
7404,64.60618137953777,17.716635410677654,161.97847824097573
7405,66.21568165116152,15.752702371845649,156.36727622076202
7406,86.7607966889481,20.956283240631127,188.6469285699658
7407,91.09557820411402,22.712885676381834,193.666111784562
7408,140.85889234224834,39.89066762095849,254.32191584199893
7409,98.35022193119129,22.80962748139568,188.5776973342149
7410,126.86554039085013,33.84534213461938,243.31901107500303
7411,63.35337289071513,15.504627292396878,158.2578036739133
7412,63.279918178515494,16.249820186025275,141.36854344068144
7413,92.75646006764312,27.567851920795352,204.19346186327945
7414,83.57628732134312,21.22793632609444,182.03724297179525
7415,68.03550607507023,19.518154754854,158.7442156940967
7416,141.47979538386934,37.90555488819099,243.61177113273266
7417,99.13791857414638,23.768910871750695,188.3823726164746
7418,91.04384539978899,24.275504418129714,189.37113116144738
7419,79.18992511232348,19.3568967693439,171.95309274721845
7420,88.64436029786303,19.543555176130443,166.1346371345754
7421,98.74370050887326,27.91884658363484,188.54075722503666
7422,107.93395470490982,26.533687938909413,199.8367816350541
7423,58.66643107611065,15.774110311749267,145.73991794345207
7424,61.09397615179207,15.584494738046036,145.94158327597822
7425,65.25651063079233,15.712462527463595,151.6635547863991
7426,59.56733090369297,14.830536778141512,146.77769359133532
7427,80.24812487708347,20.424545481015006,173.09161944298967
7428,90.25308011846958,23.653522373500767,205.75433346111404
7429,85.64808307568318,21.099518168810253,181.08291714168763
7430,82.74854149737469,19.603920429904054,172.53826196374783
7431,97.27494998118824,24.734108735748805,211.3543227163606
7432,75.95853869090492,17.55099978193373,153.88166025583422
7433,95.85904946284809,23.64818204371763,202.04579356796017
7434,97.55220053555671,24.28174959634778,202.48242150841943
7435,60.13460652034062,14.330238921632285,154.54074409502735
7436,138.01708115366077,35.606160144072724,259.44616324414505
7437,87.74101363413972,20.838657438477856,178.88337280409843
7438,96.57825261918101,23.768543121144486,179.57732436353646
7439,99.17316753007204,29.045998085170222,207.27378915832938
7440,74.72879928352613,18.445640168557563,160.6057219782609
7441,129.6460241876405,35.41767117804496,237.3300793727042
7442,83.3199500995456,21.420800185266597,169.4007017482636
7443,69.92441994361253,18.54576760799309,171.4382504022383
7444,140.96730967186897,37.86695600745362,258.2183625828458
7445,55.02371033056095,15.383522208675215,149.99620031325074
7446,78.61549533973398,19.706962713551803,183.21427423985313
7447,135.30723920492193,36.32019005936435,256.157840389137
7448,93.1856371386185,23.155446786367047,197.23123019140397
7449,130.94090646323764,36.547683308091855,250.49539667254916
7450,70.48905329824491,18.1339179209102,150.72186428404214
7451,127.46263533397548,36.78889858909468,238.8479310532706
7452,60.79396217657594,16.01531929285156,134.15418247502637
7453,89.47189863887321,22.446409755332628,204.7172075612721
7454,125.81861479730004,34.41030700218541,240.87262455120756
7455,141.45634462588797,38.86384840648879,263.0937722055291
7456,118.75818133901595,32.165516515161066,241.15145250174194
7457,134.63896567183374,35.54932653974573,236.51225145903473
7458,60.32352064333044,15.954181350646026,147.15797699073087
7459,98.4081249024931,25.00437500214804,181.69362550064318
7460,95.53019862644688,23.66039079244476,197.96727826554374
7461,67.4795409189963,16.58543543135674,158.7516480683373
7462,62.25560334175153,14.279538204304274,154.2366417631491
7463,140.2284675940368,35.532682229855844,261.2532699792351
7464,61.19982044063283,14.913058816824137,141.70774084522859
7465,53.401094157304634,15.819538746221044,134.4836222078323
7466,65.8432435616236,16.782781592813585,159.95315718052504
7467,138.94335812927434,39.96264068752955,257.58846897031486
7468,125.03516918631156,33.845150549898754,246.19926652626933
7469,139.76689863898602,37.38023649099854,252.66676513172465
7470,54.537513968306065,15.252353763091842,149.8878224622922
7471,78.61501482180942,22.041141967287757,187.74369346996767
7472,65.10517556053108,14.77230768383025,142.23681134586766
7473,137.6048246181489,37.85006152123848,246.65511668688808
7474,136.37665527297955,36.0833405711485,265.42328690461704
7475,68.90048657056542,17.724513229138395,163.75095151520136
7476,61.33350863655206,15.278933747736023,163.24900857172278
7477,86.9007736366528,20.87940667889927,185.07669474288252
7478,86.90283555017426,24.928797982752847,186.97367177622723
7479,131.91285136275346,36.84743190133596,249.04068838905908
7480,67.6685059868002,16.874334036180322,157.60072234735077
7481,61.0785110589588,17.14641015916293,144.49722412062462
7482,65.60105587749923,16.759956142991246,154.2940054022904
7483,67.59404920875049,16.32512125685115,153.52668338315047
7484,74.81194613516543,18.566376901529285,163.42925262612343
7485,64.35737746438626,15.986686813315691,151.00288839592852
7486,88.18488412614036,23.276263997171608,190.28250508782747
7487,57.99212625796382,14.131972030396723,155.55808327459633
7488,139.59325256073222,38.17372611770034,251.77101779298923
7489,120.89369824131951,35.769736809766876,222.38515728050888
7490,75.98556926693517,20.87730263398767,176.8585462756807
7491,90.42765481695425,19.961900006049472,165.46629669096328
7492,59.204997987599945,16.27776443857098,148.5208271565492
7493,72.37956048067616,16.919240867520212,144.87129034654262
7494,116.40475207756555,31.70761818036453,224.99987623770792
7495,142.64402356783123,38.63474865455748,243.36782609041148
7496,76.58029826815232,18.72681767118628,158.53768657870742
7497,65.88733390405761,17.65118359473729,170.49821513106366
7498,146.95020526218937,37.78066483072997,258.538126238747
7499,99.05717730731944,21.77758891638967,187.69395383216246
7500,87.0525090137892,22.95433284586684,178.70112769347517
7501,129.358599823189,34.028395462105905,238.25622308986186
7502,133.63884072930617,36.25553458923083,245.81754798392132
7503,69.58229944318403,18.60356598128921,168.54325220835037
7504,67.73716422952617,17.61798814185045,162.5932093101142
7505,131.8806451553402,36.06524599749181,244.03618564711968
7506,140.98023985967106,38.26127878397154,259.56379394379667
7507,56.11368744306406,15.067727345627814,128.627042951757
7508,106.62637628592977,30.524760798571602,196.17383210584907
7509,127.16347120945532,34.933075399752006,229.92828351706902
7510,137.25181119783613,37.99757573459747,252.57609578608452
7511,138.83525042928161,39.4260066748041,264.5254387393276
7512,131.09833661212602,36.88523311258658,237.01377923400494
7513,69.2013401514239,16.182716628300216,166.8294326821567
7514,69.2946430071457,18.07551125642077,166.87150929469803
7515,128.778114288516,33.595311136780545,228.66045638606172
7516,75.46769901613372,23.380684358643823,195.6668780888901
7517,97.7668654743622,24.310533298156706,208.3672247829725
7518,98.2622070477696,25.59532443453646,186.25324808959627
7519,82.73975288770593,20.554956030530132,187.21928082335737
7520,68.34003579770308,17.64044343554441,161.50315427855566
7521,65.27744525921679,16.097457348278237,140.55146262804269
7522,60.4799124964479,13.639346910063972,160.18820224544274
7523,137.6716569851387,37.2941037063135,251.85340616978817
7524,74.3108777244067,20.004781314502683,175.8393611417692
7525,66.25573648462743,14.505183131947353,151.5685108523572
7526,141.4129448971319,36.66870967095833,248.4852293732279
7527,123.26410648844457,34.26097030277264,230.34422674562236
7528,134.09489547848003,35.64221777577314,237.10544478030147
7529,131.55707954670987,35.051435830258676,243.24102346425806
7530,106.20386680657164,26.644697255817025,212.11762062862616
7531,69.07378180260856,19.295209391830245,178.82608132149173
7532,76.53924667670792,19.379240443257935,171.04595575871582
7533,94.83697205250998,24.190717303667952,199.792180582526
7534,54.801359098714194,14.526744354259412,153.57671089292378
7535,140.81134810878441,38.747172435379284,254.58821766392495
7536,91.00010693732055,21.537677940163753,182.6255600886559
7537,86.54941530210864,21.15233468973456,191.90870645733614
7538,63.435014724923285,15.80988978024598,149.51652639626462
7539,59.09068450770822,14.944985577560717,145.21533915519856
7540,64.38524756702643,15.373418024775006,156.07756881371452
7541,94.47120260976183,22.739451985239214,195.7155743005982
7542,66.89171240211206,17.529017254684803,161.2935472394154
7543,128.9649901099131,37.71402407112425,240.7895593890614
7544,140.94272776287897,38.060213149996784,239.0559470595215
7545,67.63291030606085,16.70905482483604,158.96372627160585
7546,62.34525900751171,16.673750983971484,139.17158696681278
7547,91.18767185155805,21.377506079851823,187.5591499108161
7548,86.07166126596117,21.235867085779322,172.32768349119803
7549,73.80004358241449,21.141910954218258,186.2402511163385
7550,79.24927397631943,18.415518632198268,178.30435280318196
7551,139.31362237462614,37.91705795971503,250.4826594098029
7552,59.90804346832528,15.23356553084155,146.0484065286247
7553,97.65721354592024,26.535186889593017,196.04379130703697
7554,62.70675974243516,14.654793143086374,150.96599426577183
7555,125.00145616555427,35.15959167026629,235.13691278972098
7556,55.51568694343128,17.49988974301818,152.95945638559792
7557,96.96932224960958,25.883156360796608,197.5418208799778
7558,62.69439395211037,17.09055921642697,142.1420299234542
7559,127.67282405111804,37.495594907507446,253.72944946422572
7560,75.40356148128934,19.614563712589963,180.62681651261192
7561,91.47040146883174,26.13114612681249,178.51062625856616
7562,85.35785851614388,23.92061368164828,155.24514401999085
7563,70.24208004252355,18.594143177821305,161.4626066213502
7564,76.864204630634,22.601433471744652,162.10171418653474
7565,65.34245867643493,16.93685334142274,151.6203223953879
7566,136.43797143889682,38.28015123539258,250.2963712083476
7567,146.52988871511707,37.15895793405087,247.67242144619578
7568,73.08364682842974,16.94309071405547,156.34153151068344
7569,80.29227443214181,21.24028668692168,171.43091803314033
7570,78.21541410936744,19.673968002221002,180.35517812270066
7571,67.72749670378577,16.26697312827925,151.86174491463768
7572,130.7227044585915,35.34943501167238,240.3351101857073
7573,69.76276741472464,20.005673794349267,170.49469322844695
7574,91.66886251806714,23.004817126854473,189.57810177289443
7575,64.93227092348825,17.636220864186644,157.14812604871273
7576,74.09921355994739,17.52962591534791,182.39772470470635
7577,123.64748924453188,34.75848407208621,249.60787366137052
7578,85.34847621993164,23.03190967836458,198.23141020621748
7579,138.08519442468412,37.746913355397936,248.7525587570971
7580,87.295137556505,24.629850108165485,197.55712389406023
7581,83.70880530222625,22.68794665828987,189.07076877739703
7582,64.73033811562706,14.996533516911423,151.21902719679863
7583,69.35514750367668,18.62183611653956,179.48459943266215
7584,71.15545586660416,17.394213077369667,152.24578491024562
7585,131.12773363430298,35.35519729178635,246.96823365376636
7586,80.66552725795081,23.051346190883468,180.7782346342468
7587,68.24246934786973,14.314541724835152,138.34243305831603
7588,90.2383134104664,20.6114005134033,173.95686477190017
7589,127.93500761896085,35.27174601242188,241.18553109640274
7590,71.51150017370172,19.104157846153296,160.38652910280584
7591,87.59536383055239,23.190893013042338,188.13928858944163
7592,134.4060549138528,37.88245860004958,253.51716908896947
7593,65.50429217108199,17.12928931849802,152.90499803353205
7594,141.9338395895094,39.25679283699085,247.59134816461457
7595,76.1516215305969,16.3451907126992,157.23777497470067
7596,135.61809209979464,38.12964308337373,247.05148787775184
7597,81.01923324267982,21.274172440938898,185.50219831625122
7598,65.38195244452565,16.740436608034866,152.89063144253308
7599,139.5841207688517,40.37913145231355,251.855088982367
7600,90.61354211117153,24.133323745346782,167.61943686017227
7601,92.16016288879224,23.16416738378614,173.19483532446344
7602,90.6321920851086,23.980475729903755,187.44401720201355
7603,135.06272356413277,37.97795765927949,246.29977515455175
7604,141.34161669465882,39.075937029169296,263.4034442813015
7605,96.47640149449738,22.3832173666027,181.10343780516763
7606,82.66154093591214,21.68396537650644,189.69696007115954
7607,92.22295262954724,21.26053412637918,190.11508729233125
7608,135.41430872329633,36.88877061552137,237.31127257427738
7609,53.85629163737478,13.902873267658938,138.9594556706168
7610,84.43822414417303,23.76110856187795,198.83506645992736
7611,96.05366714652341,23.23128530382581,186.44467961659373
7612,80.76428277606287,20.624358023148314,182.7915151903139
7613,128.106908741095,36.665413651182064,234.2604123799953
7614,76.96762180637346,19.58229430927889,152.42024371754317
7615,96.1717087051907,23.122611578910153,168.26723740659347
7616,53.64190456494838,14.997750129743013,163.71960118873594
7617,94.94004569792419,22.207937367123012,191.64791302506703
7618,81.3486128774044,21.913664518886254,184.69634864535905
7619,132.16968986568563,37.86601787831318,246.23474838962213
7620,60.00919673766462,15.662999870199789,146.0915410269845
7621,137.378644561891,37.024519271129144,251.09775144111777
7622,128.0344646350928,36.49970556475437,246.97882576925727
7623,70.43128347370953,17.58015135270998,164.57989736418958
7624,84.53185089345409,22.634980699071157,191.46597927486292
7625,128.82225397318047,33.77714167954341,224.80129576177504
7626,134.7026938255174,35.05856441111778,255.1207323171599
7627,126.46634708013902,36.5656704629359,240.00683550596332
7628,60.232453698436366,16.498447825331034,166.34824034752666
7629,142.9773524604183,37.16051357914824,240.29574411444852
7630,87.34843224882911,20.601227637271574,182.54966088796044
7631,54.72490754113932,13.629713326222275,144.98866036221196
7632,120.58643923971329,31.79561636267874,206.11739373777502
7633,99.91824542324322,26.34634841727548,197.27614720460156
7634,132.10888662576474,35.38420944455109,230.12847466762463
7635,68.12597554139684,20.678885580314695,162.1637860192097
7636,73.99464039047645,20.688492361328027,160.30095935967077
7637,90.97721239071085,23.661632318655393,198.52066772140955
7638,138.11862225021355,35.948079868168925,251.5889974828595
7639,68.19011465955799,20.004896193475275,173.00903181059343
7640,71.55978632774398,17.883614794202384,177.5963243291192
7641,70.24817304437873,17.014752500572573,144.0193579495858
7642,71.15652094450552,16.342224210152327,152.11715218472867
7643,68.78571794152226,14.157583593800023,157.60800246780744
7644,93.92850583659775,23.044736263487646,181.93636134275218
7645,71.40147748874179,20.1621967717815,179.37575815344493
7646,81.7777724967847,19.32420482741161,180.32842322080148
7647,132.7794662277681,36.11342046364154,254.18205491707633
7648,112.42793465771625,29.5204141355172,225.6256791617827
7649,97.9899303530619,27.022352322105608,195.5693841905144
7650,123.4842395661221,34.24962180146222,220.48582919223458
7651,73.52510984391053,18.72777606497373,168.65683189034135
7652,80.62207864350835,19.00163024222412,158.7482933062886
7653,70.59868100279645,14.126363349593708,166.73895904923475
7654,84.78967821011663,21.178920685682883,199.82651601948962
7655,91.1798845100782,24.402951407784098,190.54839094904796
7656,81.4767465443212,21.69771375747285,192.31722826715438
7657,80.53114399011221,23.044790959318757,184.0804995575012
7658,69.67720876169463,17.267371078032323,160.78998234399188
7659,52.388947609303536,16.41409880620638,145.40645561646326
7660,129.90242182182865,36.631331376402755,236.26401160190184
7661,78.76503382756582,21.082415105201445,164.90227218609058
7662,134.65438135110824,36.92763025044777,247.3271727244821
7663,92.31823822492045,23.177226295603187,189.4150215957956
7664,64.88288051230525,16.0486123176028,148.47954050813365
7665,63.299342004523425,14.688818640981948,144.7173635817181
7666,88.20828048521535,22.63681595800118,192.1744080721002
7667,139.77734769380984,36.63442764245886,248.14417721581444
7668,80.36645945484037,19.33963922458467,187.8026944496365
7669,129.12904688359205,37.306724909638426,250.65222340323044
7670,70.65330595464404,15.098130871273328,138.2189470011028
7671,82.90202377239902,20.165997712080344,191.2081205581412
7672,119.71550804473658,30.83935711143069,216.72904296133603
7673,135.89240809366433,37.35147562816908,251.3703375085241
7674,132.91811604196613,34.92006690094112,234.62443699505607
7675,124.07873712528429,34.091038396276836,231.86043375770421
7676,126.40790883325566,34.944397039082865,244.70936600050834
7677,92.82958702433884,22.86458512812017,188.89513791316818
7678,145.69007076107576,37.2750049659928,262.56808745377543
7679,67.14402299975153,15.48083272084743,155.03468907112276
7680,71.35867624177766,16.65186644850943,162.9715176791072
7681,141.99301938618905,37.89089951388949,239.76495449563456
7682,124.44086139585526,37.57498276072787,242.9616822595897
7683,92.53740558198898,22.5617351743498,184.1097247243429
7684,66.1975220685561,16.296862722198927,157.33579049430259
7685,67.57827755644426,17.54963450524078,161.90185550604232
7686,69.4661987883742,17.816632917529695,161.0534343971522
7687,84.18059701164226,22.77715134838242,187.22604026954312
7688,94.7750140005452,23.81312475810312,176.60436492825886
7689,88.49849443048167,23.28525754781936,188.5066345511825
7690,131.71708333777408,36.99913921623243,239.22680483551972
7691,65.02623370664598,17.08709398564654,151.60139749123275
7692,129.80038224137766,37.2889507134093,265.4638067628892
7693,96.03282718482957,24.02598276693156,195.93128858797635
7694,124.56180322551536,36.49425037428808,232.48077295728277
7695,138.63642189949402,37.07302301982259,249.04403876431888
7696,89.88959342737577,22.05425684504329,191.8866871889382
7697,63.41270034628977,16.837104217533707,146.61221331153286
7698,72.78436808073786,19.280028936445877,182.87710825107698
7699,62.0674624498677,15.995865649260319,146.30561604272893
7700,91.35063031591388,24.807886920469226,188.1541271145819
7701,135.27731947719647,37.25307461036865,263.36365339837727
7702,81.05946549390833,19.761467610355833,175.84614643345307
7703,135.32729476027404,36.18359622771562,250.04919495108845
7704,61.9152257946812,15.468208725826566,152.01169132620015
7705,60.86175873854585,17.17150160789056,165.19604346167299
7706,72.21203230894001,17.062716873708556,159.61349706186607
7707,132.20997476185119,34.25574644674522,241.11517886128652
7708,99.2118035762677,25.498122916406523,193.55157839094514
7709,134.65664759275325,37.01580329657171,247.76789643876558
7710,132.892151807808,37.442158537010876,266.89177118254594
7711,64.11496948743327,15.611439023842962,149.66105925354987
7712,62.74232683104274,17.968973738251595,151.57137966213423
7713,116.10346205005082,31.022267955922455,220.06127783442358
7714,69.82489301546477,17.382066359521,157.9164581596926
7715,76.01225442240994,20.324314373565294,151.07864430965452
7716,136.5672757305301,39.61313862120212,253.90779563361386
7717,106.36897228722155,26.566380620879013,208.44222263194018
7718,149.03070119600096,38.82561296817385,254.60232834435865
7719,64.53732368094971,16.102533130577278,151.0417079642596
7720,135.15525862019874,38.29186907605374,248.05410415668098
7721,129.06379724541355,36.02224152459232,232.8139771609589
7722,135.96169163890494,38.54709162135574,257.5272987071295
7723,71.79525703826336,18.817848055411286,150.39484412273094
7724,96.7211688819806,23.288665951346292,188.14894771905054
7725,137.49300858178057,40.456014036185486,262.5023201204094
7726,75.57895661682433,19.18978789382191,149.89326202821564
7727,72.06173821279722,16.830729873069554,166.20180600846865
7728,51.91816443504343,15.605769573454067,151.6132632633399
7729,134.7277241328596,38.497373978130476,264.95593281721875
7730,128.21790753677377,34.827256533628265,234.32722587613628
7731,123.8062348293107,30.156643686720837,234.97812228975374
7732,64.84876908597236,16.389856909680784,161.38538071754627
7733,71.10017656793964,18.28432904068909,163.01004681990608
7734,90.7935464888594,23.466489946640774,187.33017288233194
7735,68.43882965001522,19.128119675918132,181.6627259591794
7736,136.55468392413934,38.57796429432471,250.73497327006686
7737,113.0279216967946,30.823945948966564,223.0658458542704
7738,95.42090676661907,26.072526843263415,195.26982058949565
7739,88.18560602801274,27.158970810496733,204.22574068055738
7740,77.67781842342679,19.521993107437563,163.477022374464
7741,131.83424286000692,33.50088254774024,237.86523028306263
7742,67.96516743494367,16.38416277441487,150.06774459735644
7743,92.6225708861841,22.56959352079647,191.3035394504739
7744,101.89269023487599,23.29210219587654,198.82236837213887
7745,59.40162620460005,15.666302889078976,165.0512525126194
7746,112.88170199957749,30.201520971584007,221.45241846731014
7747,108.12426359037714,26.66281476346195,205.30659589988406
7748,98.83745288732773,25.04946444802035,197.92864613449242
7749,99.37068776471214,25.622300530745736,188.84704811172057
7750,85.7231818621904,21.914080343314954,180.29770150721558
7751,63.1405115926374,16.278052083809524,160.48301907492254
7752,86.5124280396363,23.401916183659,187.61193234320731
7753,69.29192639287416,21.10504728578328,173.13543136668332
7754,57.06526517224436,18.202776249150443,153.94138461305613
7755,86.53876848406335,23.240449354420363,179.4627183772249
7756,92.57432245258188,22.97853882894624,177.393254856609
7757,107.2305036879864,27.331139489429926,209.2090637241651
7758,140.66043795893117,38.14045979328056,258.7465372297544
7759,129.1079271665084,38.328951577471564,251.4562724286394
7760,95.46140467848322,24.34822745961422,197.51558357092802
7761,115.89784503111433,30.355262351874707,219.4816544708216
7762,77.90606295644878,19.821105895319807,170.71320817265828
7763,65.29915606751838,16.565383982178137,157.50214760450237
7764,92.83595012218426,23.968078043805694,177.4849934098395
7765,124.67337414560399,36.220710326018754,231.98405173967487
7766,111.54895001857082,31.134520073043326,221.6563812488922
7767,92.95105583970268,22.48233063218795,199.2573735450883
7768,68.30822269249488,18.23547297863158,170.0489653664695
7769,63.05414455174857,17.331171586217412,180.4254851490467
7770,80.213450779148,19.886777026015537,176.59164790527907
7771,66.60582612060243,17.78334739980937,158.6135513649455
7772,89.95823072688208,23.197788763754055,199.3636059416318
7773,87.79200008931662,22.358813327731692,196.1035068289691
7774,90.9854593884793,24.30425352572291,197.308205660842
7775,69.02662154613468,17.960249583600362,156.80334070978455
7776,72.72435390527052,18.167987869884417,143.81637390133235
7777,61.28808362261852,16.449202959339107,152.86220675679166
7778,82.85385810448078,21.720202471539015,185.2194280856058
7779,132.20227702623671,37.55746118684989,251.99234633235744
7780,126.01383712250086,34.387353899196874,241.88767328662342
7781,54.947028260663224,15.79175432480875,148.54165709754508
7782,71.52528360964307,15.48843939761422,159.63341104442637
7783,134.3623521686972,33.36203020051672,247.91382664619044
7784,82.36669457746656,21.461652999272122,182.79364229459347
7785,145.7084823616288,38.28805863016604,251.2631364277319
7786,71.7845756664105,16.805564455400877,154.42772522202878
7787,58.363193166527445,15.411022038872153,150.64533037733284
7788,144.26244479017882,38.794897713004495,270.263262568692
7789,69.75236952312308,18.39916848760237,154.6067191521453
7790,118.81459668912433,33.4542482883095,216.9872615869558
7791,127.6648182638263,31.016747572086473,231.69551008772422
7792,99.34289289316807,25.888072871633494,184.03462028738974
7793,65.2981721978867,14.665747774133735,157.33921850313433
7794,123.21266771095864,30.775033100696543,214.33640152285685
7795,75.63741993365127,20.396350811229205,176.0200980202397
7796,75.89603017272754,19.478725914750743,184.9101611213312
7797,138.38868846183038,38.909283226401094,268.9224955436828
7798,68.7933194268697,17.265166858879883,161.95852270356633
7799,97.47673375948511,27.451019559282013,205.04254825547574
7800,94.82530147659939,26.258787413682843,189.8076458282923
7801,78.09608060901647,19.596642092341295,166.91250545910336
7802,77.75836582967104,19.565331846563343,186.82691932348726
7803,139.2035514037635,38.3800562587652,243.43784364511973
7804,91.99994079257142,23.459926729037885,185.3378594827753
7805,71.47969266098168,18.38180286656331,165.28682820973913
7806,70.02661968612163,17.409937435806505,152.54272886012438
7807,84.92188994045974,21.84168365544434,185.73720926409734
7808,131.68616931192523,38.50869758320796,251.01143815078316
7809,101.77713799536409,26.253992329173876,208.7994784070966
7810,81.21817897460137,20.72308925619434,190.07441431828022
7811,91.39041178012455,23.114112220430616,187.2394165226639
7812,63.321524044841645,15.485324597755826,153.61939857210749
7813,69.25835231133634,19.644097896078332,173.33636643554
7814,72.36286020558262,20.551348778427933,164.95666815949306
7815,95.41296946456298,25.383514708075314,187.78630306555849
7816,118.44100164156508,30.476010419402023,239.38378370081838
7817,77.49287247008603,21.362803564610868,172.2436548273295
7818,136.83288685275068,34.571613969205956,243.49201893067848
7819,139.39146945451435,37.923434062078904,254.20549084780217
7820,120.71768724219577,32.47041983314579,254.25100182286607
7821,60.90986383684578,14.09344661881824,150.6962211271399
7822,56.93321306901655,16.46438426928349,145.52519335139735
7823,65.9875212984448,17.397438595825623,176.90341520896334
7824,82.95711195735761,20.92475112045278,179.58004536292916
7825,67.31742218550303,13.891753246871232,141.94346471373237
7826,130.97533073640344,37.24083891780328,261.68474371733083
7827,138.97227345655025,36.14443276667659,258.80256843327095
7828,60.068194891171146,13.938895880490898,147.83838582503512
7829,123.10943818196921,31.813116836938757,227.17401019054395
7830,58.2038522107799,13.52764290061617,139.6379431272355
7831,98.75499851507156,25.447228430820477,183.87111114912497
7832,64.33150264284275,15.079261948870935,146.71104614688232
7833,95.69676990174968,25.573128285714166,173.42228013414652
7834,134.45069778476054,36.35470691017911,254.5066664527062
7835,69.71357490264076,18.264877666440523,146.99587395539683
7836,52.4352182404504,13.41239618811572,153.875469189037
7837,138.45783440405407,37.83880143247382,233.09791156456353
7838,89.3393434672346,21.62446396003305,174.0199297206832
7839,59.29379173422546,15.909924970558594,147.74934908671244
7840,137.50598813023868,37.536421814473805,253.7541880890313
7841,130.34399632772428,35.91885011018848,235.53583840402237
7842,67.928439269142,17.175945728902768,140.19290553944515
7843,81.95984524913727,17.833951105492243,171.085285304834
7844,64.42788945567084,15.432925318676237,155.99813568194404
7845,90.18131876779255,23.89271724498695,204.04280230078993
7846,131.0154957983299,32.47909487790243,221.42074639661533
7847,139.73239900459882,39.379316238344835,259.4389359743897
7848,64.66915465931423,15.155477361502161,155.3475690117098
7849,79.03183205093805,20.683061744287347,176.6848449186406
7850,74.20698940394446,19.901125199136562,168.6823344426157
7851,118.14439108083455,32.507553875398784,216.54967456176584
7852,86.23381914637635,20.613235416581613,166.29005448371836
7853,111.69215050646825,26.39815468878315,201.2371081251304
7854,97.95060267394457,22.778393624288473,196.44200744995567
7855,60.928605146141585,15.996037264464576,155.21716363464603
7856,65.65618648118598,17.24972159902867,158.75074507940096
7857,59.32938920103634,16.465896085746717,146.5567975230201
7858,88.0879341896367,23.508922055220932,188.96206583375388
7859,83.06909697662795,18.569479436269052,174.85016170836397
7860,103.45319530420151,24.339814316039988,195.16743251212873
7861,70.77011631564017,15.341154641428849,156.4701076950581
7862,86.78611109569444,21.834917682092716,185.21001026028912
7863,79.14713788697848,20.55070236462223,176.51753405787449
7864,122.43340085365934,33.57423224659228,230.68137611839225
7865,93.48702603218327,21.082185601647943,177.42001211558014
7866,133.40722233110378,40.8948090510333,262.3366125902741
7867,88.04797458746155,18.502365903086822,188.55901651002787
7868,58.10119244470644,13.559191786721856,128.13390312649764
7869,61.57701187220923,13.423648269782916,145.2199344313125
7870,72.4306448703339,18.40146728356871,164.41603037531056
7871,136.41573501109374,37.45388772792236,255.7697479328875
7872,70.13146240997011,18.52303656822286,170.56993013442082
7873,133.94239035112346,37.73247616885118,258.88422189272353
7874,136.836027271549,38.06782014264454,257.1411474614507
7875,127.58244615631754,34.61032969298039,234.8639294014121
7876,124.72785472590972,35.45033218356145,244.07889201776547
7877,130.39452246470685,35.42682207776791,259.5076328329159
7878,63.844020316840236,15.321666314560323,141.34012064873622
7879,130.29310936880339,34.218966956487485,237.3925955491604
7880,85.26618141999019,20.318913507139737,190.62403113931222
7881,77.71578350440956,22.835945621209707,191.55683543811648
7882,72.50253644919282,18.134096781543622,156.75233443217425
7883,125.41274599361955,32.69846545067978,229.22763167131617
7884,139.2478709870775,37.7017681115038,249.16617571605124
7885,66.25849683614432,18.76149793993117,155.60170517979836
7886,83.84899960583027,23.36707339076931,187.4140230000042
7887,87.70356581222474,24.348810298244086,189.89750950999465
7888,57.26102453665771,15.697444548973992,145.97777381714124
7889,95.61117158509187,24.219379860549264,197.57630510155727
7890,55.219743070333166,13.373365878830995,134.8723932435126
7891,71.64085417200047,20.95516177897201,161.80800948393824
7892,67.18670024507668,14.495506655699463,140.0499101863306
7893,100.2392351285341,26.11814909423755,179.22490051840177
7894,67.75370832157584,16.29990926851521,157.903066011522
7895,70.71985482949773,17.695202400303554,163.82818866847333
7896,138.48166890366142,38.066801795413944,256.07027418515014
7897,83.39118685698746,23.00466069548784,175.19368422318428
7898,64.9734962436208,17.686969684060667,150.16087216905703
7899,94.09605480008936,24.567432781250737,177.7150227066272
7900,138.29009732233357,38.13207171574765,259.0580905491342
7901,131.21197876804027,34.33880464466313,239.16329382589763
7902,95.61013422753794,24.946058966781575,213.0253874435755
7903,97.96203127836726,24.97312856201734,198.74568352771504
7904,79.53350251785149,21.749104542821616,172.45225639804377
7905,68.4840565938757,17.936320559228303,155.2506354543943
7906,136.4175521912909,36.50949950360337,261.5018114064696
7907,66.92990035242751,16.73971013753525,165.9200965568451
7908,91.11663235167262,20.54901593160626,189.22357629928743
7909,59.904379297060274,15.210007067383739,145.26206019097134
7910,65.36419482429957,14.182066456161442,150.22481355381112
7911,142.79551072487854,37.97309134647328,245.7775361700885
7912,66.45572266904576,16.27390665995954,141.5871030077931
7913,131.10057596035537,36.25558834882779,244.84330715474215
7914,67.92998860111142,17.79298739160171,175.4528371183262
7915,68.84410932920899,16.821603389634173,153.23805862934032
7916,96.34690484380722,25.067054680951106,198.53962519934348
7917,70.6626661908573,20.099388090840502,164.16369743088865
7918,69.80699379447249,13.940252638192069,157.86374284422743
7919,82.37179378428216,21.01383617752388,180.60283027464263
7920,61.511928828769406,15.852864276343022,168.02270005595395
7921,111.71126524824082,28.193309687357623,213.55369791969568
7922,81.16526867348183,21.244215289594468,181.12384085519875
7923,101.26275803745624,27.436633974390748,209.6517256391617
7924,69.86313443314556,22.472276328031345,159.12205752865907
7925,139.785272896554,37.83981169217646,245.44345462457105
7926,102.42761651740447,24.143542564624543,201.54341058561738
7927,140.34391722781348,38.00600755339075,249.57306234901492
7928,135.36195663376475,35.89875420185678,252.13602622928752
7929,90.09494244578393,20.636506282473743,169.43216994058648
7930,65.85905060639057,16.634534054922675,157.5289243170381
7931,79.72445540729747,20.165854487717798,179.44999726834013
7932,91.39884541826046,23.49092454955223,196.59612014008184
7933,112.4147943013444,30.947489376942336,208.03833097036156
7934,70.94676016004212,19.06825753888427,168.65333827053004
7935,110.00737971134208,29.365262027909967,208.66551522424345
7936,72.01998696293072,19.337752898338064,167.71608714925625
7937,57.65752339795423,15.443944904422484,157.86182518706707
7938,112.37843977547648,31.06407952563134,213.3775602485343
7939,56.01422222857847,16.173208936988313,149.10322726010386
7940,67.21676729760769,14.040565839818223,156.54210776279282
7941,65.88294928686012,16.663890796117226,161.1920207483108
7942,132.75613718566632,35.13947540837464,241.76118525664603
7943,140.97276228598858,37.194571021942885,268.32990772887894
7944,76.04103199644395,20.85673399651316,171.8164274554554
7945,58.74022461497068,14.724814211651852,150.87933249968296
7946,59.38366859914321,17.483464497125752,156.202486743832
7947,114.25405889050144,33.68414762539306,210.2884646034058
7948,94.42481217237717,22.225701012220053,186.94052392067655
7949,130.08854787529947,39.839758844052476,274.73236121458734
7950,127.52774358629641,33.29278506425788,233.32283158867554
7951,133.83791623716314,38.287660159974735,259.34725647689044
7952,75.79937159445113,22.029848303969747,165.83479422585887
7953,136.7836871188599,36.77483868576136,245.17349649321872
7954,70.82640969273562,20.402295234106592,170.45786315805643
7955,139.9657806982361,38.64740060372463,251.2109874331118
7956,126.93050249227521,33.98988845187955,237.60948990186372
7957,83.48699544555802,23.385963551711093,175.21541398107482
7958,145.46445373590385,36.76860176562398,255.13780362958843
7959,77.50700114277517,18.140748725351333,167.88271245922866
7960,78.80317040130932,17.96085562175629,164.1349150737128
7961,136.61846312825875,39.42874799796677,255.17696271959588
7962,84.87599729019094,22.615452661667558,191.5384982782275
7963,74.62051485952956,17.061277432942045,162.025563659708
7964,60.93808248347393,15.134113429265733,148.3184212790156
7965,141.81458615362706,38.862148220266235,254.31529200896347
7966,64.107619122759,17.35008026458718,160.53634400177276
7967,92.23778674934955,23.208946094995976,188.57314408069377
7968,84.82916994288188,21.561410405095717,175.61170753634954
7969,55.403880664074514,14.149722160848434,139.46420597135867
7970,134.6047363825031,37.56035098430195,252.72702345865824
7971,128.7252239277468,34.47249633166507,262.30957512533683
7972,132.06120034368755,37.70671480997638,249.7894850291731
7973,81.06840904564272,21.430752816158044,184.70218561471515
7974,125.41158947142678,34.758570817434425,246.7486037003163
7975,130.24794779543893,33.43687787791669,240.2408053749711
7976,60.543289132639806,16.436172830760977,161.51292549058905
7977,138.16787429679619,36.95083164389961,249.35150483014692
7978,98.79453556683188,24.59418257728939,184.6202597074969
7979,91.1647937624276,22.936248298031717,190.52568573815915
7980,85.89885840923024,21.87325005345072,198.2784084237252
7981,97.24197759907682,25.679801286313772,218.98435751560808
7982,91.36571135553045,22.297417246889164,158.04490664108906
7983,79.7707163040671,20.57478619335987,185.4834239677808
7984,95.76782348976276,24.67687162782865,199.34050637744983
7985,64.24846382824192,14.958239311738124,167.1122332534301
7986,89.20725096158417,23.44173688405139,178.1520490924868
7987,85.9856220358375,23.347102535747997,181.69659783127062
7988,60.90848851284205,15.191427499838547,153.9780955580383
7989,98.55827655392399,24.16007439712769,207.67098752552886
7990,137.6094121030191,37.84700207238477,251.4988000253577
7991,117.86021341721097,33.21544158315523,241.34948091479063
7992,87.55588042451997,27.527185791420028,203.6880350533846
7993,95.41327822642533,24.85650719835085,189.91112094591145
7994,108.94368917599276,30.33270958612626,226.78257574820063
7995,77.69463450614889,18.80169021378615,166.8950498151203
7996,94.01382772228878,23.58201499516336,165.88898294350207
7997,81.1857574145444,22.404207689114177,179.10038141645737
7998,59.76194491330841,16.071744599249786,152.56590664880193
7999,133.86922530104218,36.13348276452626,248.87701484565915
8000,74.23591500257035,18.48827943913187,164.9697547512524
8001,88.07477517720731,25.41782181468645,188.10083019594416
8002,73.4919630594599,18.448578524764,167.74642357977646
8003,75.11076709692537,19.09827358670391,170.71117806304025
8004,131.09224773496678,38.07858255497752,274.0813745463067
8005,132.3466184716278,34.94375737607848,241.41183326106992
8006,73.94025813715486,19.211494257990182,173.22514282396148
8007,81.45030609480742,18.109547487549296,158.06648822604328
8008,90.24185567923071,23.222371887773715,196.9241964820636
8009,92.84304499593834,19.887545446186405,190.03481418770562
8010,73.41633517031362,18.896790150746217,151.96403559899895
8011,134.41542565099635,38.110066168706645,255.4250723092366
8012,58.095572156084465,17.10445590467492,147.11471519407831
8013,135.73299375453757,36.00244744530804,246.1540235007951
8014,96.76299854289142,24.067865900928748,211.77736563794224
8015,80.68913577518656,24.870139378465336,173.32673577190715
8016,84.51359908900258,20.775099321956144,186.83322527728208
8017,61.405234280260125,13.869193261291349,148.98094906234172
8018,121.73906385650442,34.43768962663686,222.0954666236935
8019,77.14002697527845,21.281569381550963,165.16694231636322
8020,140.738979693063,39.063108596358994,249.55879309101863
8021,62.59809924818008,15.403489294464213,146.80486781747112
8022,137.9120074405898,35.95713011786625,265.88378227781607
8023,90.58252760671782,21.806030036593633,188.24315690960242
8024,68.77875872396343,17.75289475561517,145.4455630642089
8025,97.19303413104618,21.66718140526807,187.10681250184388
8026,70.59735017018862,19.940669593457987,151.0487428515258
8027,84.64357666753075,24.775756832461347,177.16279114660105
8028,99.62426583019128,26.43973256822444,198.87579909661963
8029,127.58742512222234,33.8226340055375,232.96981593388526
8030,87.11970867155968,23.896795403794297,185.35646933557038
8031,64.56444526717881,16.409034052306808,159.2950822530391
8032,114.47209862787695,28.774343419642516,216.24312813267173
8033,97.26054083769817,23.329891392529657,198.61760313374793
8034,74.08730707359595,18.2917206270043,174.25754423747608
8035,83.60839829840792,21.121884130699033,174.36264248916646
8036,71.92110832438738,19.357059859663142,166.04270357569678
8037,95.48410050101812,24.262409821818917,191.79256578105978
8038,140.13519312713046,37.40857804265199,236.65387303406058
8039,64.38264283146084,16.044779425978934,165.11241318042002
8040,135.3313287940792,39.03028060021006,265.8047146484417
8041,141.44410431663212,38.36449772269919,251.12035678574213
8042,103.74601912861571,25.655324329479523,205.1076323332763
8043,61.278205080339,15.380829862225712,149.54885368522483
8044,79.0819823507105,19.511488549181696,149.79123078267313
8045,72.65935673316376,18.149390893206867,153.59217387667056
8046,73.74825452102756,15.795974109747773,159.865434721723
8047,83.36017630505724,19.708100752178474,177.37744066858238
8048,61.08578681090972,18.626729131656564,163.31831644739367
8049,139.30817097034506,36.67731021041112,244.3916161423073
8050,74.56683651404511,17.34942461501854,165.4926229924067
8051,79.53769609647297,20.66995813829518,172.36104123567867
8052,101.06323149618608,22.747195676443457,199.41127196575783
8053,137.82610400205024,37.96553828159189,253.37555935457277
8054,83.23756598473254,22.168283563694928,187.07404728459372
8055,74.84166325444525,20.037431493057777,171.77331915698804
8056,70.15738898597846,17.098067656588018,159.6170829341754
8057,62.414512168291644,14.915523992105891,137.3588852215389
8058,99.59492015408684,25.97515451290523,202.70655547761467
8059,57.197986472715975,14.782984928135198,140.74905063124262
8060,130.21818495212426,32.993281514040255,234.24310859358675
8061,107.01598364462363,27.922670523193833,214.66955304376305
8062,91.53887469784046,23.130269078296596,190.65262238688533
8063,130.126806871213,32.9359681164281,243.75469752301768
8064,70.42578637822794,19.00190855125862,171.36774558670515
8065,114.32990707776767,30.000023023456674,216.70239300907892
8066,77.51786028994478,20.570225291472678,174.41871891179403
8067,58.44279005867152,15.135174159581249,153.81068607458647
8068,57.47384962926111,16.616828148395374,154.56712214484372
8069,61.85085164803041,17.089165176227183,156.88696678035242
8070,145.86891742828524,37.895686526048316,248.93170911980602
8071,62.08743673444958,15.932053678867996,151.3907305458737
8072,63.004570671818435,15.546175576072594,150.67001715757127
8073,75.74659008508313,21.764246055280896,202.314610863788
8074,90.82097269369687,21.54171805830183,176.27216211752696
8075,137.74093033205767,36.629975871570274,240.1030335008048
8076,97.22621708707585,25.69677484954916,181.8553833400961
8077,133.60486572746598,37.244992266208335,230.58228829136388
8078,107.00864469172616,28.103151149495087,216.81082312238212
8079,57.759006846794854,14.915412769396367,156.29407558754022
8080,59.30494210429273,15.718466600219502,144.1665464283592
8081,122.39491014184712,29.87271179692942,203.73070449726313
8082,73.19313959494698,16.856473282331496,153.2183817473289
8083,126.1424884756092,32.75919735923246,232.24719847716867
8084,70.69604007369163,18.33067589181763,180.46293494715263
8085,87.91729154012846,22.32851625191306,201.2489366135956
8086,86.20819103490764,22.788649581982757,172.77759752364878
8087,143.0579470320739,36.53637635304303,256.3337097060299
8088,86.16538496942816,17.71943465604998,180.5933196958126
8089,81.41901583384295,20.29089742067219,173.63224241746616
8090,136.26011321377283,37.159355462098226,243.21189090708134
8091,129.87377737563725,36.04890061682014,243.31306222625963
8092,61.960632664629436,15.75000992267915,151.19015186531723
8093,119.79553004547452,33.15388371659501,213.70573115255874
8094,137.96032259015143,38.69041333549571,255.897425166177
8095,117.00045275890356,35.34520819505011,222.88273454206413
8096,123.41218859300797,34.40260050459246,246.66003022761006
8097,86.77957658522733,19.57597634140707,190.42408884601954
8098,88.68904152741031,23.343113761165412,183.54497296448582
8099,61.21203784260279,15.63640564802471,153.1944683372022
8100,125.47963544466138,36.19339744445451,246.9826363025559
8101,75.67345103702044,21.351909878579132,188.95951276470564
8102,138.7825253488796,37.58162493888373,257.96129955399635
8103,71.80315898574754,18.866174366305653,150.54310299646764
8104,72.77593909124586,17.760458595847613,163.02995546537474
8105,82.03533011183596,21.622759747335085,180.77028729653696
8106,129.19004923486997,33.22596319959346,217.7271870252782
8107,109.9482256184931,28.238158890874484,217.1005007222741
8108,69.65594800028187,16.812915177928918,165.55453464438543
8109,91.43347440496537,24.0741249651843,198.87492486662347
8110,90.47113284017809,23.1599150887219,194.10041173828037
8111,58.4213200589099,18.332233935939314,152.9372964271267
8112,103.69488502914709,24.336440789054446,194.98757902837744
8113,130.77383850077197,35.69337008296898,248.49630336330952
8114,72.16074094566024,20.719311125780724,180.44930564576134
8115,73.22431118160218,18.207632087564885,154.11304106676306
8116,92.10201790224913,25.831092833151107,205.77764945158268
8117,96.56967847844162,23.23358004015828,192.00355925397707
8118,104.09069081982521,25.24942476944911,192.9757468835328
8119,97.06548236036663,22.756220574616403,198.048812656075
8120,140.53143768382816,36.78072083037034,250.34108423435825
8121,105.6739597177825,26.291668558840566,192.8699791551022
8122,139.64131312126884,37.19176994766661,233.02095533365147
8123,59.95512499516665,14.943270526452958,149.59437106784443
8124,133.76495443262135,36.6198947586848,228.50563414355176
8125,90.34633611407459,25.965115710197228,192.9440304631621
8126,73.39707177725465,18.473788968407288,148.94537093748093
8127,70.67782055740027,18.666585687719373,171.60433953796448
8128,143.59689803505822,42.145517360958586,266.21889302303225
8129,131.70695832428424,37.20844523615119,247.20104124009683
8130,96.7739655849235,22.249437939407677,180.6309809102465
8131,87.81707677866976,23.224635661971018,185.65197242700387
8132,136.04766222317826,35.82292541219342,257.360046600643
8133,132.09517535081577,34.64562794793869,239.17334601642062
8134,77.03481788197418,20.86804142176052,179.0878356988662
8135,77.30041746463976,22.349175557100587,184.0074715125581
8136,65.90716244435866,18.30491043933944,166.99605989110006
8137,66.6926268602693,15.260538807558222,144.77140146177658
8138,131.51954645609348,36.231860519211345,249.92884461378853
8139,137.03129020469018,35.03192704062419,246.8733942051867
8140,89.89622280881721,20.388765528257128,194.0352071546034
8141,80.48391749754465,18.275734270858084,152.24430284315176
8142,91.80133397802449,23.04914320497203,182.66254146056278
8143,130.6468276986727,38.67625135209995,242.6691976365614
8144,61.90665336679164,16.36770739591152,152.30883068109856
8145,148.3651808479878,40.52707790465278,244.59425083976174
8146,77.32593674925901,19.201894471338225,165.90528665577784
8147,90.45310707454765,23.87200874859064,202.48639181470466
8148,136.24949260683852,38.44855565783474,257.36730415060714
8149,111.94754915795326,25.296523425631644,196.37191258281118
8150,90.26324533766667,23.258020645516446,202.61343385480578
8151,112.84775277640937,25.367797912624464,210.4293374388512
8152,81.84772141741789,23.858554029214975,193.29218172307887
8153,63.43123543431667,18.267253961115657,162.23397629017018
8154,136.49882294130668,39.713360347395984,275.46390685939764
8155,91.42536613924018,21.699926109648274,164.2146273152374
8156,89.61180883019445,23.25145308413056,191.4899082322622
8157,78.70987539275832,19.24310907877606,167.86529202528033
8158,70.9311728526588,18.47228752214455,164.19601589177293
8159,62.55611307039934,14.15865288324793,157.24649867577025
8160,74.26065000296727,19.10063035642769,181.60086091390676
8161,140.86391743524925,39.4244528109511,254.4625921663501
8162,71.45676309965887,19.393007883755413,157.08016716130246
8163,55.72764169843551,16.661826873794727,141.33014820422056
8164,56.52745002154934,15.76063320307753,140.9967359043135
8165,74.51436134593335,16.523391781538063,161.73031983629573
8166,61.46433509336976,18.25744513814423,144.3221860075986
8167,96.76373349840183,24.746907477308905,195.11535195078582
8168,86.55702785715457,23.22476951580587,193.6277648298901
8169,54.630084166254925,14.700642606824784,151.24896428074075
8170,92.3201613495096,24.103056773843843,190.13549453758483
8171,97.37825785934061,24.54508089539271,198.63090304622742
8172,82.83012013074577,22.45855199838442,183.9662941093085
8173,65.22408259683148,14.947790491825078,139.28022417143708
8174,108.8746348610157,26.346470024283885,219.19711561246365
8175,128.25525147200315,35.93846529195253,244.48626903475215
8176,105.59187518137948,23.28722623645457,204.39038872759235
8177,93.50896339388152,26.28693506649685,201.0026126631162
8178,78.6665116306951,21.718949734519892,185.52297677357743
8179,74.3737029092539,18.660893781141382,169.04984330717446
8180,67.11375194159113,18.769279380392508,156.72405840969452
8181,70.74768696738043,18.11569592495403,164.5194125172813
8182,67.25873538744848,16.99393590404156,152.1632254844561
8183,71.1200515521998,16.16541719417912,156.91241710084822
8184,143.4579032930521,38.65444586784553,259.29103654004984
8185,88.4118938680487,22.125256232443615,192.31377561862772
8186,77.42461376170607,17.944948799672673,168.55370087417032
8187,102.47827100878793,26.49472671864928,197.41705143129875
8188,131.38712788336383,36.11997763763191,250.10819988323064
8189,136.01363617966004,35.14749615641278,244.90794327945017
8190,57.85731336547445,13.547300690326788,148.44998803901635
8191,123.80637945558202,36.83534902553128,243.65276637409264
8192,76.38640862647277,17.740227363588385,157.6677204040113
8193,58.42071498472003,14.665353529288891,143.79703229229605
8194,95.3511719091474,24.54464528930835,188.37646720410262
8195,60.31861998585861,15.667709515774764,141.45570224453346
8196,95.38726555489548,23.367720437142886,195.52062102498604
8197,92.16594229136324,22.927892886462583,185.9339638194477
8198,84.00343458327582,25.013390027704343,192.86647836444433
8199,123.91815535898132,32.54497570098871,227.72029975070433
8200,82.14495417463839,19.921557020817232,169.71556756224308
8201,89.24119459290891,24.546692878975854,172.30184435863478
8202,60.97057604240678,15.869914170424396,155.41063427800063
8203,138.89860774590682,35.832435412377386,267.1144113031146
8204,69.89253695662727,17.977322372432372,158.09481564101506
8205,81.2332483219476,20.942251197075787,172.03993853117854
8206,115.503700411471,31.148664735522477,240.2446653379251
8207,82.5867282902304,20.13832561642202,165.6680545192128
8208,76.30663439104576,18.932122199570923,173.13008887579076
8209,108.9012071739479,29.028090181623323,209.5898962530098
8210,78.54012066296504,20.28238826096697,171.5311964934637
8211,107.52856963879277,30.417506864394596,210.30308573623455
8212,77.36299129678278,19.707115598937694,171.01783893084183
8213,68.69996861442759,17.167033971877654,156.22080697136226
8214,125.36428793339122,34.30982338276383,228.42913978309272
8215,67.95078891408878,19.64950243304598,166.97676249677775
8216,55.4276454119529,14.862637554264635,143.73016620347593
8217,136.91882682243076,36.771645776901046,227.96001122768504
8218,94.73311014003541,24.717338512674647,197.32338921983663
8219,93.85420892577251,23.918193096186773,188.9259655851777
8220,94.39323169199504,22.334726502600606,189.77558984750877
8221,139.17239168238362,39.14219399702609,253.64776546181
8222,85.99696625536085,22.21084989264005,185.44919139682898
8223,68.04189780308003,17.8132460187725,160.62705677241496
8224,141.84047126855234,38.10634751315466,249.25632853948431
8225,58.64212980551603,14.059172313189011,152.48341614389884
8226,128.23437119878022,36.12064943655444,238.5104404018676
8227,70.29304135897165,17.57546187428736,163.7744906239353
8228,73.70643368215553,21.697628388511998,180.34950491893238
8229,127.97226970904482,34.18037906171664,222.70339364111405
8230,125.26016735163813,34.264784862653656,252.2982664000859
8231,93.90286370110088,24.555791632673223,193.95020121716888
8232,62.435548725901235,14.94491405386764,139.31261329851662
8233,81.33458769646937,23.62569013274676,176.53521951951936
8234,126.67810537026516,37.54127536989815,251.4600410519716
8235,69.49910884668564,15.264323731769066,164.10846648348476
8236,124.1355653988534,35.630208610173774,252.78697756390793
8237,75.65285443940307,20.29394370895505,158.113424469835
8238,98.21430347505533,23.46930492450547,194.77228289830242
8239,129.347663314835,37.51938859398363,241.87886226966393
8240,76.07407561398055,19.388142786627505,170.87627990152524
8241,86.27162496629838,21.95802847440194,191.76275784211018
8242,101.11597241505679,22.360950665557848,197.15421197373496
8243,81.16948261824619,21.292036926212898,179.75768116746033
8244,70.03238141902811,16.45001947415193,155.67218456117183
8245,60.032553425192624,14.93860128387709,152.4064759858716
8246,90.8911149584374,23.144696665720534,176.0917364858071
8247,91.74467729128362,24.28613182862907,196.26570427779498
8248,125.09900602652884,36.064940596123556,225.19436421835715
8249,126.19401986707932,33.58378919416492,234.30388013857277
8250,72.2942863772568,18.947997384614194,175.96613803890344
8251,142.45235058718194,40.286638716189906,254.40572102731446
8252,130.05180175534153,37.94405312952296,244.32885189387324
8253,67.37002279348657,17.73195640777659,149.6558827114541
8254,119.34702821684955,33.248222279318895,228.3296971725699
8255,71.4625906041315,18.438674137191743,157.3255023296933
8256,137.4761283486981,39.243141574739234,254.88012369644704
8257,95.93850517497776,23.13062084043737,205.70245789893747
8258,139.73719835708422,34.02985099787336,252.40568584567157
8259,137.81940426979241,38.18218411394035,249.8631740400502
8260,84.68012675659517,21.32271920380901,176.42343500299754
8261,72.21148244323147,18.05200327218562,180.27188944779695
8262,98.21849298611498,24.491488713700758,201.29426289640617
8263,80.50188906788567,21.606274458825794,183.051973134247
8264,75.91025318137672,18.284066583962183,173.01545189810332
8265,88.27926716488572,21.731940947292944,198.76958581625453
8266,69.45485477131218,20.03638643748255,162.55619544705078
8267,109.32840125230804,29.46696252437419,223.48159946097962
8268,59.31073602658402,14.669236198205114,140.91287826153953
8269,123.73235633068451,32.56820855534933,230.56255501291335
8270,63.43926220672611,16.560700427521294,151.4928100432075
8271,58.733225916068015,15.273989438579617,149.04835739174632
8272,79.17590321558625,20.098110337892127,165.15863189350307
8273,73.50105793879975,19.944244141863,170.0930778848323
8274,122.57543792281832,31.41866344532265,223.32852413570598
8275,134.22779181404488,37.13065542363886,238.91258572353692
8276,91.31814935758221,20.890235348052787,196.71493076060008
8277,63.677232098119475,15.996979453323435,153.31462653623166
8278,61.0106026566809,15.398188718040691,143.69923664940117
8279,61.746034421561966,14.688407375645694,145.96230443734632
8280,71.26001666342798,18.112069085381084,164.70491065955318
8281,61.26816435207354,15.074454077689525,151.43591157535985
8282,143.00377170836148,37.98911388611582,257.8614770559927
8283,125.62652165699161,38.321245245789065,255.0490675485402
8284,91.59737179199924,25.366741000778358,186.370223410813
8285,130.60395773331518,35.831572295622266,255.23068987840665
8286,137.26778260303675,37.49193892808582,260.9859826907902
8287,53.71079741999202,16.85784509274882,154.36059248733628
8288,73.84939532134167,19.848138458208943,179.22105524864742
8289,79.32053989374961,18.743768339210266,157.015659547694
8290,112.1601122817713,30.164870847919463,219.13674532746344
8291,139.9460614284163,36.886292590277414,259.5028050226535
8292,74.01098962800639,19.060268888367208,156.13341863345656
8293,70.24399473855274,17.197540095842783,164.6031507086424
8294,102.42149600737643,24.161903005353334,205.9369300129238
8295,71.5767791280604,18.884449105737893,175.2216271686028
8296,139.47139247382367,38.37586366226099,275.96909004023024
8297,117.72751735699082,33.929630953017416,225.4488552053825
8298,117.25965615623606,34.147281672044606,232.14410801795603
8299,65.02242009850764,15.987302523983583,158.02625881438635
8300,91.50000634791267,24.63471719814368,191.81923782703356
8301,88.1832891871157,23.101293268261657,187.3210017068017
8302,78.65421694186165,21.81293969595848,183.59544924487827
8303,93.49261798068629,23.494184502887894,201.2700803433735
8304,106.90740514734024,23.548957457570243,201.5750148017922
8305,69.24343646208887,17.042081512155374,152.83972951383774
8306,93.70197943344802,22.161232844236313,185.07954013589128
8307,100.10971183278922,27.714740837296155,213.20090774480514
8308,59.65884448043315,15.689388080068868,145.23883470332967
8309,78.939548912559,18.353244959849324,141.66336595028565
8310,60.08179698540892,16.798274601398674,157.0344389032498
8311,66.70136786479188,17.769041892681734,161.74018433172594
8312,97.25628676602193,27.941402008848225,195.4245013219444
8313,67.60893287432017,18.75941648419128,161.55091860559415
8314,124.66118596328253,35.352022522822274,221.35209332689948
8315,55.91389770804618,15.595877826538457,150.65456809486943
8316,116.86054360977688,30.036524077203378,215.00208154977716
8317,132.73288463552933,37.2659583568467,247.27879759035912
8318,84.85515596742975,23.814361204658177,190.38463524511664
8319,131.35531402047476,39.33085933955788,246.07414027888254
8320,56.49640355810172,15.933664185826983,154.53469988574412
8321,69.75997403013183,18.714699392830298,165.32633635180687
8322,84.18934661141061,23.069276188102823,189.82728676924074
8323,96.11644063861443,24.066728114742308,192.97814242885715
8324,67.12574435222939,17.417966468188474,150.5673346297671
8325,66.82088160612814,16.310992342646863,147.45212852328333
8326,90.75922898377094,23.762656346338193,188.85216048339782
8327,66.44492857466587,16.540763219529108,149.1384072718535
8328,121.27642389020029,34.73117848898288,255.08429014508962
8329,137.2649650713855,38.066386074680096,255.4634847451301
8330,71.32635002020335,18.09480180305072,147.91920158310776
8331,84.05306165796127,19.530845921561305,189.13874559638836
8332,128.48339278588853,36.10731807380067,253.12924501809314
8333,94.39470957321166,21.652096394059715,179.835874078544
8334,71.0405958867262,18.949132909287336,169.1939206412098
8335,100.05478282768918,25.257249219965455,199.89287473953388
8336,62.16673046766984,14.354393552453962,142.69432421051656
8337,136.85989400278322,38.408132167778604,254.03329478755498
8338,52.5168954727533,14.32372344315448,138.87283017669412
8339,56.74515214525277,15.568390495839946,140.8374663682097
8340,75.50429138170513,20.235502090855608,168.83561415364446
8341,71.32139873285135,18.786259619221948,177.4837295941168
8342,133.76965608021092,37.6863981139294,250.502753091134
8343,92.4923842849854,22.51660279127572,190.6602728898402
8344,69.5796359525627,17.286725442767146,160.63983499134255
8345,137.6668916279167,34.34004722655484,255.22679314985567
8346,97.25386652894512,22.49432151847232,197.07152139428425
8347,78.60572132500322,23.06721710533223,181.80570436179838
8348,73.55889003478627,19.59972679518164,168.62384090185307
8349,68.16825465936118,17.562289393192042,157.9638284761818
8350,136.03716880646007,36.28015735329797,246.20440580310847
8351,136.8943682909617,35.942978976527705,251.7317478251313
8352,76.68899622394116,20.069072866116485,155.95251638688526
8353,138.6218994222671,40.48864384810372,256.1321977585479
8354,119.77651644882008,33.690070042683764,238.7252731476493
8355,94.26831390498698,25.00492372284504,201.4722721328767
8356,94.82777153894021,22.948438955620556,190.34787525414382
8357,97.24767779286042,23.890075306469363,190.2279595001655
8358,132.4574296139822,38.23104043414133,260.19952060270134
8359,69.06362476066066,13.786125725774271,143.9275124547282
8360,88.99112488277756,22.661767054604017,169.04277715876552
8361,84.91052406635201,22.17940146488866,183.48208544755326
8362,86.04229323309438,23.71051047581459,191.46084301365775
8363,97.45554416284814,22.64087328485306,192.78269333799386
8364,52.62046953566652,16.46005603814571,142.30137851455748
8365,129.90312906385063,34.78650885078234,241.39215371316794
8366,72.60541567743071,19.20617073620819,182.54658734488646
8367,59.997376704479436,15.19643194272745,147.36435966076937
8368,78.89770838645187,22.311729704117557,186.79778808148558
8369,107.71289741398176,25.961666739290827,218.5752121855685
8370,72.1986036062983,15.417968857507885,162.94535564478818
8371,61.320063335321116,16.345665777795148,146.01105189962098
8372,73.55788036191201,18.485195009172276,152.49779701413374
8373,58.78604190163395,15.476537585066453,139.94175786132203
8374,84.11815783173675,23.38750632127312,191.76022031785593
8375,139.82677284701347,37.77731399593234,255.25484309360561
8376,61.574543483922504,17.724922781610957,145.60505304021163
8377,86.50186394792365,21.913055880578586,190.64780768180165
8378,86.26689571353198,21.02472950909598,187.50332981567155
8379,119.97231976574079,35.10634153454364,248.71555717375
8380,58.8837896211645,15.808121201280644,151.73462575244227
8381,141.34023555420274,35.09811191317856,241.4735817423713
8382,122.37366995311676,30.604386852951297,225.16635303019135
8383,70.79844592056965,21.57956964688947,182.6433506456023
8384,135.4448567704496,36.919937550959595,255.57700097997397
8385,96.74181637802792,25.425969188594184,198.1365912304543
8386,67.47797811139525,16.72191273673931,155.23592739763959
8387,136.71746230746265,35.99664126787964,250.91716181175406
8388,60.23701455802185,17.326232718781355,146.04780764490178
8389,133.67187237280925,36.85390456731886,249.2871612896307
8390,73.90474235168027,20.233535513429324,180.48402439878342
8391,125.12868527085264,34.334236405917686,227.4586928894243
8392,72.18709117122332,17.476085813503072,154.0603911377544
8393,133.41105332364884,37.31005632006209,245.08286575667074
8394,85.39256615866715,23.430458103373315,188.46105493258548
8395,84.61748761886187,21.9755717851308,195.43452247962054
8396,86.04536062902021,21.651541207562943,173.53389571696408
8397,129.73030687864517,36.69404441669281,260.38349523912655
8398,54.97340974151091,14.448833528584993,161.88180184508704
8399,149.64947637465784,41.64258713853716,253.60482553974836
8400,134.31623449936424,36.75702192529867,253.4844145509454
8401,66.29281357158884,17.36293453170632,156.1749921095251
8402,142.96449705528684,36.232548210855626,249.49676362236286
8403,102.57354005381866,31.755953994704978,222.69784162293652
8404,128.69236344387144,34.84167985462867,233.93942182911528
8405,60.55613112388341,15.930817363337114,156.98207635763836
8406,90.83445612686718,26.25892672611545,186.6362735475402
8407,70.18809776731406,16.063555083684214,156.948918970059
8408,98.40663458948717,24.429639303518808,201.14980060015353
8409,62.47295856613435,14.471416961989059,156.0299219979639
8410,56.68340013273223,14.471049727695297,156.37152625039545
8411,54.99516947094146,14.483987234116443,148.52521245043474
8412,140.03442473399346,38.82692751407582,255.53842095327857
8413,68.93337420261766,16.638932149038215,160.94377580618706
8414,58.85452504750494,18.358344048386858,143.23217796565547
8415,87.63116973854055,20.093076862245873,167.0374584929925
8416,61.35346672780194,15.631110453750798,154.02011419521443
8417,79.70602936616406,17.225334565816755,174.1349999940684
8418,123.32076601747902,35.27206334283183,255.51616410669953
8419,104.7872209241356,25.087117008982972,204.4924509707619
8420,74.39280065155471,18.485619670165956,168.80356708387197
8421,138.10616921102294,35.565949556526625,252.75398931546775
8422,94.82212344405849,21.385276865806905,188.98770751996628
8423,117.68822124586337,31.507516334129054,223.1426041761554
8424,70.10166429486678,18.356116019788505,170.07104433027152
8425,67.3264855271724,17.28902677445974,160.17174281504256
8426,94.54613267738425,21.52557960903435,204.3569264929072
8427,77.08447264127129,16.068258271765256,164.89467513726362
8428,141.44767207180203,39.31797065264307,257.06245583431644
8429,129.6342650195615,34.866974655134,244.35705286412448
8430,78.62288914961718,20.407107387377796,155.65443582635865
8431,86.3176943090743,22.918687497623228,194.14535677587364
8432,120.92274706060188,33.78856267277763,242.15326648949738
8433,66.67060011375538,17.39480077438105,159.98910170281408
8434,131.95085687286385,35.91829376544848,259.1657242013869
8435,134.79338911455014,41.20021681177675,250.37164265816727
8436,108.31964641164657,29.07792341104009,212.72595192863972
8437,64.67234241636237,17.202745400809516,159.19822806360028
8438,74.23198238139092,16.051291554583546,165.36574023316416
8439,138.39084384641635,36.01559768769205,238.20322765099294
8440,67.75436915279991,15.812988906936562,156.6269233882027
8441,85.05851640425291,23.51444770663648,184.5727092077825
8442,91.8778245364794,24.8169137693428,192.88692047281367
8443,132.21604654681238,34.25250110972089,245.52096309816258
8444,72.48472159383584,18.29940963519297,161.09816427212442
8445,116.19764880189003,30.696211615212857,226.72421601426558
8446,76.34151889094467,19.814593533253625,189.20408671648167
8447,132.36893591710006,35.36578095095691,244.00592904854614
8448,139.62317282130502,36.336270208515906,239.9238452126574
8449,74.77647169979885,19.8420410156609,164.2765360667805
8450,80.0675576570081,19.553588623910564,172.10823383328588
8451,78.12697790306551,19.964858321116427,179.70417470887082
8452,79.93530017500446,19.688083423282233,156.8809689060774
8453,103.66741593120206,24.022364431171702,190.43945523696166
8454,72.40482555604997,18.5022544598203,167.348593695063
8455,146.30873736653928,37.108204692458344,247.5988794279654
8456,69.46393299397917,20.917567094668332,162.53196083802234
8457,123.24377681244124,31.896887001181113,240.61061589975827
8458,56.557175652244176,14.349486108904692,154.8308495039392
8459,132.1365880429045,36.60229077296477,239.59441751056235
8460,113.37705940533999,29.995200678582567,210.84026971267704
8461,139.63582159301006,38.49404722597945,246.92948290506075
8462,122.48835900383563,34.86009678829651,255.67558706230415
8463,91.72389839733364,24.780437499094088,187.60351273202133
8464,87.9207252193648,22.04351080855127,191.47411719269755
8465,137.13013112871633,38.95750190149186,249.98530027364106
8466,93.7813520504793,25.212219253093625,192.8825054835821
8467,68.51075272022582,17.500115735589866,155.42730027625115
8468,110.42376342417225,31.042437982886657,213.03690246560873
8469,91.21691779797787,23.0630133921433,186.76067948797666
8470,82.73881765363106,21.18431226749392,187.7396454632432
8471,83.12466740857467,21.216009307310884,195.25789312654695
8472,93.40466492095193,24.072842613050152,205.25264094057778
8473,60.02006142311442,13.17043508978716,136.10608995895845
8474,90.64731882689627,23.006287749091452,197.9897850991778
8475,133.81564776568197,36.92061928978496,250.13722881943863
8476,95.63752116869388,24.196322069968176,193.42559591443333
8477,57.48811502329681,16.440976944398745,158.50974829276205
8478,130.0399127912534,35.323559528929486,255.3199799717622
8479,133.775426117644,36.71115265702253,231.83424169755853
8480,128.62702911260962,36.56209442992289,246.713961970369
8481,71.0417178889583,17.610360630398663,157.3145973163271
8482,91.29064783588386,24.7232824765936,168.74327883666444
8483,100.7577850508308,26.577812713190642,211.142321298597
8484,137.9773985150188,36.007462186953404,248.2041761311847
8485,75.56670140897675,20.572618966386525,173.08022408106754
8486,82.61144171520293,19.440039205167714,163.02578470771837
8487,77.59194143837401,20.237501283236504,171.52998685545728
8488,124.6554821203652,36.09083415384897,238.47244470881324
8489,97.83941625810841,26.707610584129515,215.29167859074968
8490,96.58921049364547,23.35641889121465,201.99518635106332
8491,87.13340405413915,24.417784051741624,188.29293901376096
8492,76.3020877985801,19.998189243224072,163.08820393737832
8493,61.57948149454255,17.689106671199884,149.9186817001012
8494,134.96832015867975,36.80161630448533,255.51493493969724
8495,116.92229058202041,33.51840929327256,234.07543579406976
8496,138.46829743173757,37.04212840069541,238.41782752235227
8497,138.95415060467198,37.48947423070174,253.33709916488888
8498,124.63885089700354,36.30570651316815,235.32474806605882
8499,124.7941747324087,29.081664947873758,211.39625869761088
8500,90.33763643906,22.537371275100515,187.9184814882939
8501,66.0265917790535,14.907455272229711,146.38106593682397
8502,100.66964292909744,27.095594614917406,223.11308680436315
8503,92.3638856798349,24.403136652957436,196.728584069583
8504,134.70797983419507,40.68236812966234,257.4069270499459
8505,71.03387978951157,18.397215463480915,173.138776101951
8506,88.52154920493952,23.2095167536523,192.24942431431506
8507,72.56688925817168,18.244651244413333,179.84161383262673
8508,107.40350411472757,26.457631691671754,202.1630966363425
8509,140.0385918558858,38.938764495114334,260.59521389771663
8510,89.4539410129084,22.922614421790204,191.48289026547488
8511,110.31628248628066,28.88165126064136,211.17977676966254
8512,126.21645776671012,34.01301409852501,241.8035781898789
8513,82.76410021590154,23.154226173835205,177.45679465004164
8514,76.16793455391831,19.40497679460552,177.35155482591304
8515,78.89942580345569,21.751514338627665,176.63000557666987
8516,88.51507710296306,22.227773081442887,184.55381418669222
8517,122.65445409552977,36.53140566112216,235.3648220596098
8518,138.71017852796948,41.52620892968388,240.42441625588484
8519,58.50151863366636,14.849106718220236,160.24150045725386
8520,144.66362020528032,38.045972478524796,256.9863646022032
8521,54.3199205253357,13.803322729308416,135.4744140457906
8522,61.47979304096527,14.666958618470963,149.96589263357833
8523,63.561293120375176,16.468128855807375,157.6963818827892
8524,69.18290356344,16.814004179822607,164.91714797948987
8525,128.76405075998508,34.957852339595554,242.01376828180497
8526,73.89110681535668,18.152641668364264,151.49084001811968
8527,58.18023799079598,15.17835106793084,148.83690678138422
8528,86.8915248580936,21.055631866911884,174.2885019760295
8529,87.07482021222434,21.789025528314525,178.27395388939718
8530,119.29855576034336,28.870231995365888,228.0873510842176
8531,140.92373799190793,36.64154434848226,255.1675496412188
8532,71.0741245825782,17.434969924613096,169.3676858926963
8533,128.3235016551439,33.93261378142561,243.22609646184534
8534,90.34165514340638,22.563483902591035,190.8626538638604
8535,115.1158905724282,29.649605656123175,233.40547761848026
8536,95.29645281591307,23.274940850740908,189.75062835784647
8537,82.48893457228193,22.38217592428106,185.31666668283313
8538,138.25959501356377,39.53570924818191,258.6080597461308
8539,68.48960235949112,17.240028276247838,161.93073161648883
8540,138.8511998469887,39.935358663098874,252.62501864324736
8541,101.11144683620161,27.966463942052176,216.6085275597662
8542,84.05663868136632,21.096417102378233,177.80324533199118
8543,82.57455463360475,19.702490755412146,177.92373253263
8544,130.79826314743067,32.74605508276449,233.2388423523768
8545,59.674200097833655,14.702605794607514,149.3800827231939
8546,130.62032647461865,34.533010011239845,254.60209874716
8547,93.60118997302425,25.292976895966138,189.13439445793986
8548,63.364559575498276,15.274641701990559,150.4834969657022
8549,61.667359532453695,15.843677391723537,147.94267274095571
8550,79.69166237337218,19.341488662911456,160.7341041932299
8551,127.31402200318159,35.475738305983334,243.56679826594961
8552,79.83739773990116,19.18723104872745,157.93814513333695
8553,137.29833049404962,38.02833222211871,250.41258036792502
8554,56.46615615957289,18.381061755104387,148.18017453688958
8555,62.74560487011928,15.7055992682417,152.77678534757862
8556,87.78007525254536,23.582008052711654,200.86564280229496
8557,71.748912942518,14.90296774801425,154.29025969305562
8558,119.075520075384,35.871201482624635,242.651838531688
8559,94.40569760231683,24.8582126559922,182.2775389352191
8560,77.27501069841232,19.05487486579518,175.72616296937937
8561,82.18404936387893,22.415729307120305,187.04707554163897
8562,130.02456334072676,34.845295760695706,236.81719436586636
8563,129.63413929746636,36.575503882417,240.19338317043005
8564,143.75415754017126,39.01838170527348,257.03853337244794
8565,59.12006444746264,14.032211262289456,149.65840966004748
8566,95.7436942519767,22.017396666297987,195.26104389330962
8567,137.31983546755694,40.6036075897759,267.2028269091862
8568,140.20179260629922,39.284684515880635,268.64939497776817
8569,68.0819736435012,17.7054981356665,161.97196883221764
8570,91.08515764141212,24.682940203071272,196.131981751504
8571,56.18586731697592,17.047115073530012,149.33478921746453
8572,68.67554697023068,16.93188505779904,165.96068488464837
8573,109.1521473316691,29.581870855755003,222.19447930974323
8574,85.29227576863144,19.857404501590477,172.13198382061736
8575,133.806917828333,38.58034239765551,244.1468860909903
8576,67.06965077496834,18.15305312734891,151.16937318851123
8577,91.72068841869402,23.888485531199883,191.49983922788047
8578,96.20471643070809,24.125084133921753,187.72115451754567
8579,61.32179539114818,15.145704306171261,152.93076763444412
8580,79.01260691249159,18.660195125960954,184.56643651622434
8581,113.05629146595324,28.78650319213698,204.35670180221706
8582,81.00994018207969,19.25375278463305,168.72005354565871
8583,135.730423837416,37.010632019135166,251.90343047127732
8584,98.58870867344528,25.745302891204997,197.8903610416657
8585,65.6095712232915,16.833757436631455,147.17088665458775
8586,55.734111958008945,16.188154413704037,144.55478121781263
8587,132.37453181711155,37.69936122258569,243.5836846601047
8588,85.04598408118578,22.20552255536976,169.82223776445335
8589,134.2447424448008,36.448848940249626,248.66753120768914
8590,81.26033030410107,23.648655013851247,193.94161629100168
8591,135.91929895149994,36.902397682313186,247.90003458675017
8592,75.02646973895712,14.96333216350533,153.20761876110657
8593,54.95335894468885,12.806642443710805,144.6314894600579
8594,132.8752254527416,36.559151439667126,247.2966754080605
8595,73.48357294198809,19.40275616649858,163.15064180740418
8596,135.05832714377956,35.27183727047052,241.1802583235839
8597,129.43146261328977,33.752964965525116,236.30013649131777
8598,59.54205652005245,15.058966496709983,147.21719970764744
8599,139.99393260100177,35.72161237992902,239.50237196989173
8600,121.41607207611035,33.26970146858573,224.7489016578853
8601,66.30690359113198,15.481882457933535,145.46179796897232
8602,83.2523435863756,22.953581221393012,182.97406869511218
8603,144.8735741974743,38.81526072848187,257.62622308075316
8604,68.2729272147177,18.25874224833898,165.9763041325842
8605,62.03955554640861,14.662912224136672,149.4518754374644
8606,68.04877677610953,15.373620299592906,146.98494191919067
8607,85.2771280129733,22.555274411945422,177.7966756558536
8608,90.74110648823697,24.148388643090158,180.05266152820818
8609,122.37745336033176,30.94718903329654,244.51840428906044
8610,140.70257115257846,38.91562554263998,247.68901480685471
8611,53.779502769363326,14.875413598665947,151.41533344420023
8612,130.716373417053,37.407888863523944,250.52774593661852
8613,141.83974928501584,39.064143876037896,263.60907246370357
8614,77.53004613319172,20.268279943341103,178.42064190458416
8615,84.5614194787244,20.881878622671042,177.28626223400002
8616,139.2223578739815,41.313789517037335,267.48150810180573
8617,133.4586607546302,38.40162520661171,257.84159873674645
8618,63.94225458276587,15.072491754722384,137.22902858981936
8619,74.54972105436904,19.100237060741943,156.31511846112525
8620,67.23052922872743,17.356716010238273,159.84736201064015
8621,123.63279594099971,33.7194974191139,236.8394742819767
8622,81.4472081333474,22.324917674540945,197.14347351151
8623,60.582728362254265,13.905932908780574,136.28190361388974
8624,137.95883125856056,36.835608806940506,252.6361248789099
8625,83.88209740184026,21.045332604230666,190.8286157099576
8626,126.93447862664719,35.299680194743715,234.6163272830424
8627,87.31673176116219,22.412746203559298,203.47614012130668
8628,136.94398592936753,37.99457473064253,252.37177415514583
8629,105.21720481915501,26.196737673820028,196.32534388022168
8630,83.23386549011083,23.181403592074762,180.43300212612073
8631,76.30013319205717,20.055324665565564,168.85491970742325
8632,96.45471243391479,25.369703317670602,198.39218617699578
8633,62.00917208783353,16.977598676800596,153.32451942832571
8634,62.970740064694674,15.622510663033792,149.93025021339096
8635,84.2754438475779,23.170551706202083,173.10097977421069
8636,76.48038137440848,18.140415784150445,163.61930534665086
8637,87.7154290840899,24.087417057435363,168.04592647086795
8638,58.84278277798263,14.370835443301262,146.1581531446965
8639,122.22174028019798,33.69646465173354,248.2302966100087
8640,134.1168272668448,35.42113887195875,251.69516541649728
8641,70.31769907101283,17.56197398368914,173.2920176566803
8642,61.50136535361707,15.295800138015792,145.32862154547487
8643,95.80329272669424,25.80441985119863,195.91364309917637
8644,86.56599341528444,22.392759606589877,181.4607726010345
8645,127.60687824764695,33.73796186068413,245.51392158913782
8646,63.42189520391396,16.31526734865444,153.5026578481475
8647,62.18608011269537,16.134952805728954,149.0803308758511
8648,75.33058356851454,18.472583898055372,167.99714023386358
8649,82.9389355581953,22.878803436054323,192.62938614646495
8650,109.58239647907189,26.96671970061329,212.7866061277064
8651,95.08124909183418,22.692308327859667,195.58540033312931
8652,73.44824310789387,17.117181515778682,143.7426754776773
8653,101.82303311951891,26.29951363917267,191.66097550105903
8654,132.30705462054001,35.11802779740891,238.37342877998336
8655,69.12037309185429,17.02320172804926,156.50177772161518
8656,65.29038425691483,15.181486804460418,162.62235914826996
8657,129.4560649849856,34.8013879406406,238.96610063598425
8658,86.21447452710426,22.68951367162492,176.39390370292196
8659,85.42572671850867,21.28539340373244,176.6466852472466
8660,139.0820868501078,41.12811038444039,246.45582483533147
8661,61.162845219334564,17.542404461328378,149.73077970482947
8662,61.706830754360396,14.850189658008722,145.7838089665953
8663,83.98181093266946,21.617883185659206,178.0388133464995
8664,68.55625531590267,17.663104950962513,141.37413901039915
8665,131.27136243212345,30.135357980952175,230.1126592191803
8666,134.22478827523932,33.28834258369688,229.9955152760633
8667,84.11323547335282,22.41836841656904,184.84969417738236
8668,100.28064115565151,27.874633496073226,217.5662478115684
8669,100.16813334240477,25.053225194222154,205.8813829620379
8670,83.35652156549438,22.763938187423715,175.11056101670445
8671,135.44223053498555,35.91455732725314,244.57005725714626
8672,79.02936165192399,19.018767931104275,163.29022874459662
8673,57.30457287209823,14.679447803340556,156.73905957113578
8674,94.23082219058834,25.26684856111945,190.21991181044694
8675,62.87755762425069,15.677247444015045,164.4391390396522
8676,86.02568530201997,21.57037632097953,190.6940585930526
8677,75.85074125844241,19.582472482977042,183.11734721982353
8678,76.36299506911527,19.536781898227577,172.7635827697247
8679,133.68300916184413,33.311576785054235,230.89725368246545
8680,68.60918291671301,17.80000477758107,170.03249924472104
8681,64.49276774208684,17.808537223020647,168.00810318773193
8682,81.80211202818039,21.520311277364605,182.85066874195527
8683,91.1174242416288,24.805772503585754,161.15324584250754
8684,138.0533661851421,37.158932499611474,257.1707459619442
8685,59.32249279352954,15.893669973851756,153.85225952252802
8686,97.31157043783641,26.596526417385927,197.81898240389114
8687,94.10039133653318,23.88910697081712,196.52271951553567
8688,76.38293229309849,19.74990884389287,141.5068734971682
8689,100.0217721961761,22.974083385905487,204.86518098689518
8690,95.61219367464253,25.23720842526536,215.07631982352532
8691,59.58897707911226,14.342930600261722,146.87735726369138
8692,133.86225208273723,33.1991751289336,247.70422988834534
8693,92.61184712977392,25.629307650171565,181.7147238434978
8694,79.4578168965312,22.598156674757778,178.31352740675717
8695,97.29732904535189,26.662106866378817,220.78615515630045
8696,102.18192899336624,28.687985017116517,236.66775907381424
8697,136.51847855304442,38.55386595477916,248.5274935472198
8698,115.59361756334238,29.592654035547756,226.98395294600192
8699,61.80097670712443,13.402609022363848,139.55733678300254
8700,134.8238761510345,36.687056461448144,247.13743773317205
8701,134.23031696271633,37.62973484324936,242.14113747716715
8702,75.56219410412216,19.325651337020457,174.19405796109808
8703,91.31150132118674,22.274146291034608,202.2460818607549
8704,116.94258345724641,30.25328925911246,222.2974822429127
8705,88.93489549616521,23.022104380435554,173.95035819199782
8706,67.53077305481246,13.640310222453385,168.72445256493378
8707,89.51480307181782,23.844067446031858,176.5994718122009
8708,58.71527331526227,15.531242869050475,153.25543686135867
8709,68.9350206140251,18.078897264860554,166.28765207824122
8710,84.89867819897513,20.53268898594568,184.81670541166602
8711,89.03979461723438,21.68860648576212,167.99318588597868
8712,93.22955434711072,24.558776419167014,195.78905794917014
8713,85.53689159766861,22.16391533177615,183.65863171418033
8714,63.60297082343637,15.59368046112278,151.69578856752386
8715,138.49941876117308,36.648121508339564,243.82337924433477
8716,142.20972000397236,36.91431545671959,251.74804677513734
8717,123.42404800456455,35.56813344668601,234.04527714024996
8718,112.98799456616213,30.61962593239234,211.13772415763256
8719,140.92011208730085,38.304447388971056,249.68886836166482
8720,62.31892146757142,15.051881041949065,148.21705736584235
8721,92.83371474605866,23.51043951528595,196.57873639922636
8722,84.45280229812037,21.314881683448355,197.11618852672743
8723,102.40932718270189,27.645602451440364,191.38613922342282
8724,54.99623252538145,16.02933370643822,133.58622372487065
8725,149.30580605027572,38.33266933849943,265.6259740348141
8726,86.4409368075962,22.567899609649533,181.0932560115297
8727,67.74997077520958,15.786975013141435,147.90270191332158
8728,120.780490822325,31.511589295917364,229.1985159174907
8729,64.50678241867416,15.418107741057936,128.65719709568523
8730,115.11031345718584,32.384560474170364,223.57237964959202
8731,91.77866755853893,25.474728806297712,193.23626174841985
8732,91.09613280758718,26.58096692674428,190.83113932374357
8733,99.61185378139818,26.78619146986071,198.99968674700534
8734,63.41608677301347,15.582743298030843,160.08175156181488
8735,56.93859222903742,15.440155341162132,145.4496755284608
8736,132.7590328967287,37.43610416664388,249.74290378187752
8737,71.42517727646658,15.949568285181654,172.03441216409598
8738,76.07222552631343,19.544116873226855,188.77090113377992
8739,70.80844883219468,17.409972056253242,168.009521747442
8740,137.74953767082584,36.705265173622585,243.72244769769034
8741,117.97843588466183,32.49573246060712,216.70997887187983
8742,64.10396102453551,15.448303014679793,149.99934627398147
8743,61.43916317210546,14.224608511395278,150.07487851713122
8744,62.77087541810058,16.18692262008159,154.40978029720335
8745,129.0316590129652,32.29999844835235,230.4751805957383
8746,65.57713944692655,16.549612100373594,154.22571328527434
8747,65.90988333090816,18.315572698101654,160.11184971826637
8748,80.603045593358,21.43820031228083,182.53488922936987
8749,69.17873925705281,16.67174915693651,155.94146329219274
8750,79.35115840896715,18.75450090648366,169.68349141228416
8751,134.1581135280269,34.51811476109606,229.86822443677022
8752,94.78804559846985,23.68621337018732,188.30537393391896
8753,90.86170362154871,23.016522384276957,184.66223135717726
8754,95.55225241270587,23.79744124215838,199.92716404333206
8755,135.49136981617366,39.52582089381774,249.16017180788666
8756,136.86532241208718,35.893927519455694,238.06684347460276
8757,94.17431239447748,22.718413636812603,207.17734505883695
8758,98.19316619379217,24.458895398499692,185.32657507032468
8759,89.02422520777723,20.849967588905688,180.09816322384364
8760,59.03401307382165,14.768669858202804,154.08848215579272
8761,67.08823551799968,14.842233602856169,142.53034548890352
8762,86.6747254648307,21.414377363869125,181.71530832665925
8763,139.56044120668057,37.93684544033707,254.84520593082516
8764,134.3952253284386,37.718814660371336,238.50267742130168
8765,67.10007477725908,17.725500650458752,160.72296865735782
8766,80.90466390703565,20.573396830926608,178.4720167014078
8767,84.06968082994284,23.520629669063574,195.2713288466533
8768,82.36929502216411,22.129957909676722,167.8716500465835
8769,55.30828494548171,16.007013006148757,146.4990662371414
8770,91.7561942318136,23.690736329733895,194.48093525372346
8771,89.27182779890427,22.96088922505324,211.8412455448417
8772,118.11533933716531,29.674638768164062,223.35241415994724
8773,109.3789728607419,28.467539994773876,206.39302415881266
8774,73.881699749336,17.19178100256001,161.0765250088733
8775,138.24088165741787,38.07364409612392,257.5840536303328
8776,58.80344210094851,15.066779364140146,145.77639940235596
8777,127.9509030858478,37.81131693301097,249.78580505077693
8778,88.71163159550069,22.34206475945383,185.01393977633668
8779,88.2083041001744,22.17071542181208,184.5134988406916
8780,57.06012717636424,15.044127244736655,150.06001595238573
8781,75.76057339915653,18.104007955021526,155.8953755771888
8782,133.58433555430156,38.276330780905354,259.1852170523008
8783,97.717543897662,27.77964504911349,207.80907659450813
8784,133.79886431677124,37.78793075017405,246.63376175366673
8785,131.77936913478862,35.66374410906965,245.895941826876
8786,57.64220669392436,14.580218824383136,143.7392295282
8787,67.15237353498053,16.44647630485534,157.3341237034093
8788,88.74455023670889,21.960058642539114,184.96218598672496
8789,63.56605783395595,15.652273895764052,152.42351319946522
8790,85.51706025243051,22.68909775748013,176.84092941727917
8791,133.6613983109287,36.82048272967919,259.0178498043851
8792,70.03139533845759,18.171026462857792,162.1671142652124
8793,70.8711183668403,17.671171287445404,150.29910027691344
8794,81.19620451745692,19.155686891687832,187.30783591501088
8795,63.22253300781124,18.020136574926635,153.46727571957277
8796,59.906460497008844,15.748741855141182,151.0021023015814
8797,76.88189322745214,17.39789699448492,152.2154576224736
8798,61.0984684896698,14.430319558119622,156.84665132300577
8799,64.64420743469721,17.14155530060879,168.02723492103186
8800,54.27621169856332,16.721317650741515,142.910716756771
8801,70.37248667592135,17.97119105242484,160.8027833798781
8802,95.3187704955166,25.731234882839022,199.4355870496049
8803,63.009698287098395,16.595158741063603,152.78589675434264
8804,125.48307782484464,30.031251411938268,222.8058519386679
8805,89.53781972276929,22.31195018381094,190.86992591649343
8806,120.96626851947573,34.34400718171855,236.66929264361548
8807,56.512669065378994,15.142915728305029,135.21146344879173
8808,88.88904157374027,21.78048945933236,181.19356543942203
8809,68.63686626256019,17.16470112732596,146.53369379648342
8810,78.60999983476073,20.166543363499198,178.03077903669387
8811,93.1749726769603,22.01174595567124,202.28196964842377
8812,68.28516813055506,15.26934028374306,143.88205284210878
8813,142.6045522328058,37.341485504750274,252.25673230413773
8814,59.512892384646314,15.798485741866587,154.89936253818564
8815,127.71028522920862,34.7634837896627,247.3711159565631
8816,98.80022302732168,27.181069359825972,197.89737106017893
8817,137.17312816318955,38.81318310101057,249.4830987015619
8818,64.08877135040332,15.434157174588004,144.286314374805
8819,125.23757139529128,34.563007619324615,249.8792312396466
8820,67.45092159235055,16.582037161914034,139.7203317271475
8821,70.78916365717562,16.0727628948977,157.26637645635057
8822,139.4719722114625,38.99246297278183,251.1966973010834
8823,60.64086576733805,18.5606701964112,156.10410370668012
8824,70.59439512969365,20.946691952799863,164.8278400297062
8825,140.08111608092028,37.57504841721985,253.81549658236762
8826,90.79386842310332,23.83424301527788,202.5830765703242
8827,113.34373206490007,31.612144971385373,215.62381708693917
8828,85.94760369440777,22.752909246632065,187.3969383104811
8829,61.03910860813911,15.981362154476143,143.0936849188976
8830,98.83059023474354,23.571305653217973,213.3603549409733
8831,55.53921703607288,15.166157035038493,159.5361374715736
8832,67.03355640042618,17.696056208921018,141.3296418398053
8833,79.84985026905589,18.27450120826443,186.6870864877899
8834,120.62114281863047,33.138714799977485,238.63343401979458
8835,131.8455282985482,34.557170749522,254.3487918621274
8836,65.73460149239715,15.151599582356303,145.71952260065484
8837,68.96555555037311,15.342230223278333,157.91938951763603
8838,129.97442696431452,35.63591384281899,233.55191083265652
8839,138.66143892791436,36.569186375810155,255.10024909330448
8840,79.48600805441622,20.40460775397835,174.0891113539477
8841,119.77450932047678,34.66619107788447,229.75334613233784
8842,132.59748283962267,36.97646745721243,251.03317437474837
8843,87.26650875164991,22.863600456282537,183.710663212461
8844,139.40639332244874,39.68734109124612,251.46547234409073
8845,77.09873636678243,19.309930160641674,159.22939866934325
8846,83.03540768657054,22.946196301353208,186.70743552702433
8847,135.0614351358603,37.3969267127101,250.4174685289087
8848,132.66745921289433,36.32794808880207,257.7339644227798
8849,60.59973004840531,16.284176753737555,134.96146498333118
8850,58.25757296360238,15.596935082192685,149.6010086857714
8851,137.11480025160782,36.84383562723536,259.0284015369162
8852,55.638370070777704,15.590382728180517,137.85959899267831
8853,70.63316706394428,16.424761918690763,166.66836220072489
8854,85.25059663201007,22.044694683661856,187.85516857813005
8855,67.96680323412471,17.088997722619876,160.2934832832623
8856,70.5868608459209,17.09566152136155,159.6178914574953
8857,99.5748002288577,22.81615533105192,200.28783126729564
8858,77.26164888679342,19.497376102713854,166.55777183894568
8859,139.08224700290344,38.15645092923944,253.83080020443109
8860,126.23824592219403,33.250243403631956,217.87642597185007
8861,53.54395986440753,12.283395177501168,156.40038842347778
8862,84.82961688881532,22.606459422432746,185.05961166796456
8863,134.89928620388767,36.18564950769484,253.81212294424066
8864,131.53083020667006,37.35038539254429,242.10906343718256
8865,85.01680000214897,22.336112339389114,187.3511710013265
8866,75.81972754823448,20.65460762020895,173.5888032786403
8867,68.3090431307214,17.020874912275314,157.89507639672632
8868,131.17123783226643,35.66774725764744,231.81252890308883
8869,140.1713904044539,38.26204141165876,254.76884148018473
8870,55.63809498320514,14.397925208895158,138.96384893603357
8871,139.29394784149147,39.26357529726529,253.3997248144489
8872,62.38772120475975,15.657290883949079,146.510000550455
8873,80.58823298813961,19.730915380001534,176.1457099207988
8874,72.2690327972592,17.48184920638539,158.23742650320943
8875,141.2388551836261,38.46634532580414,255.7916887486307
8876,64.42848786456538,17.688790353647956,160.9529206759639
8877,76.46200251086144,21.242178706843365,181.6981494365394
8878,58.03661105961883,15.371662604734864,141.79502987917675
8879,58.960788753564174,17.760463018770498,159.06840765602905
8880,99.44469413932605,24.931419494431214,185.23791301815328
8881,135.47367062466117,38.291775559368595,252.56603998090085
8882,67.18107118585102,17.418611750370296,161.94041249393686
8883,75.49820193647537,19.133088186615247,146.13497034146727
8884,97.46095364307497,24.716959968708146,198.6193622270031
8885,83.1697085600991,22.534001260428077,182.2616763969336
8886,65.51042820609658,15.919118473363506,151.21676852702907
8887,84.01244819857611,20.47473725025908,189.15567311433736
8888,88.1932313547196,22.769760078995684,175.51448216896392
8889,103.17257540018653,26.571453020093546,192.10326572777774
8890,83.07946684480238,22.59866591530665,185.2830235104158
8891,97.5536604652093,26.50904726500168,221.64879283676797
8892,137.85166072857083,38.366957097955286,247.61653840045392
8893,137.42611648957902,40.56302171127971,253.1013073768208
8894,57.49461007262854,14.722940632182377,133.96108273506184
8895,83.0048750224553,17.768583556578328,173.43205699858365
8896,74.09804401265062,19.735762662067028,166.84797904886798
8897,86.93864792398519,23.627253894142253,172.51548797751468
8898,123.20969075101742,31.485993836318972,240.20080024994897
8899,83.02883623645069,21.133630305393222,174.31245547378583
8900,145.1490030719352,38.71875207850767,244.6346964542781
8901,60.20806712077649,16.02502843925419,147.2472600022896
8902,134.63401924373946,39.97809936285245,255.47810133430355
8903,77.18818696957442,19.953404094045208,167.46007699965847
8904,80.98151051023639,20.478868641778252,185.20728470688854
8905,117.76553017755116,31.648762418930286,205.2360868131228
8906,123.55562315687025,30.22018719431102,238.95458020181044
8907,134.48305496891717,36.27186116924744,247.42157308030633
8908,130.19484864369,36.14271604257865,232.30421793070556
8909,129.04925930843783,35.999759389759426,238.45447767348895
8910,142.4335243423773,39.6283882593173,270.7800583632367
8911,80.7654797604689,20.036805800169116,174.49398630412526
8912,89.77172253244169,22.787315863543892,193.35876566966962
8913,130.27401556831936,37.34088551448049,256.2893666664991
8914,97.43881648964133,24.646753645939217,178.96660222675447
8915,84.75230950246647,21.45513930396714,183.09461264352328
8916,61.74649897608236,15.816361616359275,144.49053916252848
8917,115.74504470977527,33.98719385831061,244.0340223093318
8918,87.54577214109109,20.786639714717193,180.50417539104436
8919,59.25489607185741,15.560674759012077,146.6376213130201
8920,135.1979270492188,37.30289853879552,249.18271250610363
8921,115.78855908531294,30.91296374453321,220.62039499815157
8922,77.28838386510152,18.181677428976556,160.87153649747214
8923,122.9432381144379,33.73336694990618,232.79621103381538
8924,90.82475765553126,24.22551913053844,190.56720129669344
8925,64.38511009201552,15.257785740913969,159.37778042219904
8926,135.39674328320473,36.75104854123544,242.1204638631754
8927,126.31167481715877,34.25823259587255,225.35104405627413
8928,69.49052832380248,16.366845860909674,169.0173836662836
8929,78.4816495987463,19.61220662495847,169.06373936998486
8930,140.32409497189494,38.2712693996013,259.1315761780547
8931,59.10396493730977,15.88546279109614,151.39744138724677
8932,93.55472539344093,24.876023089352312,176.9371403817369
8933,100.55240542122955,25.970614302818795,197.0931676412923
8934,89.56538132101842,23.555642514672495,187.20439642254067
8935,120.18469501882372,32.22379187412707,243.39803473088193
8936,125.84435025311281,35.335505058563925,229.68320675593114
8937,63.57643243929132,15.77692877285586,149.85577470410166
8938,140.11217822033692,38.20598430517014,255.0391245044618
8939,55.71698086198056,16.754234535498018,152.0405049330483
8940,97.91655556485483,26.164158205282614,187.71567652595738
8941,65.41911864089354,15.076660031464938,143.48014243292047
8942,65.09359015101485,14.357020123008141,144.83124823814953
8943,142.59640920898377,36.18544285454815,251.01336208576424
8944,143.93405793347566,38.87085015864565,270.2740443737608
8945,92.53218588303513,22.488392171295782,221.26623080561325
8946,139.04363472861186,37.60881454592344,250.43308599575536
8947,80.74225226895453,23.058944282815222,196.01463349437932
8948,134.04375568069113,35.97454608898247,252.29358192225268
8949,105.14834045759302,28.10428683219799,219.8148999116427
8950,124.23623483861388,32.207162438913464,225.23153472122632
8951,92.57135592934885,24.69278472961069,192.03594554717162
8952,74.07090644979532,17.898090555568768,175.23101106992524
8953,64.77587632122597,17.622992081994205,141.8139176514886
8954,121.64465157245661,32.61257552064226,216.38794928531797
8955,60.073416044506466,15.660659219591226,145.53621157951827
8956,104.67908977240872,27.82621432068581,204.85430235874273
8957,134.8048325345276,36.87713842200281,244.12032381910032
8958,142.4787796308688,37.84288120761348,247.00630270020363
8959,124.01890405285552,36.001105639511806,252.92973613004827
8960,143.8008578794223,39.710152763850665,252.4378590978114
8961,102.88960065155693,24.323644700827213,200.31224757834715
8962,131.12778781898132,36.056343667355385,248.33597634069858
8963,70.3370621471225,15.97709109469199,148.3218371844989
8964,66.74273516856319,16.518310744841738,149.7799412781057
8965,132.03606793489453,37.1261897834214,257.771451166665
8966,74.82962313845455,19.109860957953597,172.89381054319912
8967,130.70251629403765,36.073877988970715,242.94612350434366
8968,91.07169760285187,24.332031890092253,187.67516335246214
8969,108.95482612992298,30.30730718486033,204.28568552292685
8970,68.93039609783652,18.423214799725756,158.86636546077656
8971,70.50280550024002,17.56606609167874,152.54815759757855
8972,127.68646983418371,32.781540772771145,238.79541021398236
8973,89.87788526554546,21.613851306436576,182.46739878206816
8974,95.29116919445313,20.88357898972323,194.58445705039864
8975,68.48243306749869,15.585023645492084,135.88719763179185
8976,134.46713807982619,33.582779056930946,238.77811498158266
8977,98.10280059087721,24.076727551797138,178.2203563103606
8978,88.58653987832803,23.77596260035798,191.97270383244765
8979,135.8898379979938,34.784842246483855,225.53206329520054
8980,61.48010804736846,14.501403888747886,163.28960223261083
8981,85.24342483771677,22.738938112761467,177.1121477274584
8982,139.4222742836313,38.35791333009886,254.27795552778971
8983,110.22570185224747,27.163235714941028,208.24725845113787
8984,125.87796072303378,33.19556339149931,243.93792527173693
8985,75.51682476380377,20.873762788675446,177.45213950566767
8986,80.92513712760964,21.089423341689315,192.60613406252943
8987,60.02417662151496,14.950161241519163,150.79055231649568
8988,131.72224843611318,34.72129834656958,242.18365682846485
8989,77.63906261735492,19.325006810069603,161.5741925683472
8990,134.17498239429653,35.153373232940645,230.05789033376723
8991,87.08449691092598,22.960585352329456,200.09346300412702
8992,85.28858446761605,23.86070016681776,197.65518490683218
8993,63.79856670015821,17.57096229523388,159.63927460284643
8994,60.18311417374135,15.452475636374635,141.33241813613807
8995,93.66970571649658,24.830314235936665,198.71088945039241
8996,127.8972088932732,34.34877364492296,236.81624057551593
8997,72.65836039804803,19.107672121913204,167.03451568897182
8998,142.4125872481138,40.14564335284021,250.88646912407359
8999,75.7744907653087,19.098518575502435,186.90093603091432
9000,131.73525987014787,38.93640292674795,229.89691820804103
9001,137.4407777610655,38.89976231036656,269.462353058959
9002,137.2308445712592,40.920126047282274,257.7024866065997
9003,85.54449013225316,21.405173939856613,184.1378452479302
9004,58.669907828541504,14.024050940498434,154.02176206350148
9005,119.73212350702119,32.832115733534856,235.3072600781871
9006,65.08772156400882,15.691301498329937,152.11931526040397
9007,105.74860142746168,29.152293893949686,212.55514261324262
9008,124.79489419482523,34.767032007955,236.34050625310627
9009,57.04485835220773,14.060277230660287,151.34682268591015
9010,138.14697578720225,36.31832342667152,238.3555203069096
9011,101.75848419465794,27.2764187687572,213.29801752643837
9012,55.6477780736683,18.02990387066176,141.7320504134647
9013,74.76971806944836,18.907339194649772,168.87463945353593
9014,73.74201657441995,18.869074098604482,174.29862268370988
9015,100.77367294029827,22.212032389416212,192.94316427253807
9016,64.17533667000505,16.787217153754135,152.90876180646163
9017,69.8130248882343,20.39292211052688,181.03509648842052
9018,75.09078822392179,19.651675853143846,177.34436764613267
9019,70.2756558494646,16.584632359859473,165.7678138102249
9020,129.2835917773676,35.90664484347439,258.4869012557832
9021,97.5078830294238,22.53342321011829,203.89629750281253
9022,136.90779905750694,38.2919981084269,250.02719435323863
9023,65.00394220802183,16.048755042213102,156.96831527867627
9024,105.2854164521281,27.17092127504495,211.92290241160012
9025,119.81615409013513,33.81889277349773,235.03891022416897
9026,66.60990682501,16.577380035935015,158.4057143517288
9027,128.86008814060645,34.945613769129956,237.93236154565224
9028,64.21581222062247,16.836224785393025,156.44836657211656
9029,148.1940223421312,37.946311748722515,245.98677494313276
9030,73.83179571776034,19.31260664084512,151.00617231798336
9031,57.77934679938139,14.571809834197206,155.05233921825808
9032,62.210570820849306,15.10078822907016,148.53009534956445
9033,61.59031814023084,15.341496524486084,150.84668730586552
9034,128.9258829509598,38.29259508742094,244.95532667491227
9035,62.87879266259532,14.810065698095448,148.32696871451728
9036,80.91279942184407,21.120321009400904,179.83778560369214
9037,70.16160470498049,17.494849388374003,162.22045117935974
9038,134.11153120109734,38.29506101579722,240.8357332024831
9039,79.33632306153581,19.160913990884968,172.48390303018735
9040,95.40625246390674,23.803054135841176,194.00048090361915
9041,73.05537526739548,20.1591888763652,167.95848462259275
9042,99.38705647271085,23.471096510736036,200.61403591082077
9043,140.33609214304326,39.684058962707255,256.4787952472257
9044,90.64027596401498,23.29180378823023,188.12949470458318
9045,63.34549289817516,14.21387939253569,168.11868933122778
9046,69.04973730977976,16.41224624365115,174.94870736380525
9047,60.27175810134404,15.374450614684159,159.61173559460704
9048,118.48002052288105,34.0860242576829,243.4403584834166
9049,145.65915522828567,39.59319587601626,255.23418479818636
9050,117.35227391596273,31.834799171689735,212.1661457275611
9051,86.60153342570767,22.319707553810307,188.42739177159885
9052,121.12693109414631,32.59773279114001,233.30308410825504
9053,63.91003784922339,16.110613042648122,154.40668478618622
9054,117.18079468393121,28.713002650131468,219.19323038855833
9055,124.21336997234168,34.79471827261701,232.17494006236555
9056,138.54974963065334,37.78734679066863,255.04886695692144
9057,137.25649151330188,35.33093226637333,267.3036216057326
9058,101.20185683479787,25.47667303389453,215.5954668876237
9059,84.20354341413388,21.54224368088786,182.92794613643738
9060,91.67804992499073,23.219007136804688,191.35207664727406
9061,124.30731543819901,34.12030006781419,233.34280917241077
9062,135.89245626809637,34.67220271627887,257.93646162935175
9063,92.37295063008368,23.17721743573276,196.31467233138042
9064,70.12987733203573,16.61873912139865,135.55414866347508
9065,76.19085453113802,19.090248114390132,175.73630333672813
9066,62.06737888938428,14.3410736346779,160.5351838798321
9067,95.57733505240883,22.179519003462094,181.15128977423663
9068,73.17018902932892,20.214740095201403,168.52408899401402
9069,69.9840726521205,16.895308975702385,157.75533761348058
9070,76.56868871506045,17.012897155341033,147.35124126834214
9071,128.9771539738815,37.418731149666165,236.48324304324265
9072,86.43908246464484,24.522748895771088,180.1943805804987
9073,66.1050933865162,17.86636587113355,151.31662322003334
9074,115.6666016624715,28.13144518337631,229.8620424931158
9075,70.69454729344487,16.907346133689405,157.2880918682189
9076,94.01643658415612,23.440358671218185,183.68710294297594
9077,89.26545733449086,22.259005839149122,190.807018927702
9078,90.90215470515993,22.522141541665672,189.82457794266398
9079,88.54582868235269,21.146708317091313,178.05476219265893
9080,99.09497450911734,22.450383832786816,186.54322085571852
9081,70.24262834429122,15.722790107353937,140.62685136162224
9082,60.196881357562255,15.057750417344455,140.692535696946
9083,69.61813637659434,16.848971545349517,161.0555556169518
9084,80.12358569474692,18.112448764870496,188.2365398060464
9085,103.55489463906726,26.530081781312656,203.27167047255662
9086,78.27310421019824,19.198069889115697,185.1548668348133
9087,62.834579680069965,16.14115795719665,156.7201041456273
9088,127.40810427451912,36.50764163646616,264.3501668310878
9089,100.699187928754,24.831590203566666,201.77023866228157
9090,126.93562341296048,34.71273648330493,235.59391076837673
9091,61.162701069494,15.68853384163718,149.36692656266675
9092,95.35006183444564,24.40950166373997,187.9425754503197
9093,63.16085267416773,13.821929727955007,148.61123755598115
9094,91.50510205499766,20.631880307590524,186.81325555984486
9095,110.47481778198572,29.182925651858785,224.80486028386704
9096,127.85266575310936,34.13881863124971,237.59796187163232
9097,104.8522144281471,25.093357304239788,203.34813138525035
9098,81.54356757925004,17.530307128079766,165.18037549984297
9099,132.6708203619293,37.78581415843069,251.7151379419192
9100,67.61056389378001,13.852942168758394,152.73450755892245
9101,132.98963751777694,32.91220342877144,224.23955331043618
9102,93.452068794634,24.91099609217718,196.34836898268279
9103,102.07633316538268,25.193597562368712,203.27319480753548
9104,87.94298945459305,22.724046514432597,197.4706810276452
9105,58.669993645996875,15.622761414276829,154.58254643915708
9106,89.68497216947777,24.367714438575607,184.67849396099044
9107,66.74545036066519,18.982945138126492,161.06997681694597
9108,75.8316458905483,20.17757759782583,177.62706413111235
9109,92.56558133553695,24.073591094691228,161.56357272697178
9110,83.75616889983463,21.38607781692178,178.2237575023453
9111,143.4346221025589,38.9489490097745,249.7038825309636
9112,120.87454944807676,34.12926427523828,228.3667394518688
9113,118.84050931427849,30.70815798669262,222.16163650062904
9114,58.43476269631939,14.28107791403191,154.17161546212807
9115,85.96154383594116,22.849379379710715,197.11203634693115
9116,68.65946298691318,17.505637805532494,175.2382977117667
9117,122.75398827263983,33.021661748739355,232.12111039159234
9118,140.53562504502867,39.20948726763748,241.47828927319947
9119,132.64947572497928,36.80217176460187,262.34303447870144
9120,141.13693234253938,38.16397144501001,260.1692848962795
9121,132.55653623030557,39.90117097586543,253.50392105459537
9122,62.0100534721737,13.169242259118771,141.82995375825905
9123,132.0104478852041,33.7572801274615,248.77496152064055
9124,136.09032027836162,38.87111747657333,255.46746253983196
9125,60.107323095146306,15.401852579563519,146.49825371501748
9126,133.58702831322518,36.54581420706811,251.8989467788419
9127,76.2565721787211,20.5767520742178,166.9891414180774
9128,130.7271873786287,35.86321002519066,266.56459324647284
9129,88.61169095671904,22.775425366429733,186.3235996789092
9130,138.376938011366,37.52156947519263,273.6818956285034
9131,97.21024126624148,24.561283854337116,210.9909232643427
9132,91.66482869573484,21.38394506207723,177.10378875943135
9133,117.11071727666773,28.007619827021298,204.47242461650384
9134,89.28695905718241,22.82406231014286,171.86897928640002
9135,75.39732360231638,20.66087889867732,179.64015694972724
9136,133.16927750830928,34.030487450849634,241.37094341852816
9137,106.5655624632018,27.63230298170733,217.0795248489711
9138,91.42355880310687,22.779154045130444,192.24881480786416
9139,60.97062666355121,14.72222997477235,139.39204931846714
9140,138.46334128398877,37.182750310307334,242.7953248589192
9141,59.68240337202058,14.646422527540688,146.00064504622168
9142,83.80458327407979,25.617486955030923,197.27995081267176
9143,138.82191141086744,40.238418857684046,239.7109203833218
9144,133.25232151910498,35.53190883208382,258.3088287567842
9145,87.65537930150307,19.702289594961634,176.5465666448823
9146,66.0382303992352,16.402240164480364,132.2625667808822
9147,55.4578687910479,15.987330691733481,167.36344254983496
9148,58.35321008809117,15.863433964390401,127.00835394011074
9149,51.899517388529965,16.847877918016774,146.3462375230302
9150,93.68405156455354,24.62008747921227,194.40775166177127
9151,132.70083923928428,34.63353482270776,240.4560662988478
9152,58.92863070925929,14.9188529973604,140.39957688489363
9153,72.37662999907319,18.103989558903383,153.34558846923562
9154,57.42427096893277,14.38349367962637,133.47174992738684
9155,60.72005843126285,18.06978328140329,147.35288763896398
9156,67.5229013508215,16.115719245919575,151.92943072452303
9157,140.56583403999994,39.63050409537707,258.65862698135135
9158,132.56566489123227,34.32880661954472,237.62453702418
9159,128.58326062507487,35.949133780072394,237.37416591324913
9160,74.07228909173594,18.061649323096592,164.87993198835161
9161,133.55809910601397,36.133830803476975,238.36408003932692
9162,133.53119568028146,33.867402698723254,237.80104520967532
9163,80.49385006842247,20.810144857934965,173.48705085483888
9164,58.946473954008425,15.635309603651084,143.07439133508146
9165,140.39972934428394,38.21315967532147,267.80489961688227
9166,81.4113991356963,20.583789899153846,167.05759002084267
9167,134.05588602949584,36.31073858015999,248.72208163651976
9168,90.5562612191846,25.43134615930578,193.1386870066922
9169,93.76104067830933,25.56442419294221,184.28074808520088
9170,99.06372053282807,25.955989014988653,203.143215006231
9171,85.14941548072339,21.021783109904018,194.0427448813463
9172,137.05138862016125,37.059850306961735,249.61235155163746
9173,69.5074823109267,20.976147401209804,175.33489907016516
9174,78.13588831299474,19.9622055146629,183.46498330149117
9175,93.5594806729746,22.911600776638934,179.8878793387613
9176,97.63403635386314,23.022809872051557,186.30042212086406
9177,87.98209067131357,23.140398224006198,189.47758408428453
9178,85.41800693121975,20.76637018326724,198.44891969364184
9179,124.29824982029179,38.74863407998208,242.49189104337853
9180,83.6487139543433,20.481563867964304,172.18492938200873
9181,65.60680747744438,16.87003962318371,160.98339672845452
9182,74.40491535638401,19.75778016544643,163.84880438298134
9183,75.26312068273617,17.558668375775547,168.89531360952358
9184,81.69227894542665,19.948238672761985,165.02372482701003
9185,80.37535346579791,19.883708991917246,179.39183455359296
9186,79.58325501789653,18.419211603130282,193.95095514332334
9187,81.07474928546377,20.75897671007668,194.69714640293793
9188,66.70033527853603,18.03452104165621,157.4349046856285
9189,142.89933170028564,37.19778439452943,234.2243830127305
9190,81.45823587353391,23.73770903959609,203.41359334481345
9191,134.31301091381957,38.37510522572948,247.33073260893127
9192,64.56471426404619,16.876386850457738,156.40654333941833
9193,135.0560992060415,34.80076853077367,252.59624399727372
9194,82.82549246176474,22.887442117131407,188.6554259679975
9195,127.29633908451447,36.00896397319128,244.354177059946
9196,70.5028923711444,17.572203950983454,163.8485170397044
9197,79.1991251449913,21.623577883315438,161.56708622380344
9198,137.07827735255213,38.269646281579334,245.25807960665296
9199,91.49403259665995,25.97352757979038,199.49671000662383
9200,131.67220506579483,35.05409429792954,251.32480798714758
9201,138.59655564980963,37.19974673268123,253.16608208202504
9202,62.99556012014323,16.613002608105617,150.1235825891654
9203,119.29536714465455,34.189149524537136,229.3889962646139
9204,61.11267224834545,15.647213156885087,151.46948683075615
9205,131.76745637795514,37.672419641445266,248.633011957099
9206,66.31857007799984,15.824396766007004,157.56961985959515
9207,60.78321557655973,16.57735749579545,156.0752568446047
9208,91.42323261451385,22.35419816110902,204.12258137540167
9209,83.96575590918808,22.229268648700714,183.41010782942897
9210,125.00270270740617,34.73067121716836,237.67439341809362
9211,138.19470210388428,38.09961724058136,254.47890376568589
9212,145.22738161874764,39.748474770807256,256.75311632312935
9213,71.43573405214958,16.500634105987064,165.4551696100517
9214,53.38710855402948,16.331935320697514,142.8773712157382
9215,79.34917756482993,20.83875946338888,179.30625663226007
9216,97.13102653600664,23.609798700890817,195.66855947604463
9217,105.54322057597132,24.834394743275634,208.97777898080162
9218,121.09856372886215,32.349936019804915,213.14749016606928
9219,141.8020049050464,37.145707292631776,254.57296149901364
9220,63.35282254043573,16.653078850257362,153.8394647424235
9221,63.298138880107174,18.024442830683174,162.81745575928372
9222,137.05021888874288,35.2448507359126,251.15082668954304
9223,114.46092147299866,30.97953494687496,236.31244183978995
9224,84.09126861604877,21.733648378818646,185.86790576171316
9225,140.38922617901048,37.684484111367716,246.31565562694823
9226,137.9418722654303,39.34797549136327,245.02912632412654
9227,62.63832774075811,15.12651991153515,151.6010218619759
9228,140.14526296997465,38.05871237894335,253.60488440682764
9229,66.41142688861605,16.262201260429624,153.67829640430554
9230,83.70172521811357,22.122580611251685,189.2892163969098
9231,60.24269091510088,14.995344464072705,149.32084661235587
9232,71.60737602884099,20.336152690386573,169.71811688370119
9233,133.6679810938708,35.577209135809994,234.30359075015173
9234,59.40242405060121,15.402222197669339,144.8129347147284
9235,98.87632245358479,26.061176789459573,212.81998265391186
9236,58.70221429168709,12.911685403136586,157.2696230043051
9237,65.02987719979203,16.35008441718204,173.22717853802797
9238,75.17489121284409,18.434719847988614,179.68429674495334
9239,61.3453900668544,16.17860945723207,151.76187000007783
9240,86.06106340816517,20.11650448646488,170.9684181547884
9241,66.31910649770647,15.168001415943134,156.46578742209854
9242,86.70445010425705,19.49772327754138,165.4963554765387
9243,82.23228985645854,19.353419745353047,178.69636305019023
9244,93.22494558868159,25.403954870607574,192.98781190044807
9245,64.19842682695365,18.130024322444154,155.79798636930647
9246,133.41504502095077,37.92031893406952,249.4897422410008
9247,62.95088193062042,15.840717892544255,151.55164470460696
9248,55.77042879490457,15.69364873480522,141.131366668275
9249,89.16283100948813,21.31330429022467,193.52501176380775
9250,105.76264900417765,26.016732067063703,214.23005538214153
9251,75.35110922160742,18.48136606323868,187.89783124487357
9252,112.69039065218554,28.912154415038803,206.1081151209373
9253,97.10370531715178,27.19497645435462,179.47402680674068
9254,92.55210452893145,22.31243227565554,189.30357042845193
9255,75.50480126256649,19.750477642591015,174.5216271757515
9256,82.7123198684318,23.022306260452932,199.62537026963233
9257,95.86878591493011,22.52803349809402,176.39895023535465
9258,71.92292642681115,19.06084548656661,186.5345494549836
9259,89.33106170544042,22.119972602063065,184.31686714840006
9260,63.8712832975995,16.839843020871836,163.90281642635614
9261,61.90807900440332,16.788670889653705,133.46837860888567
9262,74.9439988690756,18.779993119638878,163.1976548436812
9263,93.9393105030873,21.063728600694976,176.10941626693304
9264,128.4381931654302,34.80686987265565,252.5523145235031
9265,79.97614159458233,20.28539072507699,194.00001443911003
9266,77.3779932586831,20.531894204018474,173.80935849950566
9267,90.45590175781652,26.073836749276897,195.65833266485507
9268,91.0234898946661,21.674301879010528,190.29494266190724
9269,65.75762614894812,16.09380752719118,149.66885908070006
9270,99.74574230639452,24.53432798179134,210.55593279423059
9271,84.08407853432828,24.96991890507,184.0251782259946
9272,119.07474476906344,33.677703611211086,236.9025732999976
9273,78.28113974481722,20.77119645474316,178.55913545723203
9274,55.02823105212594,15.58845450841165,139.29536775250853
9275,86.40405367289004,22.905810713280015,186.47424426522704
9276,71.38658677481112,18.476232341158923,161.51409201870823
9277,99.03249496969947,25.687887576717365,218.5133876340985
9278,122.72444316338992,36.77564642106437,238.12351334847122
9279,64.92904714869339,17.11859095020973,169.85975766445867
9280,66.35733677952615,18.06478249197853,148.37794125309054
9281,68.7625429285188,18.20853668340535,163.7565103029407
9282,136.7049585583607,37.17980936871091,247.85678298629145
9283,83.34857327157708,21.939380705690805,183.43298675799772
9284,62.56852229939772,15.238419158317349,154.40539061918787
9285,144.65458347174572,38.22302356647163,265.3940113194788
9286,84.76677824212227,18.90601857978017,187.5967943118904
9287,126.99854946086546,32.64447887412765,255.74822503431065
9288,89.7023325212564,20.605615930732544,187.03125311398514
9289,69.33279504786782,19.517793805555478,150.05265995637293
9290,101.3007490262927,25.700412983391832,199.33476850844372
9291,118.82457381545758,30.285201242161076,231.07203193692735
9292,125.27565252375602,33.83378985815034,242.88365391394476
9293,120.28120673006384,31.393689757422724,229.36942860759464
9294,110.58582465023325,28.679345535763286,230.7916567137605
9295,132.02065763030154,39.68933671741022,249.60075468207364
9296,131.29387709836328,37.907516347761195,257.9250400785728
9297,131.8339341870332,36.935018500505095,260.0128303918146
9298,93.28103675241358,25.290892852816334,183.36029357309476
9299,141.7983257953244,40.09081633751185,251.30989712027448
9300,68.45295040876415,18.462929245686784,183.07729945146363
9301,104.57422034275162,25.101166653314706,191.1933653822721
9302,70.13355906862317,19.666049405908982,168.1484326359146
9303,136.37691006492034,36.72738717596055,250.6640571903654
9304,50.39136206176237,14.736286748576054,136.50688981608334
9305,91.58333962890892,24.239223189306568,183.06337913774314
9306,64.22692357818748,18.390274196016733,152.872295315819
9307,88.91391466436592,20.942954149069774,197.057529061949
9308,82.2924349563,23.00435361558947,191.54501005115216
9309,77.28048391798681,19.59758102603862,176.8890655894157
9310,57.19001576120183,13.038067355373126,146.02184457446816
9311,114.24273926187136,28.960023451100607,219.9710586212208
9312,58.70646024815305,13.999755715572357,144.43413568081067
9313,105.18735182923147,23.094342993386316,198.60865365680488
9314,83.7171139899291,20.204379508291833,176.42724136843762
9315,123.83587694286796,31.31060197102276,215.52691008374705
9316,75.98042241710912,19.63965794419355,162.48519468043614
9317,80.729920262119,22.057039093017284,183.08349911876596
9318,58.77478152437252,14.559766815009572,144.79944612631326
9319,131.28759464968329,37.601037873563016,243.89071293300017
9320,89.17838287995504,20.400421178453097,178.3081942524228
9321,88.31080622864185,22.244904087434694,184.15997502898057
9322,140.58603469333787,36.227135383565134,246.74091673921532
9323,129.69599710797453,40.55909552856608,273.29219314132666
9324,61.444450715142345,16.683958408596165,128.6397671443964
9325,89.56382184453489,22.44108112063908,187.09655586928696
9326,141.05960391255266,39.496625159525784,252.8311977760851
9327,88.56310042528372,23.746460540974837,189.6772814831769
9328,98.33984772855011,25.566526114970376,190.1692022423648
9329,62.8544336745564,17.738850393754202,153.3756180552885
9330,75.7728345046825,21.02423355334331,172.11840415775478
9331,82.11517419299214,17.56114766294642,190.43529669858947
9332,69.62533358819151,20.097262005089128,155.12641655029506
9333,55.325441135679675,15.649080707888059,139.41159125230337
9334,88.12606446678086,22.22675447183379,185.80635370348588
9335,68.7095994599657,17.454731007571798,159.4691387307916
9336,90.7252670758986,22.841093191027603,201.75923131196234
9337,134.01011620604518,38.33980211582223,248.03314212860244
9338,135.13503953574295,36.96008901645367,240.44414956301392
9339,90.41174490311063,20.732109731931263,184.47213378221628
9340,74.61243550689053,20.5979318103565,160.67421037102258
9341,71.99245027705858,21.107124947341127,174.00021542174753
9342,125.77091964097623,37.27330799073494,244.3221490391937
9343,141.0091169903341,38.553198099674326,257.11082875770694
9344,88.05595000788249,22.641696954829303,180.40074612666368
9345,74.38337136485539,18.761499552901707,179.54113308681877
9346,133.91082743125435,38.717857926332336,275.6500585305621
9347,80.69135523951284,20.428943501997225,170.34716647076496
9348,138.0173718679284,37.11943341569772,251.44536979385325
9349,123.71017342790346,32.91159614359371,223.56454424593943
9350,144.07289826194014,39.83532841221436,255.89344362096259
9351,67.54001930734682,16.075699352507534,148.99387136633206
9352,55.57684438022573,14.626704520973924,158.45174463281177
9353,137.33855665652337,34.75254103776168,241.3861107696785
9354,98.53308237385178,23.78600919705514,209.72636756557498
9355,69.0802604368749,17.462902325333868,143.23256957474283
9356,85.9341251432805,21.351442612621764,175.7200545828081
9357,138.18592266634988,37.653057343275016,247.54760896976202
9358,76.56458189383963,20.37823517058015,174.50793860380296
9359,133.17193395970432,36.82615176403191,268.5011873242089
9360,94.0303717445517,26.37338189559275,201.51686094296045
9361,130.7986068081135,34.94550855272902,237.4908022545528
9362,140.67986825935597,36.933820818761056,257.06533580254603
9363,66.2741393476454,15.705764743973619,156.48229372125056
9364,95.48874464045717,26.004767350295683,182.35791265612943
9365,93.3087578892525,24.76517118992778,185.00396761653957
9366,74.57576566450835,18.47349055147199,167.59177977115573
9367,125.82181750805235,36.20794471122593,246.5996273566945
9368,83.86841494924579,23.03444257818285,176.64701282124022
9369,84.48219984238567,21.1976857275549,191.82673136468782
9370,114.22148150137097,30.62596043905746,215.4626571219416
9371,85.7280183492203,20.95052167060908,177.98312850963455
9372,92.0351937859574,24.88056157639698,174.1744913199939
9373,64.14689587494475,16.29048370188955,159.14958756961076
9374,137.52889696646187,38.21575868948259,266.0283936637967
9375,66.37015056545779,18.419083602121464,164.54456031082907
9376,95.73681538241341,23.943816578504713,199.68483475560214
9377,91.16691957484637,24.197329633211993,168.05898435113707
9378,65.59660453748221,14.339171116858736,168.72418935511976
9379,135.637551218445,41.25943894191604,268.10262128095036
9380,73.21386140296012,20.44809969857672,192.30474922190112
9381,85.59734553721775,21.088908008663555,184.97823271130505
9382,86.81649365935841,21.818097909165257,184.04028867277114
9383,134.0697471350074,36.971078216484706,243.35258452653838
9384,71.5849877618367,18.10489576002458,152.70626465993175
9385,129.0842262752266,35.112717991611156,233.74046251903124
9386,136.78720654588977,39.23527306500234,250.865873261681
9387,140.97192230411667,39.39836561261989,248.80867668346843
9388,93.01141416850811,21.703131588391745,187.03733320436862
9389,69.04940619092051,14.5098385262622,144.4858687456912
9390,131.95235508057735,35.585950740992196,240.82444951092222
9391,142.67331462962912,39.92362951808304,250.2394986686168
9392,136.00030765365338,36.57152646785968,247.46147132052923
9393,119.26673074906306,33.41045188426768,245.36144037627784
9394,75.15764319422266,18.91465287972157,180.29467923794823
9395,62.65875506738823,15.433279300258532,147.94460770081045
9396,80.7459617987662,20.725532437436055,186.07724481369607
9397,70.44570706057387,19.127300800872078,138.56467568984178
9398,65.11653298924513,17.706462912029256,153.47985610614168
9399,66.8774643272025,14.655476985640135,149.19935080206736
9400,74.5051732585316,18.041040896757288,165.4482990957859
9401,86.73034065868357,21.279701297773624,178.27950890326596
9402,100.35227345335305,25.638879419723022,211.73726730054415
9403,123.22753893534453,33.13056182605495,230.53408325176235
9404,87.50867244362807,24.77651260184915,197.4249549564393
9405,75.36433669344616,16.359357322592295,162.54295442129646
9406,54.03060280213112,16.986182910097735,153.04915741400737
9407,86.7431431847682,24.304521137112456,167.88562942425395
9408,116.16679835856085,30.780684087550558,226.38430271539298
9409,97.26670357196566,29.37956420878721,197.21379207126384
9410,75.09327026249659,18.662501936002094,160.37908769717976
9411,76.95985909161105,20.364685101633928,177.63909950911943
9412,80.7791365347842,19.38386698908842,160.08412579748338
9413,81.01771476555011,21.072959288045368,180.62294581370801
9414,57.37235595144973,15.461011594596798,145.70543399683842
9415,61.13778381254086,16.17796137853517,140.92239600187824
9416,76.51336315730403,19.27799096939793,189.62643686360616
9417,124.66053218006579,36.4235430008462,242.2542521132506
9418,102.89363762429613,25.18165354407944,192.6740823733704
9419,122.19406836666215,32.943197062577404,232.35917427251965
9420,101.33457046343737,25.495476791714477,198.80226957423602
9421,128.64738732790212,36.67833290132783,236.41071840488559
9422,113.338158369402,30.29163989805577,202.8391014726403
9423,135.63002812008534,34.940928421561324,257.9464052903123
9424,64.80565185746799,15.863320598059492,151.48971355850253
9425,139.7016464989186,37.462759129260725,250.36556305962648
9426,82.86008994332194,22.511899641618516,189.38774747592257
9427,96.1887000673532,24.613146684205795,207.14188812452326
9428,134.64757704088348,36.82069500176254,252.39403090795645
9429,62.395024092859224,15.300268802961993,153.99744658159207
9430,89.27548042049979,21.393361112875002,209.49501778627226
9431,80.36602661535534,21.04829849251141,180.221469246051
9432,99.3613400318746,26.134954539617826,199.2284632038962
9433,84.79293365682541,21.650784426126148,182.15501480760358
9434,93.10522520336382,24.904134095499156,209.73279100516058
9435,93.80675828513019,22.60566524726049,188.4078088026497
9436,90.48548471685106,24.125238147391247,195.19585089805835
9437,84.39399583587635,20.586176714049454,180.5900623581392
9438,101.03483573482758,27.676765867300595,219.59632641931034
9439,66.23890279922121,14.861968403447927,149.68071220367003
9440,82.02891183982263,22.156090851491307,182.99081885324503
9441,88.97345273546243,24.05507551168627,175.8764602982616
9442,64.89512745114641,17.380130222430697,155.01855458954563
9443,84.8924080816531,21.513069399239974,185.9356688351266
9444,57.21189026771154,14.834829332353587,144.03314442519257
9445,56.960416912994525,16.534544029765676,142.4812327207097
9446,77.12500602514255,20.027479338969638,178.59141843332182
9447,132.27778625638084,40.40957315031765,251.4326169438701
9448,85.76871886916194,19.904085571879328,180.88156899209665
9449,82.30493748340926,23.702936004501748,197.87387198887672
9450,123.71415989254905,32.500785829775246,237.5586916103858
9451,56.38614476190923,16.775597726924964,129.00743780770807
9452,121.42412255147255,33.5321080013473,223.7738855474049
9453,66.67976659427954,15.296801576646422,142.65115271438367
9454,95.04387768920142,25.461698180090583,190.4942073235522
9455,147.38572028778665,38.08040037840863,254.78732494129244
9456,94.46816493954621,24.120961311268086,192.6965682128741
9457,58.03842781228657,15.93843420945054,158.12313650611995
9458,139.24228661900415,37.888466417960984,252.49116151903516
9459,75.21129598554012,17.763947919302023,190.6717434849348
9460,66.29349058457224,14.562567972061755,141.3828314617601
9461,113.65493270867222,29.78346009619443,214.443890277497
9462,65.0168732614329,16.75551830802816,164.74166891652905
9463,87.77730564881888,21.78671095062211,186.92067562126184
9464,57.39998383409387,16.05097630621259,134.06114583427265
9465,72.07237857520126,20.20597436579278,172.07874893536027
9466,134.03415165103016,39.18017092230425,237.54462842083385
9467,130.06792138688215,38.11962813899074,232.4252168607546
9468,134.4753756444301,37.06852793845281,247.3151478574324
9469,139.27828191509295,39.272046674866154,245.38306530069582
9470,63.17760004091227,13.062098503206242,144.17561721111966
9471,61.297170202873424,15.247391566938491,150.17334526327912
9472,87.75479952686531,21.17071248973655,186.61993373564135
9473,142.73018530230368,38.04223936357854,255.36367297330995
9474,104.0619907575951,25.73826440462593,194.20777001565082
9475,138.23421691983395,38.66190635999916,248.7936830320518
9476,86.6267247367814,23.115590357495076,193.1429614932426
9477,141.21740339285893,39.619115530874865,243.513916806816
9478,136.52587851385226,37.30675273959496,248.8078330119168
9479,93.87733416615602,22.112968460076694,191.69402851689597
9480,73.9104693412498,19.029889369486593,189.95322963318412
9481,78.99224726446259,18.41857259071742,183.29845108244976
9482,86.37129355718135,23.358748286282978,186.32131702369904
9483,118.37809694317325,32.5342573268418,220.57399628929582
9484,87.83569892693059,23.339075936595155,169.64041383588173
9485,138.89359989864155,38.01823845121864,261.0871457882007
9486,119.4425282689016,34.42055210013402,214.97852680261718
9487,80.91709903242376,21.87686315999346,158.79293643563832
9488,99.27904297596449,24.969126748440008,183.6708012674361
9489,70.70922460923842,16.627118369932344,158.04607123368456
9490,62.34470918965754,15.48343778501142,157.0069226065966
9491,63.5134765801541,12.857678368938952,146.29146851498473
9492,80.23179197687045,21.510026171896097,171.2812647924062
9493,75.84714878847171,20.208679768649755,171.91229627582115
9494,95.76028168578048,23.272452266334714,187.68682678816734
9495,110.29031305135813,30.915668706586832,217.02411559434793
9496,56.110316855536915,13.894490948952088,139.70193649730422
9497,64.62471045200866,18.155741057471946,133.10097048683076
9498,68.03356388538104,14.872720366286066,146.72113419286293
9499,132.7942999410727,37.69285727051463,255.6501810937177
9500,86.58721374492264,19.23776168923457,170.9269527063138
9501,117.60027162725206,33.051184403024386,225.5732180640055
9502,69.60058687769597,18.748174405207703,167.22280548322865
9503,114.47072625416543,32.35433581035068,237.51133289961322
9504,137.5142069922687,40.19150221767219,271.7043305957286
9505,57.778543216986286,15.195810961954129,155.86905856105903
9506,64.99598959141078,15.669828938033282,149.59343645262595
9507,71.90607052952343,17.81335240859027,164.23591629522173
9508,122.46650059490547,35.045110320861774,238.05447019719512
9509,107.40048181356501,30.893720322659117,212.68793543115757
9510,88.99809222477546,23.0622999299789,173.55124328800602
9511,120.29671422959112,32.7856137937049,221.21715899587392
9512,108.9902949428335,31.679470819623212,208.13355851942964
9513,77.85791822327242,19.739112333139516,175.2805349481074
9514,83.19902284820182,22.362948335845463,184.26161919964912
9515,135.01387320812452,37.01497573339882,248.8952785708955
9516,90.06886990733666,21.89695456477882,188.693714474097
9517,59.66210995406234,14.83465930064221,154.99734798400547
9518,75.29798013474677,19.135179417291113,161.87108153834927
9519,119.18715710568661,32.51924892682136,232.30131007904097
9520,62.16009870352804,14.790255668323772,148.4327765305872
9521,86.29951737901438,22.148847034282092,183.60410687209733
9522,125.5973541582197,33.800440370093455,230.52196125788603
9523,140.9436353648811,41.305643779042136,248.19527319728095
9524,77.47730409504275,19.997913940009813,177.40668687799572
9525,64.75392209691441,16.92420638677474,160.48961065268574
9526,75.75545082165745,19.59626239137401,167.74061818174218
9527,149.73451603091962,39.26073267381995,257.3684123170328
9528,67.68278214974278,17.674178387547162,160.85480889140203
9529,143.84834192467363,36.89503614088142,247.31103400330684
9530,140.61337074881203,39.54512345851753,265.26680171978984
9531,74.65748671024912,17.52576797123265,160.8641637128487
9532,134.05490874839987,36.50269590954774,245.68647187636134
9533,63.69279063929698,15.769430377914327,149.88736207570798
9534,142.14710753603177,41.525544643043354,243.00422910767256
9535,69.75147638162626,15.602165213484044,149.09921567669434
9536,75.42735881391265,17.79736833263559,157.84957632286554
9537,138.1369995088124,36.669844760565844,242.08740907300538
9538,78.38101790740306,21.17775861137956,179.07016735298907
9539,67.92920379214488,20.665888454786156,157.7402707041674
9540,105.88968860121084,28.472865932516832,206.13613168256492
9541,95.84413639011821,23.803174337747933,194.92816947088528
9542,64.12111433206461,15.788946948040396,172.6362887166382
9543,60.84831410964461,15.082134160700997,148.5596243843233
9544,62.344571926533014,13.966085336743388,153.55929747408885
9545,63.52842591655523,14.802444514710988,151.39741368356155
9546,67.86630476680703,18.796882639224282,163.42189224160907
9547,65.02790229265398,18.187979642088234,155.70232946192303
9548,78.83585638030195,19.669517785570132,178.92664041849926
9549,64.74631143054764,14.429970631662373,140.42757700849234
9550,148.39132617869873,40.48918324879477,251.46624940992612
9551,71.9210208484483,18.18654090899346,173.77117792657572
9552,139.76123011241313,37.62907077145412,252.88058802550054
9553,80.51184545703121,22.601861049115495,177.49546336277191
9554,134.3493666807257,35.87981677068991,247.38083939216088
9555,120.98337058981916,32.70391911609973,223.31502816540728
9556,88.21981578129991,21.133035926147908,187.30220764297079
9557,64.91032124212138,18.26948153269866,158.90066823869617
9558,61.34437311663156,15.353286960570713,139.4029519418845
9559,84.86993867038107,21.02550704655933,182.94777595639053
9560,123.96401378253604,32.92551733435233,235.23636797175303
9561,134.14884934486713,37.632417505445126,247.9168298946748
9562,69.4151214088209,18.383909299860772,158.79443702240627
9563,80.87378735888852,21.12509806954593,172.09110160522314
9564,134.77864068531906,34.90379005425692,238.55817474195513
9565,73.07600625763375,19.05781895704941,164.25822165628549
9566,68.03142797099581,16.481956061167672,154.05309305348584
9567,128.67849145666864,37.023190233362435,250.73316186566447
9568,138.32375053889322,37.527501577942154,253.33031057991403
9569,56.5030014972219,17.406655431387076,154.39614608218156
9570,91.31990044078881,22.9407717373786,184.96704626837905
9571,61.17927022494069,14.058935426814019,133.62009628875617
9572,68.21672975307143,20.454656049957745,167.24445337440662
9573,67.31416615164908,17.368088287093144,151.89528088570702
9574,94.42981075971709,23.639157960460818,180.65550801331082
9575,67.60230715814883,16.740398253967488,148.41794958878737
9576,55.20429365508903,14.45429127572263,157.42901248236151
9577,85.34560872467672,18.83415692308434,174.53632294143208
9578,95.20436545880291,23.795760337781356,184.17850194946791
9579,65.4885397005262,16.872844276736586,152.01867315955562
9580,90.03858212742118,22.105630332831677,187.13244227064666
9581,90.05059867286337,23.144692002279644,191.9797339294972
9582,125.2739826452515,35.58660971180159,223.42982128627548
9583,72.31188331135756,20.586577225111707,164.3150121752782
9584,70.93545859855031,18.837755446955594,155.34586640426485
9585,139.73055129256184,38.01884436877825,257.6903463509941
9586,79.90254806951519,21.26023484350861,181.37038569604053
9587,103.99340405880109,27.39417846953071,195.7432213984242
9588,60.79523967024141,14.92205132417181,152.84950069186306
9589,68.47321799248611,16.99539025212136,146.96131015143897
9590,78.42573749476682,22.137756355692265,187.8566377193824
9591,130.42201324512928,35.675959597742,240.27470568379798
9592,68.96152799279609,18.7570862954702,162.42957329311082
9593,72.03872704609873,17.94855997057108,159.12089261464237
9594,68.65880706176473,17.338626148207037,180.89122943730212
9595,74.58505402637141,18.941991221881775,166.6344210546919
9596,55.6012445479709,14.616659756263445,149.04723211477707
9597,73.98463769516177,18.22853932947417,155.53454517790757
9598,66.52434305246433,15.905567921837198,134.86860873941836
9599,115.10951590745127,30.284784722661907,222.1463511815503
9600,57.903417778062085,15.136556017037938,156.42694457578185
9601,75.10541920510931,19.072203114205905,167.4582146755727
9602,77.36964157602593,21.80526043469443,179.53368759565043
9603,91.24368382832833,22.582785050595533,187.08538071508593
9604,72.12974611216428,16.99542992356809,157.96581047678947
9605,130.48535220524934,35.7000422905276,245.00053846137487
9606,83.29936903653766,20.943567835665394,175.13144553126406
9607,75.45327316479643,17.98826850420475,153.90146952941436
9608,62.87262953370724,16.892158025902795,150.08772158083343
9609,123.15895305547004,32.52507666312125,227.13491481244787
9610,87.61632995535082,23.94886653273779,198.70223701785383
9611,90.08376748279078,23.322660850579386,182.63082678656127
9612,103.44400853093141,25.453003422877327,217.1107112665983
9613,131.66221569597232,39.03285349088049,247.23853060036313
9614,61.32272833326933,15.623219538254215,148.45753822029278
9615,135.91189374849947,37.017738884609166,246.12597641205784
9616,143.8369992454882,37.75028785122041,247.13433898654247
9617,89.4700206138752,21.443711962070356,186.67121029408096
9618,129.94820436562654,35.746283154208506,251.9397858716003
9619,86.86780578170861,20.72494346219991,179.36117814712117
9620,112.67073023456207,29.928583104978546,196.54319312192516
9621,58.84740443812742,16.400958839297854,155.30655610880962
9622,74.30091321331082,18.190648389803272,171.29307490944674
9623,65.17976178018073,15.43511860427798,161.9110871256627
9624,92.83733605933743,23.18520039437335,183.41802374100544
9625,59.05092606832551,15.568494689251803,158.90658575142785
9626,73.06847016560627,19.346997609924014,166.71074599959073
9627,118.14203299277746,36.77774900959748,210.26550177242032
9628,132.46715097456848,38.44986956474072,246.75263768472686
9629,74.93968408702987,19.23373599277246,174.88447861917763
9630,72.40063099888741,18.50512204469818,160.34660952252509
9631,69.90719251246728,17.71257512177702,175.34015401442159
9632,88.9130802863884,19.92153621951892,174.20037296308234
9633,70.36500392879435,15.284729278517803,157.7976932929607
9634,96.09265273354028,23.20550352734475,172.2282831366664
9635,90.42933203522244,24.95052766425233,192.9957880887835
9636,94.38782902774598,26.557227348227524,198.35053150933928
9637,136.02764671790914,38.78041459541149,244.76636360136172
9638,66.22162547469445,18.08812319731987,165.82723707380794
9639,61.712420829033185,15.148168675867277,160.75240375286367
9640,66.4569108856829,17.206363606837872,173.23095394703307
9641,61.62964330250896,15.569005183688613,146.43300577326286
9642,68.8741521430823,16.736730630480448,157.7984959461112
9643,89.93296090091691,23.412117811666125,184.30429250981274
9644,77.64028077130668,19.590826766124493,170.8879517668448
9645,63.39798714635007,14.758829587013976,159.96212891509342
9646,79.95608410121282,23.556270433068093,191.9626309590628
9647,84.2290113922968,22.092182788198915,169.287525768272
9648,129.56741286064576,33.56326358069386,233.52859049422764
9649,122.71665712890648,33.68377207950221,229.76872253366554
9650,94.75138121372767,24.54722535974915,187.37509360664947
9651,93.00308898578783,24.676019510138023,191.52651024092765
9652,87.57121656929446,22.329453625502147,187.5723313054757
9653,85.42990206836414,21.945503287472178,178.55176516155464
9654,95.00075757047024,24.420917692947253,209.0509410856661
9655,137.922383602554,35.25576856042142,246.8702702279741
9656,102.90840896513889,27.90235382229743,200.3399492118546
9657,139.69162070358968,39.64945801834505,267.91964394320513
9658,98.39992620828342,27.010997249908048,198.2439260670981
9659,124.83125822457329,33.433216841939284,234.54957397340283
9660,90.3842918530676,23.14613576274908,190.26673866250636
9661,125.08986092971675,30.260494351571754,234.43862369316233
9662,97.00340006564112,24.570861778793404,196.3057133959857
9663,99.78286853115306,25.505130564698945,202.17944918453398
9664,74.10993963841135,19.042952338503106,148.97150923374235
9665,97.76135321558455,24.38890115075868,186.63255912684824
9666,85.23007730440733,21.773323638147325,205.17103794620172
9667,73.87913614039847,18.86333721860474,173.08902879861756
9668,111.90435045058796,25.734719931030185,197.7586397682451
9669,75.11407704389919,20.621216419613237,196.2571741530863
9670,76.62414048702422,19.670350213279253,184.90752787932806
9671,59.70522351441187,14.72260933862266,139.45082692651496
9672,85.95041300602237,21.663582164709265,169.70326164317532
9673,59.750513387791294,16.291500379538228,161.37402559815325
9674,64.7820523785881,15.4514637144586,155.7623259326385
9675,77.69782601983172,21.947485012195674,171.58284355652964
9676,133.7123692578978,36.90988592347074,253.36224708713743
9677,144.46454816510456,39.64992631679251,273.2085112285691
9678,58.186268056546325,15.11259005979304,151.81799693023345
9679,62.05921107444636,16.164288770151334,144.0856781550825
9680,105.86998386008653,28.18064637244387,214.8520121336957
9681,70.68204837478258,16.39619686471892,140.37003058330092
9682,66.03974480577955,22.886974949090646,164.35444663842668
9683,89.49419017559552,24.14764385231512,194.44763650026883
9684,81.15422331514526,19.329578703578374,166.07003721958583
9685,134.46775283001406,36.96389240121555,244.27384000834184
9686,62.83313823197217,16.062312939553788,144.35554592895338
9687,91.73748193916917,22.403177136387907,188.86791242462036
9688,104.52187988142569,28.292918270785854,202.044725447359
9689,63.0695977337809,17.41095202748207,159.94831403333492
9690,133.61198088968527,34.872993403130444,246.16019138394603
9691,137.1900454076263,35.526602979668546,246.7341077127625
9692,64.51363635421707,14.441929143661643,143.85650943831493
9693,74.2117358971351,17.444167305303946,165.1217791073244
9694,141.0241389881817,37.608814655576474,265.7796996802368
9695,60.444570401225164,15.705096033865333,142.61220553999098
9696,120.81247342928975,33.90778789070968,253.52428330992356
9697,90.71823133906538,24.82593310557252,195.31785345438172
9698,81.95615779009948,23.281402625217577,189.06891150541264
9699,124.98217838276248,35.217508470892234,235.8169374328743
9700,84.69722572003026,20.01560102584997,198.73034424338024
9701,81.10664053689537,19.731875483390574,188.32506458080695
9702,78.8379162529309,20.03627065677937,197.3906711273943
9703,79.58204936338063,20.992681060862363,180.92158079621024
9704,96.69411257332112,21.125258565874596,191.05931899186834
9705,56.622405956954445,15.421400716551828,142.60312700472858
9706,84.24721337065431,21.781023707725762,186.48038967345136
9707,68.36774414133971,16.79491546478558,166.77216439899772
9708,55.62134163318544,13.484983483072165,137.71484835612327
9709,72.43445714754922,16.537379158032856,155.12464157472115
9710,140.20209050482057,34.25798698822003,245.04392212413327
9711,91.301194543303,24.23443273507888,183.22210372398513
9712,137.85366493595396,38.90977034892347,256.1348415541571
9713,114.87020974252086,29.99146012328705,245.54747938949234
9714,95.08040957021313,23.93176869318896,191.18589631976803
9715,62.34595027153298,15.71598020777216,136.03107621762203
9716,77.63604748507159,21.343339262959642,168.73082606402798
9717,90.55261372384571,23.20206313266476,185.2837371869862
9718,92.27770209090914,23.165610685514114,198.42310229238896
9719,69.89651970896632,16.770305488785286,170.6939971250112
9720,103.12043985584646,24.320747660646628,205.5419613124524
9721,76.14755437730717,19.339051888878256,172.33076345606625
9722,66.22754572959478,16.560171421964608,154.35153421628678
9723,92.06241427339687,22.775793333248256,192.56984554771967
9724,89.92729150833064,23.512955669117186,174.05185344392382
9725,63.95652517074392,15.316473633653944,169.52115174527924
9726,138.85349859687676,40.1734561475544,268.5203413676527
9727,88.7350828616338,22.617713110247127,191.12550202387843
9728,90.86708534527513,22.386538787021703,172.98132038072882
9729,86.52377598552442,20.83665544442562,191.84437633325797
9730,76.48503539969731,18.11506492166568,152.74102334365253
9731,59.152296811880554,14.599450166876904,139.84950431628263
9732,81.43348453384324,19.443456741621013,175.05552327598232
9733,62.49110288717485,15.961199944143896,150.85877339978973
9734,81.38125093551422,20.96811534828123,192.2435438355536
9735,81.00174678178301,22.0577219157802,189.8086323584283
9736,132.38115790302083,32.78084064447053,260.6948654911847
9737,90.19795203604205,23.27592886331563,186.88127191644122
9738,71.89754854374904,18.60493527920905,148.16215872981914
9739,97.13362497806999,23.50062634262706,194.85796186090562
9740,130.55269538977234,34.92196319225286,247.96174136745245
9741,71.12474036511523,18.69839145546962,166.53525505444748
9742,69.67649918809819,17.30839614348946,166.43942889254706
9743,139.4111045811966,40.021897776012246,248.05073991282504
9744,96.20311880978066,22.29322604741352,169.4701227592153
9745,101.68871508881905,27.261583699207637,209.07112671584056
9746,81.16375908333606,20.20013915978249,167.94926156571455
9747,81.59368811221721,21.31705677915364,165.5413333107226
9748,91.5903520048869,23.410632467663717,188.49603584973238
9749,72.52804910661115,19.747786138224594,179.6036061796899
9750,143.94056768627863,37.86344194690346,251.36755323216988
9751,66.87949614101058,14.834943102580002,140.29347232573545
9752,74.24454271886914,18.269333611812304,172.86410117635174
9753,62.6370488871658,15.400914185204341,148.5446888841069
9754,87.007326776004,21.89636247101095,175.55348568061154
9755,108.85138963854993,27.56450101014917,223.28229517093277
9756,105.18367418311725,31.308985693759897,212.31206939273707
9757,101.60340146090506,24.99523488807066,181.20448463822598
9758,130.71262328555414,37.49766067378916,236.6934720642944
9759,92.00638640514087,28.36676533808708,191.33625599888876
9760,131.60555555813892,36.70932959492199,243.13332976413196
9761,133.44911153020584,38.13300071411143,258.79591517154586
9762,66.26506727828773,17.854915604838272,162.64515665602892
9763,145.7151861816961,36.37144360572692,248.94499029426854
9764,131.74156636657665,36.138599935239675,247.226363149864
9765,129.1573147958272,33.52443360492095,223.85224568202554
9766,92.32980303161868,23.72550045078531,191.98897123201832
9767,128.68194430969746,36.0405378856468,250.9148065446511
9768,79.96087547289287,18.362349625316018,170.97525570134914
9769,139.87287981944831,38.50092143063012,253.15718849335357
9770,118.19048934401671,30.6285220469945,234.1099673381261
9771,83.12181857384336,21.024983181247247,179.46740812392602
9772,66.0404838201966,17.726290817833142,168.38026337010953
9773,95.89623657937479,25.86428958596491,193.4346128368592
9774,58.97065495594925,14.286688524372993,146.60938260532373
9775,72.21765529031872,21.00525852720217,155.92603443785075
9776,54.34079392357069,14.124790434172754,158.371339506149
9777,130.58081711896014,34.364636283204,239.38303586860846
9778,139.5128966261818,38.09893410066317,256.2951634164615
9779,64.28572240411378,17.184666015679838,159.5076962972349
9780,126.94618720300433,35.04325612513136,243.2013550811474
9781,66.96739784179756,14.152948979862758,140.7862179538395
9782,68.48787852895963,14.606586887095693,146.00692208239772
9783,84.17673457398418,17.66242941742766,170.8849288307957
9784,138.10568782894336,35.756058107198704,235.97762694345948
9785,127.89134125334,34.6484147336159,234.2949279870741
9786,80.46354474999114,19.79155501105733,186.5741188721142
9787,73.96622629794763,17.28940457891454,153.87260074593388
9788,103.75857491546684,29.01920928506179,213.56245812298644
9789,64.36310074740771,17.294912750682332,155.5692637939626
9790,63.10413887132766,16.769988850922925,173.72664992688797
9791,88.82454639053672,22.278810936056015,175.57488986166942
9792,133.56440368627202,37.85898916949629,239.8549267741939
9793,67.56227812489782,18.70971327191087,167.50454094537466
9794,95.33942792898745,22.957851095111796,189.03737084348717
9795,131.73628319531028,36.70795354977408,236.0326712636165
9796,121.01754815155783,30.14425287191909,219.18541092338333
9797,137.9335781127418,37.49085647275435,251.11376965709005
9798,136.7501277286123,38.08041897204472,242.4014873827233
9799,62.52961655063901,14.77381913516618,144.26565749889886
9800,143.47425531855382,38.307168281807,264.4516619128458
9801,86.73118137701643,20.238753452698614,186.99976474053258
9802,92.44994106648618,22.98748387617428,191.29153654589433
9803,70.58771425986338,18.144147270371402,161.53743486183865
9804,79.75916206415026,19.934030500937897,164.12482166818117
9805,112.03823059330753,35.81985855189046,245.03757674860097
9806,70.71895185984447,17.99448171005054,164.96316945954283
9807,95.1558506168897,24.25069644204293,200.61758009248658
9808,118.36232831668622,35.017066280732024,236.7538621737356
9809,133.79917903012492,36.16341072790451,269.06293740497216
9810,125.38621861313896,37.353024135306946,237.14234229933172
9811,91.0286420493256,23.038445655093117,183.88493464639913
9812,80.9355622697872,19.60697939565055,178.46576555414967
9813,101.71198871673857,25.143737046284453,210.59433631664862
9814,73.19704903205113,18.86983133466313,163.89734896532292
9815,137.68040874036944,38.36793898490359,254.93343037096182
9816,84.97458552328948,22.17210967245484,184.50845792320294
9817,127.6398403743123,33.638283456697856,236.56605545688487
9818,62.66248410825405,13.007078006760597,154.65904539948113
9819,67.15933282769775,15.762381278849917,158.1144513055345
9820,51.99274758465267,14.70727040953953,133.22824164452717
9821,109.12225236991175,29.866046311131022,204.18611889491638
9822,77.48810162971166,19.772322138059547,182.5527984443664
9823,86.03825509392364,22.019900331274624,181.6213327681397
9824,93.36961501919932,23.3894000232843,181.18692897232157
9825,64.81346310585693,17.80243186722735,162.71658028439944
9826,93.48628307871006,22.27213748135599,188.3444200432558
9827,63.38611851479808,14.146364603313701,157.21791284182834
9828,131.50482798883692,36.91258194353884,262.93937884846287
9829,74.80114834917934,17.09418920128677,166.01819270960553
9830,69.79222693728632,16.970362437951184,152.94913635385493
9831,59.31790499265415,15.573573122404687,158.1408174782597
9832,136.73638191829903,37.392336867522964,247.0136297145161
9833,80.65971757516282,23.034874348257258,178.4066180980452
9834,130.77890151439672,38.44457868480078,243.28460905833091
9835,85.8843394275854,24.155149033977334,189.35318958992409
9836,69.352747699723,20.127255085509578,184.75727105879184
9837,139.28113617118905,37.623134349100845,236.04844628507348
9838,91.87649573794342,24.944413756489762,185.52365693756002
9839,88.36791438277028,22.704549187357156,171.95488017520674
9840,81.59002473416594,21.484192810221554,193.6303080055768
9841,129.75993501079236,36.331436905160935,253.8662748314529
9842,139.58997936113022,36.822826931547304,251.7016991720307
9843,104.05209374698774,27.49997955517551,213.90967117490524
9844,97.75813159062595,24.881678878648668,172.15068421880162
9845,74.07573976303102,20.918104412374166,171.77934645453738
9846,60.332731525807596,15.693953514896865,153.50584651349675
9847,138.86887925652852,38.70928346567893,255.25514693516666
9848,60.33715350562242,14.334270528436166,152.24948789001502
9849,118.59892784396715,29.930674951803777,244.3248925718104
9850,66.69151649293792,15.902053688479631,152.38472656289443
9851,130.30113147311815,34.139313847565546,225.8846698222664
9852,134.23993567057565,35.89181456398256,230.9992444286967
9853,78.0889018672079,20.103420594666435,179.75840940537407
9854,119.26924346516402,29.467228251214,219.63237397898374
9855,137.90793880814377,36.70260933441555,236.25564693548299
9856,62.507530868361904,13.415635768229487,129.0962308513431
9857,68.00637920548091,20.61266481741485,168.14208438714692
9858,127.23897742484954,32.02030173494622,238.0279011067669
9859,66.22520839605556,15.985235963920443,152.1271449631297
9860,64.97706790554406,16.99090015744759,152.53011604785158
9861,139.37501841101235,38.062897463731396,257.15290737205373
9862,138.4236770205576,37.63787882659446,239.09215611743213
9863,132.73698961452075,36.63594278675027,245.3933212721579
9864,85.10563840884082,22.040481128545323,168.0435506757254
9865,80.29401521952121,20.610839077032022,180.84564122867428
9866,69.52262295608416,17.38453788418013,162.0147344763602
9867,59.29706721986111,14.287919584827476,139.28758030651343
9868,93.07641539762979,24.17588834921205,190.52326715651887
9869,135.60300205858059,34.87376442764424,231.51334936046374
9870,89.82621234631712,26.485122303415924,202.493982599928
9871,90.56580706655228,23.378229943510988,183.26756032798673
9872,126.76277647554834,36.55799459276713,245.619742388727
9873,98.15573957280596,24.63025957241103,195.87706432126362
9874,96.87177634720287,26.488779498224584,199.31817973773607
9875,126.20572329544962,38.14262596772782,238.6046088628534
9876,67.07368687225659,14.370686416205592,162.6312635368606
9877,66.16599884468665,18.113945679702848,145.00973427512972
9878,61.730102212174295,13.789571667964518,160.63890457949296
9879,87.65396301956092,21.512020807528376,177.15212889597993
9880,126.17843585258085,33.71081975644038,243.0120770819534
9881,57.999419663624366,14.826901668699124,144.0614332738903
9882,130.41834204581974,36.42752271942299,248.9806269161828
9883,64.36459239703198,15.21866124502016,148.89836716782173
9884,140.31831834265077,38.16586936647878,259.18485845438585
9885,71.72056445359273,17.74061547009055,166.81189965226017
9886,84.74206742013921,22.690176567796346,174.67500087889513
9887,142.24727988582745,40.01124651670751,240.52270271791534
9888,85.7858513174922,21.258620829664668,184.89939141252435
9889,112.64634452320821,29.355978956806307,207.40766011429028
9890,90.36885045636559,21.681455572945833,203.22027271070877
9891,76.82484997531013,18.170811261200793,171.34641545593863
9892,74.17850499712763,18.56135990365006,174.5002478831479
9893,75.3134972583309,19.63565488666968,172.47521526829897
9894,74.30695019945627,18.10539151978689,171.02392933277625
9895,88.36146078465859,22.738171679805273,165.26892107594338
9896,86.75392069537239,19.647519229090577,179.8503623645498
9897,89.56491910691648,21.045969210763698,174.64550208767122
9898,77.84671133999336,20.68629398031545,182.41289084234495
9899,142.30186797668424,38.21409476599584,254.23480799909336
9900,73.99155193081522,18.651488711455524,153.8874437804844
9901,74.19904192776956,18.84647705860601,168.55354632429308
9902,63.44341859695146,14.172245827614647,135.95920934120858
9903,77.12602256382606,19.55478026250142,168.97532080689857
9904,136.75415689636023,37.324982605398425,244.39002745709436
9905,140.08030578821686,40.82666897588235,268.8813948114626
9906,62.071892488993974,17.537302519226724,151.92478834716783
9907,136.53223980310966,38.28624034635403,278.53892172807815
9908,77.54983610735475,20.962877529397634,178.59230140000483
9909,72.85462095562208,18.60926480511439,163.1768482960984
9910,71.30585886475016,18.573685950863062,152.70420515476545
9911,102.62005802517753,25.196749790334454,199.3655417615769
9912,138.67182979933997,38.32269955515712,268.35557610165523
9913,69.1346118216719,18.17298543716988,162.37070335271463
9914,120.85533159021473,32.207531928662014,232.3391838022134
9915,59.564405423477005,16.908777307307474,158.11410715960932
9916,136.95521362177155,35.143126953018104,244.2688620248186
9917,80.0980586147627,19.94265564258212,157.3652624234137
9918,98.43336741029432,24.05931465977857,209.61027421662058
9919,59.85960031494136,15.519425984024307,151.39994469601643
9920,57.48842532461461,16.323888187629866,155.57754298118385
9921,104.93570389624479,28.913079708140895,210.38773683152633
9922,144.71284709185105,39.566220258716264,259.113599008539
9923,143.78326417026094,36.00745370050712,269.26048761099577
9924,134.0729161026069,37.081122384621175,248.71897660557872
9925,129.64025790676712,35.615758258201915,257.5693549185377
9926,75.21977239211623,18.529502800065504,169.13837919038073
9927,64.1554721754286,16.4809574864923,154.0689263280472
9928,138.33602279081958,38.444398514770455,252.5690561725074
9929,140.32930982655645,38.25955099726412,260.3629903888049
9930,139.10115007532556,38.28943573953255,256.08350708612573
9931,80.28906751440779,20.267761624188207,196.18191685055436
9932,79.1326238561611,22.25019993604604,181.91352083833567
9933,94.08182645901282,24.85579292774335,189.80905798923374
9934,67.94509651556055,16.197074199246877,162.2845776636967
9935,109.32447341643955,22.45089916954883,191.38480354796442
9936,73.56101302412345,18.643970654826713,164.32803104974235
9937,66.67182581648497,13.68537137262548,146.50257902147914
9938,84.50942901595938,21.280295413990057,183.19561173415264
9939,138.05429584244587,37.22308877517991,243.4700528965432
9940,78.63568518688949,19.958889330337037,175.6002005090319
9941,141.39443091248737,39.51816545610883,263.7170191618355
9942,88.24863087314236,22.127796941066425,183.5567065890888
9943,69.61217399857757,20.298911141146935,174.1224018828621
9944,98.53236792827295,23.411475320968865,188.1701987000644
9945,94.70477332344828,22.482652912726984,186.4878632243036
9946,90.5062361402569,23.241673230428805,193.635932300812
9947,67.72684029356755,15.129562801248865,139.20252641782378
9948,108.70115307435066,28.273942869002425,203.12017405741037
9949,123.73101120305402,38.464206033509136,241.56925113177115
9950,59.16112641696754,15.515800836822907,151.48703383213484
9951,140.99757796741866,37.65523494511323,252.9938990080283
9952,80.65604765480278,20.615692938797626,170.19278863363562
9953,66.68850337170464,15.73838814041857,151.86196227041424
9954,110.76827512887083,27.03152865031482,221.83191400425991
9955,75.41281982129061,19.81731575290148,198.4839542072992
9956,62.987278249223614,15.5078445396855,148.61114746362327
9957,74.08555318491592,21.937600918716395,167.28277744815634
9958,102.1461813954766,25.31321034731299,194.0528789873039
9959,77.47363790662195,19.538299638717817,159.23345559461788
9960,85.92971553743484,19.199645558561542,174.17450704663125
9961,110.34251078986252,27.263324217860102,211.7748223506011
9962,118.82033491906212,28.645872531049907,241.5667601908423
9963,60.71173358809724,15.56396234708915,150.15048491999997
9964,118.40210963085141,30.75204541098708,230.66174110498847
9965,63.971587406618234,16.03020042693577,142.42921911584202
9966,127.59359709193983,33.14927598461795,237.25684072288473
9967,80.45611900401765,19.83530520141529,167.2396233338993
9968,72.3202069749319,16.263207913421713,159.460461788787
9969,87.54228121425187,23.034997573124297,200.90777648982746
9970,67.45282737063123,17.36695455771484,175.4865305921871
9971,88.50047916623434,23.32677998510578,181.71853649019036
9972,139.89216181046297,38.24797383226454,259.4543807673589
9973,138.27683235930715,39.336338025826,250.6558363277945
9974,64.25813722826682,15.954828370043105,151.1902095642158
9975,65.48805632113009,17.123599463614642,163.58719366926212
9976,107.27456982372031,30.166068737826304,222.92418178228226
9977,70.40320034823644,15.694218627206705,140.38882234233986
9978,141.59924598576467,37.5891481263999,243.90046721458194
9979,135.3227880568174,37.560112081439634,262.3000055283284
9980,132.98985410069784,33.11206997656216,252.16711460079514
9981,62.94401147315424,13.99314357900326,146.37482079195647
9982,138.24414847343752,38.07505797812114,264.60590485493816
9983,119.75708266539873,30.50035679978689,224.91109607720813
9984,135.34334217061198,38.01441248415299,268.51114645628434
9985,138.80999767841232,38.94117702252201,260.88547144503207
9986,128.05347868254566,38.07043842837562,260.5179116940583
9987,95.81227862531851,24.233081769992,198.3276670593211
9988,96.73341618384713,22.903943827889634,188.62178418753288
9989,70.83018383044323,17.608482311258175,158.59649439823477
9990,89.04960696812537,22.749823321156445,188.18762202693742
9991,64.53001154849623,17.487942009392153,155.65329939689795
9992,87.0910390431584,21.750335607784347,199.4720412606565
9993,68.81939369449022,18.295414310630765,155.07012887764668
9994,76.6680327692447,19.812523464886677,179.97878843570848
9995,67.23275392023315,19.02216394135156,163.09338458924248
9996,137.68296273414248,37.32870533595883,236.9990107985436
9997,136.3460533548352,38.260076696546,247.91844589257855
9998,141.5979071608326,39.672045601855025,262.83789411922936
9999,65.0339996724112,13.261128006756064,162.84626524289885
10000,100.12754369216862,25.700779921031884,191.7731688356195
10001,61.641664017799194,15.711408394336688,149.99092579448995
10002,57.01967341012945,16.32287726348589,152.0056087270602
10003,95.12704425511039,24.877115457388545,190.21864606778237
10004,125.87409750753628,34.932146174540385,234.8193442057294
10005,63.930963462848766,14.721302730389377,147.72561996953715
10006,124.63410903782126,31.355100703187144,238.70674168896156
10007,69.03741687114375,17.062295334877586,176.01684994462008
10008,117.90200820333227,32.53026027874808,239.65778836975124
10009,71.49848689235749,18.484205716979062,162.83643515973108
10010,92.44118876281273,22.354830190397767,185.42675603996645
10011,133.81747578332306,36.507996217862846,251.71774732067283
10012,89.26590383959972,22.691806520294257,189.12167058944212
10013,131.4016611245002,35.774519537260105,258.22373255585774
10014,61.0303366865628,13.448699940467653,158.13888772662008
10015,66.04459313306104,17.18644170111315,162.0614782396327
10016,67.36279671141482,18.966559813644874,173.63546605650194
10017,65.40452150055508,18.035270382533124,154.190132877566
10018,111.9476782252409,31.969671610824467,220.58553255348946
10019,84.80158971916572,21.89224409154753,196.03202903763705
10020,123.85665611623392,32.70528607818959,227.59107441950098
10021,92.61747334804137,24.081639700162146,186.37398778465266
10022,63.24081286086129,15.257849506023945,139.40688522579373
10023,142.44201163634528,40.42555190868954,262.12262341899316
10024,66.81241251438472,19.86835371193989,163.67455006829542
10025,79.52089339459654,20.447942494114702,160.4481619508781
10026,71.82138694250678,17.445622016033344,153.04664571853803
10027,125.74910713204595,35.35154795580238,256.7351655719827
10028,113.84662549340467,27.65780504429217,212.10052877358126
10029,137.310194294249,35.013208979832456,252.31658965374967
10030,81.12268394056852,21.158890490429354,186.42025334970674
10031,68.52444966667898,16.056939444852908,157.7617150582618
10032,134.62565445751576,36.95283734592174,250.44024923223196
10033,132.24963316296814,37.10637533480151,251.13661211081
10034,141.45143380407197,35.34358532255799,242.49060598291
10035,136.17255314080867,37.01414045261972,249.2824018354494
10036,65.63531053824902,16.29061696762913,166.92362193155813
10037,135.6573653325547,35.73953341241686,264.6403659661377
10038,97.3555760325108,23.835922227544554,199.9314034524082
10039,125.772750507829,35.93185682716386,235.88891468795273
10040,61.318848053024105,16.967546306291993,156.68118579251367
10041,133.22050666478316,36.92974750934274,260.1920212593944
10042,74.48729990126134,14.632677695840625,171.2660186911813
10043,95.81943773590713,23.325002469629407,183.8237987812042
10044,130.35977250490376,35.83279931372488,253.43578296870572
10045,74.76401164242259,18.663207691963816,166.8717043473741
10046,131.6506961549293,32.36964430576062,242.76320763423908
10047,94.74536911014087,24.084762234017454,196.30864543888757
10048,72.87148117577075,19.428482364321905,161.23906471679655
10049,78.53974231945962,22.378020121755245,187.6643533760189
10050,133.06845649170876,38.04156604732223,257.46395430610085
10051,80.99330469298968,21.816397785949913,193.9615576450599
10052,61.163203379190826,16.36543243640233,160.09752840634374
10053,141.69159490127672,38.77107650271179,252.19626873519817
10054,62.98792992108236,16.049003571255934,138.9100217734102
10055,134.29244868723825,34.75941816765313,225.30067536553065
10056,55.53283981264159,16.258883839393963,154.40015493304068
10057,61.739672408280335,15.945182558013949,149.618690933836
10058,72.91106200089918,19.311782929459618,168.52156555842654
10059,132.0752406212562,34.87793856970651,244.44083378553015
10060,93.1034116579081,23.14786660321473,195.27091508693886
10061,86.63150602010774,23.147113374887997,190.90764241008733
10062,66.5356372392514,17.783668601090955,160.38354746204593
10063,136.7066074892098,35.196071963822014,258.40857537106524
10064,96.87023357864373,23.693134721813404,188.39270089183836
10065,79.99280673728192,19.809093823626743,175.78575836186215
10066,134.2511817489886,36.3912397377802,233.26784342475867
10067,83.99740201491242,21.206274987819928,180.38498144187815
10068,80.21879954601472,21.717876669918372,177.58621697637707
10069,59.456100419944526,15.854637703031566,151.61515440700654
10070,128.94608548625015,34.24847665406302,242.16612540071688
10071,142.70154867233381,38.06952008927069,239.73494569274354
10072,89.77515019669731,23.95884521107327,193.5077669313774
10073,113.51322153609095,31.2923162396738,216.96208931381776
10074,97.23824374242686,24.432439369389353,212.54764986846405
10075,132.54516433438081,38.382464654215774,259.9642472648566
10076,94.57516919563199,24.363466236259267,205.4489898808753
10077,94.59832041970397,24.142612364004037,193.65575218724746
10078,64.62862084440265,15.618418920054753,156.78265424082855
10079,71.09651949734085,18.372855906482854,173.14925481208118
10080,144.82893131752945,38.51145244877609,244.32085964677233
10081,125.42963415737003,34.284527708782555,240.46131127321436
10082,124.01099298474416,36.166733101004986,234.48915710921048
10083,135.44721851227524,38.85465667749548,258.6085888805476
10084,59.76341411421653,15.45958506521477,158.36660844570838
10085,82.14490440713817,20.148909854091617,188.43663130373753
10086,135.39460419868217,38.75385192808437,247.8464415236212
10087,80.08058526299266,22.48234743535603,169.5383390452731
10088,66.0450827965685,14.581779310655952,147.97748833357147
10089,96.45284665783838,22.154366199184622,183.8306554456198
10090,122.89171917069037,33.6316331206288,228.41189070937182
10091,97.39529813191795,25.03665870753188,212.23030990355113
10092,60.845090706741765,16.18787924021389,148.16091896031602
10093,60.0218655669214,15.174998658905496,145.5916781156561
10094,134.44312123353328,40.39223731030446,245.13104681500081
10095,79.79977704647233,18.552190609801265,190.8683759530367
10096,55.04288482356905,15.575414037832743,152.07631990238875
10097,123.66117486676929,33.26776798202689,231.55330481018547
10098,89.18314503453169,20.642218741981072,183.13813783484744
10099,85.20322195652993,21.980711333154783,180.5955061510918
10100,77.77157826290892,19.80033886784143,172.84994694420274
10101,140.93484139092493,36.8608206673215,252.45220543110733
10102,108.28467277381914,30.4748118135895,222.5610695483123
10103,142.0812035075953,39.25767819041469,262.1647207806067
10104,51.79008078815122,15.31897779818608,155.6373550592427
10105,82.50337920285303,20.471571727956157,167.273763123225
10106,93.62857433486072,24.224719253044153,197.86698970886462
10107,107.01208905754204,29.557348400956915,231.1680691896911
10108,140.8350247970282,38.38250534609791,251.36428784338662
10109,99.55723394341724,26.54630167765467,203.1189998597493
10110,66.99440179380237,17.283569895229544,167.43803580241809
10111,86.99110690836075,24.981639347062536,197.16042860359155
10112,69.10591479655481,17.884383419015048,163.06543473137685
10113,86.28553572770436,22.804670089104295,198.92121470739752
10114,61.53925879826236,15.7013545770723,149.74281353475143
10115,73.31789799830104,20.379775575516565,185.17953921969652
10116,81.92599345420096,19.861452628581628,185.5146093460234
10117,79.5050863361223,20.565944778160123,176.56323589863902
10118,137.84364123219953,38.05060963435882,237.52690227555743
10119,63.92186534489852,18.70031861648738,146.61004014700063
10120,91.66307627119711,20.80554933715055,178.57845585263914
10121,70.53024787414459,20.121185982096407,179.3832828604667
10122,89.29873444853546,23.81924385889893,210.05634538611147
10123,137.9207010192102,37.69688435819844,253.5227520120554
10124,96.61662954690463,24.66637906884262,192.39050249444728
10125,63.64697350597789,16.55657752033153,157.07790409674587
10126,97.68842071178125,23.915476586697682,173.01201894276224
10127,56.644410388040704,14.913023312802967,136.4843680877382
10128,132.90506086420814,37.541611021574106,237.5365457228443
10129,112.70365372763779,31.32884174938754,230.7123491922198
10130,83.53287821649779,22.211052560886078,183.093824405296
10131,143.51144717896466,37.99631337996543,263.12854239156235
10132,95.66217992035202,23.361375835004615,207.8943051465245
10133,116.29489953181239,34.05428388451011,228.10027324273258
10134,62.942870470008465,13.671337851623814,153.13480050469516
10135,76.76788964712539,21.318636460471716,180.0436573063811
10136,71.67328537889328,17.550947069403588,165.2791395974227
10137,63.07366196286269,19.82954557954076,175.10880296099177
10138,133.82548861919764,36.58608354110904,238.01683258596935
10139,129.01113636000537,31.86093093790112,239.8242159797334
10140,129.87756391156103,34.3400509232086,205.8404239178653
10141,69.3078815505309,18.334797374540248,164.10655077095058
10142,62.40883792705679,17.142289627348568,138.82974205702976
10143,140.0178029569785,37.99031065385199,256.4881409777261
10144,52.94798020605711,15.686766420421348,144.76646271453527
10145,129.19837142160063,34.5544599534224,238.3034763971655
10146,67.4422930801759,17.579537582957553,155.4560209392731
10147,83.2139345177177,21.806723645121263,173.75985462638786
10148,120.01243025488616,35.49383482391965,228.41812741066693
10149,126.90309742697643,36.401536801039285,244.82408510387646
10150,54.430728797514064,17.20089451686742,141.6601183038271
10151,136.30189507886888,38.47352576674645,253.25898183604923
10152,90.45430654681111,22.764684296549543,189.105500345471
10153,84.54066982852403,21.893693312561982,184.4564000849839
10154,68.56228822383581,17.511818859328503,162.44187749091427
10155,82.18164064178654,20.96097448757092,178.51959433731915
10156,65.17457390592378,15.592741969100745,147.09713166442856
10157,95.826494765581,24.787523709488074,195.70800703887474
10158,92.49341997983139,23.43010982222828,190.6822531022885
10159,140.87822969251565,39.958219181779064,243.46309094859677
10160,137.82742252820307,38.283890085693294,239.72014547411797
10161,117.05574445805787,33.17136893421161,236.54034043499794
10162,119.82608966252413,34.11442761107977,243.30988609636924
10163,56.167429758385246,15.065776069327997,158.82868095957423
10164,61.3544041416634,14.997116222031712,151.30180947540757
10165,144.12141928857292,38.68028824353535,250.8058999845605
10166,76.65468720730263,18.34763253054241,175.98623132779485
10167,67.12136675712108,16.67498699271593,160.21301396828585
10168,64.19448019333595,17.42195552721154,146.59129338966963
10169,65.61347058966378,18.29689840074463,143.4759625697347
10170,64.84886111603669,17.230615366443995,164.18853482339472
10171,133.5396421295705,36.1934019490783,239.83367272293006
10172,79.95338851283945,21.592853357979816,161.80601088690676
10173,119.42976675269006,29.982079922706287,236.9154367397212
10174,111.46312239496403,26.435983229061687,206.70844105385996
10175,104.44271123383523,24.73158798569676,198.36860490238965
10176,66.2734296806582,14.850305530573904,165.651868555449
10177,83.16909240131427,19.781136874162325,183.6982689352357
10178,62.06597472667027,14.267164325039921,139.68142681633663
10179,107.48615995399697,25.233859909710116,193.9116182114308
10180,74.3740056215251,19.213248967296437,172.07401065269852
10181,92.79251243489871,23.13817272026181,194.03974222845736
10182,58.96558747076873,16.870387428548366,152.19735888256176
10183,63.50150678280477,14.811327369257492,155.4104131701803
10184,69.41725722088783,20.152682021262674,159.46708384784122
10185,129.12757696595057,34.53549073493275,219.3758552302348
10186,67.81718977286324,14.364415674509887,160.44032487872553
10187,141.03814152642676,35.361093516358714,258.34102738028906
10188,140.17012109704802,38.76773604762763,278.51021813877935
10189,83.43366829135358,23.81016969527322,176.27917622243913
10190,64.9798199621288,17.070532924604333,156.5109091972511
10191,127.1104419305705,35.66467647133312,230.87252941675982
10192,91.33769945800643,20.8176138351803,177.85388147063705
10193,82.64554551919643,17.384041019427425,156.85501280132047
10194,137.03793404718587,39.783741069763686,260.7134679957659
10195,82.8672691176048,23.19968169312364,201.86672925390585
10196,144.00903693879692,38.03564916460116,242.23920628995936
10197,81.62450232345616,19.959250130624728,179.08213706571294
10198,96.09721192854883,22.916828987058256,192.3063486778578
10199,96.500902584863,22.388214400157064,206.64067402977795
10200,87.69723843538216,24.54061128110092,177.4192352429553
10201,131.4376242297285,35.52367041265949,243.37014978594766
10202,94.57452041864038,23.90878334012361,187.61612441695226
10203,92.46799865862236,22.12592159046854,181.28174361473944
10204,102.19045527929781,27.583791789832993,196.0426863596245
10205,64.35623375235734,16.993892243977033,153.15498289097016
10206,100.42908557228812,26.909407147103522,199.26724714107206
10207,88.09541304852912,24.302406026370754,200.9473846417341
10208,70.73537327153197,18.243518761559915,161.89067378059
10209,65.11672290470348,15.805311111050615,150.2121686936498
10210,119.38825360765723,28.413634721973995,229.73447346731288
10211,145.89244388540695,38.279456991580695,230.74342462919267
10212,72.62597566376039,18.010325158493355,151.5703138391604
10213,69.46722230462443,17.26209813671829,157.04126009202358
10214,132.453689175667,39.21559124474802,253.1335384134351
10215,142.30838986638338,38.836990925702594,255.82996036327134
10216,77.8463881334341,17.266343181150773,171.25338409936776
10217,123.0041157261672,34.93385078062436,240.5623361496662
10218,95.24423789433999,23.73190845267875,191.44944131464536
10219,116.1950390738519,33.71938853804258,241.95358338726115
10220,75.56014411230369,19.00563446642408,174.28243164426308
10221,83.10655614154533,21.71188564339801,176.79675493848697
10222,83.64945924022129,21.819617528292277,186.56168744476452
10223,136.2707911794462,39.320513192592756,261.82259042606336
10224,83.65099818781079,23.61164446164985,186.4411424517624
10225,73.31289896097779,15.561117502650115,157.72923165651443
10226,130.43586114392124,33.769719964906066,243.72890911668193
10227,80.36886314032644,20.320570188855875,171.04366296589941
10228,71.91228272042586,20.427236424216055,170.9968049344731
10229,88.67041915768517,25.056003623893172,202.11306238781512
10230,91.95520270843808,27.39830933828608,196.4087669228614
10231,106.98842015996054,28.827152807879344,219.43277950309445
10232,53.365149390482046,17.841536966070976,153.25750000002054
10233,132.70824510177675,35.56886899229077,248.30079180628812
10234,70.65105204763873,17.34136838434453,158.78107843724078
10235,75.9492206095412,18.143399832871733,169.19332039188174
10236,127.59437458359538,33.813344136650265,242.7758678471995
10237,81.70274034508667,20.979881826788333,173.58386171879587
10238,57.61853820078173,15.891834980789552,149.9707437946278
10239,135.31266910051588,36.721111508030866,240.18544431986405
10240,98.66029948960612,24.29298008530833,192.06466346514625
10241,125.17537491115894,33.58397724457499,238.4219716894435
10242,115.18277610440272,28.543330844641066,213.86629708372473
10243,58.41489887311507,15.44639933963233,142.31964779476866
10244,95.96644338917103,19.60459244936201,205.93237830101614
10245,94.86365201239424,22.85708250078708,186.09208994950816
10246,142.49895364376587,38.605337460490986,243.6455159911189
10247,63.61087139229905,16.497655793699263,145.1462345570342
10248,78.51065996621014,21.296929197729686,176.36485445582682
10249,137.55165002795178,39.06775305539171,255.07933950247494
10250,74.78119875738182,22.269138748641435,163.29417927212498
10251,89.09742695548513,19.74512687914258,175.25800328255966
10252,89.14410275171333,21.129094000953753,198.11650512552796
10253,74.11759384079511,17.430864942072233,167.5909895501101
10254,65.6774282799812,15.95119830486359,157.80544044496975
10255,134.49501717301578,34.441209483704604,246.01515268707354
10256,67.03259615704876,18.25136167703593,161.92952540373486
10257,138.92041333872746,33.18130465073114,246.24962216697085
10258,69.25038551783713,20.52541955242721,151.52844438524937
10259,133.14053651640214,36.8468860971341,248.36847281928365
10260,69.6386486968928,15.951270353384439,152.88835085335566
10261,74.49114929960346,20.809270817511546,160.89320747194856
10262,90.33075258296462,22.82608539460849,167.94681924120866
10263,86.36215843647797,21.860320529590584,182.0011583547314
10264,144.67200562743315,38.76040846989253,238.25724978593257
10265,82.61639149219472,23.40805799095024,179.4008301152876
10266,73.2439190180002,20.592011048392397,166.6138076703558
10267,63.48793342863956,17.899278437359705,141.815904276266
10268,64.4986560219968,16.825294335782207,145.7718679049403
10269,94.26114462188735,23.775179682718164,196.1059486857557
10270,72.7757631989287,19.931196168519318,158.0866070899444
10271,60.45998997514729,15.266678073422266,143.33005260723482
10272,52.443586808008185,15.45063656036073,147.89243758289643
10273,137.08045543545106,37.801005309023935,249.98376405456403
10274,77.30336066178866,18.37924603428683,183.41604958909224
10275,140.79569996266812,35.67923869593718,258.51640175781534
10276,61.39318347455825,13.548110232857509,155.6248648386277
10277,128.2995670465114,37.036839818674274,233.505516846444
10278,143.13000297040762,34.11574899349721,266.7197028887989
10279,59.898253014538604,15.936321586378272,146.49361386565758
10280,60.42369682804803,15.209382036797775,147.40711661057384
10281,65.7087967870863,16.23682877223663,148.39709653523113
10282,66.38147914370755,18.255226434541548,162.1799932593096
10283,135.28979296849397,36.93164236817042,248.44027881172116
10284,82.14775282668914,18.84185714229795,182.61970243092784
10285,75.30388257329032,20.77792408346671,185.98658513901185
10286,60.010951049065206,15.20753128568561,141.65203323112988
10287,59.49615289229452,16.234809192101768,161.48623132765803
10288,75.44916743030316,19.03246447041491,160.7446102393725
10289,116.25679531290596,32.36621030731792,226.62176407602124
10290,68.4890494985548,18.646517544934643,162.94460122903203
10291,128.624161971103,37.892680111597414,225.77538999295462
10292,67.50168587715456,16.92470483977013,150.69091852219987
10293,96.28314057755544,25.01671955850518,196.90574449827486
10294,88.35815049081687,20.56956410581056,183.128324060986
10295,64.18905920151222,16.67311946330777,161.44063919481647
10296,141.8870016048708,38.386520098844535,254.9367730376083
10297,137.63662093437298,39.58195022749741,256.26018055752166
10298,60.33582043190804,13.591604182659998,150.8630006003328
10299,65.65981275387354,14.78839451760407,139.08361047861186
10300,135.89512750606016,37.95342165408564,246.05871943865182
10301,138.64886634258002,37.668216900764044,247.28164192691477
10302,86.4485497688501,20.982849149262794,178.6283824770493
10303,66.33329150932398,17.36355238251959,171.70927858789614
10304,128.55992622837013,36.7683449781944,235.1917154313742
10305,87.49507140876223,22.30090083244645,188.36500902091464
10306,85.50783653984409,20.89644067561102,183.29681757528542
10307,143.4593644434081,37.7376249352647,267.98261431171983
10308,88.80031446965317,24.875907977090005,197.95686530924638
10309,137.5874276945997,38.58597128639606,253.23783358594878
10310,88.58122346253454,23.74874106996823,177.92599289321564
10311,129.12689122693612,35.40525519425984,247.18717950894106
10312,92.35810254325837,24.472010567063787,196.9229978474512
10313,138.9770155794117,37.92248927137182,253.98235190001662
10314,65.21836927041512,17.594102686375617,163.80991338583297
10315,94.0371118664742,23.584229766776193,196.5064390559026
10316,137.3320205162645,36.7336270567854,243.39883528063478
10317,69.60955872526141,16.375143151191644,148.17995532879618
10318,91.92477772501404,23.1331878284837,198.4792299226182
10319,73.99496726093892,19.034730527996008,167.64633160434394
10320,92.10582415221812,22.320267012702942,188.03050093873102
10321,121.78338684064848,34.28959196538579,243.99930924690074
10322,101.86906980238366,27.315149888496272,204.69432968827442
10323,148.4537551742819,37.450462073590195,266.4414525465265
10324,78.44780077425459,18.64425715481228,167.93472358593024
10325,119.18649095159303,31.026181578657212,228.88483812646487
10326,81.16696539017113,22.20120464985443,187.00650492842126
10327,61.53967631805299,16.17229485031795,159.18039289690628
10328,103.5669764566249,26.417113485578195,200.70201937266037
10329,75.98803937892664,18.89610467886293,168.43234252994398
10330,145.2203371930165,38.33242776948132,258.07983889262255
10331,81.44924491887733,22.372677264237684,190.97654427849122
10332,119.9424990253167,31.036352713553523,219.51790891703976
10333,71.61675583230515,19.71225013938402,165.01303493130453
10334,80.52314239164909,20.058456503122418,173.0355671216057
10335,63.26946031570099,15.872467184735283,142.19066376651105
10336,87.16037774364035,21.947037928477688,177.6981691897005
10337,93.38367666103899,21.65917978683926,180.2264537937416
10338,59.45943068618762,15.16230486978751,166.83937893996955
10339,60.67085736315274,16.135765031891143,143.59241082590358
10340,133.7667732560568,36.51924690074605,246.93504071877402
10341,67.64952924415523,16.836909815065344,142.06605623962847
10342,105.69113520952921,29.647231670494623,220.6070683766084
10343,83.04930915281248,21.211510986290985,169.28410151320017
10344,81.5558586505639,22.83193199244193,189.5877528676525
10345,141.74479118000377,37.90243201476941,257.4924126239556
10346,53.227477408976405,15.228249020075184,151.40914331821622
10347,65.84744836631369,16.639125982846487,147.60192886564013
10348,140.36837662476572,37.74538920469849,239.7441734425246
10349,130.33989696944886,34.46616625395975,246.14070135919084
10350,63.656564168650895,15.090015459860068,148.11548057873708
10351,119.62377257030272,35.54262899106039,230.2317873934424
10352,84.4753135236483,20.65083204645567,184.97958509560235
10353,65.37094228618658,17.122889404233643,155.33329389289875
10354,88.90412494814878,24.934812689472636,173.58878306213953
10355,81.00344683493809,17.267697633362317,164.1644173568398
10356,81.57418584607801,19.561585314468626,174.38687122823947
10357,89.30272940098186,23.38384241032865,180.38802879378036
10358,60.70196854145591,17.909889289196872,142.37922203712486
10359,63.18203525272347,16.73671468138589,164.5590501944728
10360,132.6522419430149,37.24210594914965,226.55852545395126
10361,136.5318044616634,37.29576555890896,253.3090627366415
10362,142.94647971400602,39.65955306126727,253.93256574574227
10363,131.13963120417026,37.87713456329998,254.26149985337346
10364,145.53366384388158,40.47308912669639,246.97028306645703
10365,81.61094769926973,17.624925995611978,168.2620067434333
10366,75.58411872063982,19.06005300931628,161.37789171822564
10367,76.94550419598453,17.09883107095014,150.00140760766342
10368,64.13264659515787,13.55156706875575,136.9681705734072
10369,123.05571159864756,35.13928078266891,247.8205497489624
10370,137.57183622734462,35.89222896129366,237.50310381223872
10371,66.82074983435238,17.93372009754965,158.88063919215483
10372,133.70642603498982,34.89306005925614,237.41029878713275
10373,70.3918444304036,17.1929459415638,159.04567333484326
10374,56.93860935740844,12.317543271326615,153.3951934898694
10375,128.42790470772312,37.42816940620545,236.2242136878352
10376,63.84968410350731,16.204363536948367,150.07579445193548
10377,87.7121024307116,21.971030064379658,180.48851734310213
10378,136.41852499746835,35.12974161933912,244.56041907027972
10379,83.99533067722187,21.135937852775154,188.1939232240139
10380,79.07386393285627,18.442000681352926,166.8442359730775
10381,80.72484168802121,22.21110426289251,177.5401820159416
10382,90.0792728087035,22.274551673407927,188.73016625911913
10383,102.20485443448813,25.00751537668916,199.78004324262324
10384,139.76936523780685,37.95114814365186,256.06691947070937
10385,138.1596029818002,40.62314758326578,247.84005261325822
10386,109.51719585855209,24.892093638727435,194.83237775026674
10387,66.21943861193152,17.407882474120385,159.9049711660494
10388,139.23216851411698,41.38306684298865,248.84780745731817
10389,123.46832577155224,33.09138058345539,231.95837137098792
10390,147.11668258195573,37.54663839204876,267.03257485850924
10391,137.34726897235126,38.600200298698475,241.95027661103265
10392,126.53669421220052,30.358955237429743,213.02170877890856
10393,132.415065872484,33.69840873849905,246.87610152910105
10394,125.33650241890959,33.61223095772345,232.3289667630159
10395,79.09438711711928,20.058781036196557,170.29932219482163
10396,83.4044392819234,19.489510970199895,167.85692794656782
10397,59.93437195919682,16.118702535860745,136.49355658056317
10398,128.76071001865458,32.26460476436053,232.06945396718743
10399,62.15742746926613,14.92756592418265,146.87603843073762
10400,62.31587918685036,17.36305569534107,168.2904005349934
10401,82.92856218130414,20.10324942765035,186.98995273187032
10402,91.57232272058512,23.71259461233193,189.66071825479278
10403,83.78595429616253,21.993955430080607,180.1922628465355
10404,98.89933041520992,21.002374721100196,192.3230714429338
10405,138.6274930318622,39.003442628062025,257.8252533954006
10406,72.97613763466735,21.00397733707143,173.057576403263
10407,97.07932983499167,24.504367959629203,194.29922588204298
10408,128.89107023140494,34.89984273939873,229.80495529260435
10409,117.13242962205992,28.951341422692405,220.36467030869656
10410,68.16293329311549,17.958857826483243,168.38360095509248
10411,77.36626960155866,19.233621521377703,168.86760519863353
10412,82.51504711255278,22.409783733423335,179.39642897374196
10413,82.1102593065008,21.83211577506384,178.40958940789628
10414,106.56254514135038,22.760089428654748,186.81210717636736
10415,122.05515011652285,33.096510186301295,233.70492511126352
10416,79.31384852459219,21.959166285629095,172.92813904129846
10417,86.42149117763232,24.4050448025457,190.3537247299616
10418,71.54230981108233,17.10331750079974,158.87078871344232
10419,60.506622748264185,15.036356501680913,141.12789770725684
10420,137.25225386759547,37.67026851666679,252.9336087460805
10421,96.98250709287247,26.403838973469693,213.70201906372623
10422,60.274485383627784,15.857595447358113,142.21566767252355
10423,132.4662838994855,34.76483230018882,241.73883463170392
10424,93.23252812520776,24.305951811374413,211.4071808248809
10425,84.7176992349029,22.221131194619257,187.27226859199956
10426,131.75400429003457,38.465956911335304,257.2906319249789
10427,93.46145450016384,22.63672477209678,192.68918158262173
10428,131.73268070801174,35.969778030264486,248.9056808478637
10429,84.23715022718785,21.43137222149858,185.19025162797075
10430,134.48219312919355,36.63551289518076,239.64438508977037
10431,70.35816980873831,17.509447399565822,148.467375805711
10432,77.41284084205729,20.516105267118792,171.77142178687458
10433,129.63088487214443,35.172478535475086,231.6428058800635
10434,67.1725169849975,15.945776020579604,149.58874670201956
10435,141.59301392755916,39.81991423065909,260.1312679927937
10436,62.649519001195465,14.092400292257883,137.56683460946132
10437,91.7821676909497,23.764910121981952,200.50958273131639
10438,58.80953332160082,16.385250204765196,153.6882028522637
10439,70.79172768305246,15.798098476330852,158.7989953867326
10440,65.47591427730093,17.187707450196317,145.93749438673441
10441,95.55453727670074,24.74260822986093,179.66439614554994
10442,83.24006406264887,22.388982579343146,186.49474612709602
10443,148.19454953981744,37.93854763878671,253.46807210497323
10444,139.6275536040832,38.80933056654938,274.3538608860606
10445,107.18622095380424,27.4710938365697,231.2526302396399
10446,71.61966352465397,19.35199810409263,161.4008275834203
10447,64.40723001549561,16.283699198306795,155.11144529730942
10448,80.46443639017333,21.46100847861766,187.9657126708844
10449,67.02077132650538,13.812656686756009,141.33406490753404
10450,137.01420373733694,36.42689316983007,241.33306305579745
10451,93.53891209753361,24.622370662950043,195.61319908905506
10452,136.86980758037728,37.99326383671422,256.8267042854681
10453,137.67349439957565,36.684694823054585,239.4769861415222
10454,128.8396992365637,35.82249308230201,230.29236932766108
10455,78.6120816003772,20.881139279760635,167.0893758290784
10456,60.48141485029334,16.611678763968698,153.07627296047266
10457,108.225349450715,28.260528452399313,210.03565159232116
10458,67.45948229617738,17.83721233413204,180.01740691944119
10459,74.60806816517541,21.215175162709112,177.7257544428151
10460,128.22708827736236,36.18206109982255,259.11975139231834
10461,59.20090114648243,17.634347038962975,146.34315089434332
10462,126.68230243112566,37.41067962015774,244.38939123407513
10463,132.62063092553822,35.3216943734684,244.84970760694495
10464,140.53869201228864,37.06180414697396,247.30897266078725
10465,58.89089256693605,17.19919821699181,163.31754529791303
10466,62.81930479824285,16.165208492374706,159.53833176114836
10467,65.9520822979435,14.117815549511421,151.59863500501714
10468,58.15396912169185,15.176683211170563,146.8418146698822
10469,78.98296852679842,19.00420027483673,164.35354411769126
10470,126.63168113752175,32.63891290321721,235.28122851522008
10471,129.68677574773946,34.96666459788083,243.54875839527878
10472,133.35104990835396,36.83622297745504,250.33348642075498
10473,78.97223679315071,19.129106332896857,173.65840635424735
10474,60.39244755059173,14.870337257830807,144.2076588215929
10475,78.8953137123862,20.050050274328857,163.90514151672252
10476,60.82323320655784,14.49966746665386,151.84220140177453
10477,91.4968645830994,24.855443764587495,201.05518070958615
10478,67.74351087381623,17.52165644937816,146.97730504596748
10479,58.48273010635692,14.599950745116036,145.0673138824971
10480,70.96814396125127,15.722492827001188,147.0596786546121
10481,77.59787726309516,18.563317435611484,178.99708242535323
10482,83.61287353414217,21.154705136171575,181.5949315069714
10483,84.8498507342771,22.006576931631844,185.35101435026095
10484,90.58024793236052,26.61325272211275,208.35289518725136
10485,70.57416920885728,18.638658938018953,174.42937562431862
10486,142.55016817047627,37.949330936133,260.5371909151986
10487,73.88256134128139,18.027110882069262,164.83358287413242
10488,141.8118031326517,38.27983802609784,255.73593547004455
10489,123.31701303940041,28.619353188964997,228.7158353126816
10490,85.40350422194814,22.76393899976939,193.83296686181868
10491,89.60329052411294,23.405830883570456,179.9214533401391
10492,75.4625838871436,20.57515556421333,164.10000065213475
10493,88.32683319560192,26.071370029054577,198.45338990400617
10494,75.21355626989673,19.080348114511946,168.177009685248
10495,134.812363977027,35.69300884695718,236.63043380777634
10496,75.27810085694854,18.52953476809761,169.64783841774465
10497,132.55712986911473,36.50200725733283,239.915306390291
10498,135.9858469512783,37.70079187538804,251.7513160527747
10499,84.59845147936404,21.182632179099574,185.55549745567257
10500,84.4860231136906,20.74700561349776,185.0215551299022
10501,81.84006123016273,18.442227120493524,185.18828186757807
10502,72.96216451135196,19.920466774902753,171.16271517491575
10503,90.23354383250408,25.92242405312928,206.82549479317
10504,96.50816255796018,26.118912394499034,184.68230119694798
10505,88.10509681076881,23.241732795685337,194.47516417706052
10506,66.43030252921442,13.021126036207184,155.72209571324473
10507,66.25438068914487,18.19199270448272,158.69402256941467
10508,119.89563114311252,33.22106401950057,225.89737531099766
10509,92.10911451681964,23.349611824843674,190.96019299765518
10510,87.48287750594612,24.2328211518828,189.99175038835202
10511,67.81152277352415,19.118675931773296,170.74001556997814
10512,100.4166479371461,27.873841320853796,218.62997967613694
10513,104.37010804695743,28.75881047040382,210.29544528540745
10514,65.37393046921771,16.205080472689225,138.16321409779033
10515,134.59224559752445,36.73619009897654,243.5309116077964
10516,64.42968875025366,16.445653301849976,153.72254291331345
10517,108.4206908342453,28.282397925490894,206.11834564465104
10518,120.89785312308881,30.45156262329927,229.97248766691635
10519,85.54507667789669,21.408072753506193,184.81480553148228
10520,83.3929955250553,23.66232000209291,187.54485164058562
10521,125.07618312724337,33.95632412596189,231.07673462932152
10522,92.97244264854983,22.685147700739364,185.52268568627508
10523,140.51257700741277,37.51419320372471,261.11231574437005
10524,70.14961152177268,15.446443916885265,154.40601260578384
10525,64.93537303821965,15.788343751165947,159.1370500257111
10526,86.6379565527288,21.869479805245927,184.14078605046123
10527,124.84417113216239,33.16628679302439,242.8631711827464
10528,79.88354994655218,21.076036731667262,174.9291666463843
10529,140.85398652482942,40.660908393745146,266.57924761770516
10530,75.97260356441005,20.880685081081293,170.10224739981098
10531,87.97458156280184,20.52128208914002,176.61578272350974
10532,93.97854820555384,20.69992603066102,188.4746667053922
10533,137.01911473212303,37.83755510010294,245.8818630435131
10534,69.84883067562417,16.22785851697867,153.11589118614532
10535,138.3516182198887,36.06825073065372,248.1052825817913
10536,70.39255665202316,15.973078116880616,167.66370731743373
10537,67.99664433210457,16.72585757370042,146.5564603834832
10538,69.58667013346037,20.15296379516312,148.54772606345517
10539,135.63564821986463,36.73403019709067,253.04859163355025
10540,58.481668141595414,16.076939758234147,143.88283046111934
10541,67.91760770741226,19.12295041553539,150.96494035564345
10542,125.84323073178648,32.0833111209487,215.05152137025624
10543,90.74969187382548,24.012459165614946,199.28671053869735
10544,84.49681768267979,18.79726444768742,174.6861677341452
10545,138.026281317286,35.14720952990822,240.7713550260422
10546,70.64046665779577,16.688620902133355,155.44618678419945
10547,139.2192943661575,38.520514188867686,248.08321621878548
10548,142.22340835277927,37.984180555579975,274.61222020512565
10549,90.70459451258964,25.700054461809312,185.9189483052927
10550,74.34549685167504,19.73979255336261,172.24025344497355
10551,57.56279706167069,16.6839305800306,143.7481553385625
10552,58.68495531315995,15.023116950690282,145.07579222781945
10553,125.74137949373475,36.14418029024522,237.50500283102494
10554,131.14865628185134,35.32826529441028,240.97913206751613
10555,78.80700493578021,19.27407537565041,179.788875665194
10556,65.78195094352314,14.393100774574945,146.32677396417168
10557,84.06060734124573,21.616821031676093,180.21747423945666
10558,135.70725406339793,36.077894450414064,253.14754379545573
10559,102.80833042226708,25.92942442057671,193.99220454566714
10560,138.4786716907639,39.61207565925278,246.0875522183056
10561,79.64193582242622,21.559661036553447,184.6077313576624
10562,141.71947469789407,38.74715595669841,251.51835837619743
10563,75.76245609415342,21.645972356287892,185.38139655033413
10564,91.19179016308908,22.247798913746664,178.34604659273748
10565,68.97042476164991,16.830289006076704,155.71521766557143
10566,70.93051438920342,18.400263111457992,175.63176275074554
10567,140.90794263977975,35.47387174139668,252.36530058995064
10568,58.690736280100595,14.553287829660514,159.81217885446344
10569,131.66042165569095,36.642691679408806,250.60190455480026
10570,101.7936072467787,26.6152420815897,210.32195271088423
10571,103.12087969459394,28.060968702725365,224.50417055682615
10572,135.7209136285284,36.5009109561366,248.29781386232463
10573,91.52598846716185,24.21009063498523,203.64348504078575
10574,66.70344000200929,16.752515660198135,158.0971926542358
10575,136.8383740509014,35.37706144165599,261.8440523985406
10576,139.81682646912,34.43404652671867,258.652932944099
10577,136.78613973344554,39.533340022959194,250.33390397864534
10578,145.01122203195507,39.23403890895003,268.04170342003357
10579,67.27289399268834,16.907123269278433,160.02059309035323
10580,82.30582937060656,21.310758026193845,180.51915823540938
10581,62.77777093451761,15.727835049268693,156.65165894319497
10582,136.31142515049427,36.13182699159247,251.51214060547633
10583,68.43023724354116,16.83142561679139,166.21538187818194
10584,93.32094593305142,23.32916439817385,188.5443411530797
10585,130.20310879030922,35.49537619468499,244.5720352986996
10586,91.10974761078248,22.973209508689987,192.07765333551075
10587,70.21994359735798,18.614712582029345,159.86121017444322
10588,142.58800444690243,37.05766910319719,258.2151126567621
10589,79.83700517193634,21.32676048830286,189.99265972811676
10590,77.8007834768085,16.996679128667967,161.9557307801449
10591,74.45704814521353,19.511048571346365,170.99163412877377
10592,116.37633850783568,30.063873508100126,211.35913286784725
10593,59.654489484201626,17.676869474718057,145.19119854345485
10594,125.02228324026251,34.25247373498606,231.77627831693158
10595,123.1415188954286,33.54855136685156,239.24399379699645
10596,77.76693819076291,20.688620139339637,179.6175810275366
10597,132.53013436839834,36.49135704370853,244.25756821052508
10598,137.9942042625293,35.92238858363529,240.1831268939657
10599,71.21676012135065,18.360085112103523,166.45901474480397
10600,56.80985666750197,15.78548993863312,130.8313215498702
10601,124.48985560521037,33.75511137804899,234.9310215162932
10602,96.46490925557693,27.52228526240211,189.31106624792554
10603,78.84260300820267,20.503618598324795,179.7777624967782
10604,139.2726889889762,38.833349805640374,261.6652233681563
10605,60.347722684168765,16.817132366274283,158.4005676259733
10606,97.74011773233504,23.60957761485604,188.16844131733612
10607,115.86777494005277,30.327968121095047,222.99674930291488
10608,141.14948950220085,36.92072181453677,256.8353501110292
10609,79.55060503531179,21.668510568874034,192.72983879497664
10610,136.32217715833727,38.26674812259743,257.1668868094685
10611,137.32574578747094,35.8687382706917,260.5126894970169
10612,74.39521723984568,17.80635782929131,167.68997438640955
10613,72.87028008980148,17.3783592070487,169.09171647784433
10614,65.40292308279338,18.34997485635504,170.80099974618398
10615,61.29517291954824,15.623600538966759,145.489829484712
10616,130.6120231291219,34.09289873258968,252.11489047364248
10617,133.0056241223127,40.04018042273277,259.13597799329955
10618,139.27129381886968,38.583523944172505,252.2784874555944
10619,64.4099388655025,16.500398133604524,157.0913814508881
10620,94.32102182850012,26.175914829308827,220.11784839775655
10621,63.0597209560075,14.246852861551382,150.56110279199154
10622,101.71782864899389,25.912767466946104,216.96670751643316
10623,124.88763448405315,28.669342354776237,229.2725243800983
10624,143.95214762039757,39.52157209347053,252.1307066671391
10625,122.50104323116973,34.102912153726,228.8070260165366
10626,120.83884610280087,33.277336042386686,229.4821683043001
10627,142.07630451305346,37.09095892909175,268.8291201387489
10628,116.0157240106786,30.356889826764753,232.15548127924112
10629,91.64616221421596,22.160893395626825,191.3655679185088
10630,135.97930411053338,34.24770228232087,242.73562187453072
10631,124.99527625840172,35.717852408355405,235.638524977422
10632,69.0398921393518,17.30119868493046,173.37337276190183
10633,106.86331663671625,25.63997730963968,207.6243210373796
10634,68.05859827661216,17.41952773220554,160.15013611846572
10635,60.0600993800919,15.882190125308322,140.66674942558953
10636,135.10782145825775,36.032906206160526,244.12549979315426
10637,56.41462271516627,15.204239603356624,153.06857865762555
10638,85.26428916841839,20.78888020264523,178.69580341904873
10639,86.07413854998694,21.561473736825572,184.0299373091763
10640,90.15117471166785,24.635830820356777,200.1557679923826
10641,143.10030478847156,37.47740862438187,248.9817886210715
10642,132.70983263280417,36.14210258332263,245.99966653219948
10643,71.68325399913958,15.458028742504956,155.13530322863903
10644,133.16786326577557,36.52193951358841,245.71175255331977
10645,102.86170958398456,24.872366982398134,208.4325635398276
10646,66.20197243239672,15.98976029552418,160.78992742153187
10647,138.1604932705694,36.57222870004535,272.0545119277097
10648,136.02773758735995,39.4711255560883,253.46190215932992
10649,138.19487586117287,38.7871723640889,252.8113205019196
10650,83.10361306610083,22.126405496575686,162.1548035296154
10651,139.82547233628017,39.86068601021568,244.28864521060726
10652,63.97051732097467,16.695506647825358,161.09771224333934
10653,140.72594477792404,39.31310732443597,260.5504876339564
10654,114.38259614784589,31.27972901021181,221.75481130828047
10655,66.76509855881058,16.454798088219032,152.9651738239621
10656,135.5392570428679,39.57363059824722,275.19396980148895
10657,52.22811604497961,15.615646070280645,137.26602251283126
10658,129.59499580695882,33.43773849810942,247.08659636495597
10659,71.95756051336836,16.483048063985176,153.46400345569842
10660,139.1332662094471,38.12584336919541,251.31176554195852
10661,80.29853763889639,17.26266100736847,152.2361311594308
10662,74.20634748324765,16.180740899649802,163.03196889852762
10663,135.01601338260585,40.381837116513914,261.0819520279708
10664,61.91793726624832,16.11703791591727,160.08322529023383
10665,132.11209700942894,32.20828957316313,247.70952763782705
10666,65.19125343389098,17.283071964024078,155.9399875439873
10667,79.56978837169646,20.55673397561907,178.12799433106883
10668,95.12730484085448,23.616597894937843,189.75991083677405
10669,73.11335150018908,19.13628197417579,164.99623954282382
10670,68.85251838298234,17.748329606587905,140.2458930399173
10671,142.3440736781259,37.67751845347195,255.9093425927259
10672,112.40561096935018,30.47813919393855,219.7092620027962
10673,94.59336761555512,26.84876243397036,196.7414488904399
10674,89.07025853740164,23.048122436663622,206.05000955020486
10675,70.31182277037196,18.781455667038028,165.431939515867
10676,85.38555130827527,21.54401041407007,180.92248012337492
10677,131.30538290435268,37.514773958043605,253.23535430486706
10678,133.2379237687767,36.37460989170458,248.4895963753253
10679,87.91975999449402,23.841114820694106,187.93187120211454
10680,100.29281179175018,25.577805086310665,202.58557716196506
10681,59.73193350439498,13.512655091131625,146.59080971557776
10682,136.6056337589092,35.54915226071896,237.79008728107044
10683,90.48169439374442,23.74392802577123,186.76331678266794
10684,91.6606505490024,25.075715490845642,188.3984603496745
10685,62.810175973518135,14.111135374651523,145.4485967107603
10686,102.17377230188241,26.37183898767903,198.9578636293235
10687,56.51493112782523,15.046387086801909,157.93805075713536
10688,66.99827296825943,16.671461489701844,157.20748760754773
10689,88.33461712419258,20.247559426804383,180.15016207067126
10690,93.15246384565943,23.847465841724155,196.9660272789561
10691,76.74324079504508,20.36673319848429,181.55329370427503
10692,66.38350296342836,18.38672282658558,166.80981854684882
10693,137.44181551274855,37.45699232273403,249.83329305415432
10694,89.68441564961405,24.732505661442186,210.02326429985933
10695,140.30170959017406,37.59517430791828,244.8727095591953
10696,88.18231015206315,21.35467109893509,184.08571110107542
10697,131.07639512827737,36.631848269775396,232.88893463546844
10698,61.178311871328,15.466140484618732,156.52478881073836
10699,87.2744471567189,18.567634696621145,180.63754171770384
10700,54.79733729705421,15.592290284888618,132.6415584613866
10701,95.5746123967743,24.258071500285986,177.2370630861694
10702,59.45388413678979,13.75119768916474,130.6377667802345
10703,63.42929318644702,18.42072931807632,152.02913430694528
10704,135.98491658246465,36.35589836994239,251.99134153420815
10705,73.21576541924152,17.91515436158022,169.94473445975763
10706,133.32219544056292,34.19429581552468,222.17356893743457
10707,130.2595749223962,35.469357352786155,240.5686254850431
10708,134.41118483081655,39.06748703495237,250.2187746449617
10709,93.92750166856027,21.876025712147413,182.74103164216896
10710,79.89751061624807,21.18857536474168,186.53860162760424
10711,110.8945094773667,28.67313660791446,208.49341788231777
10712,111.22253780765077,27.23373682704209,201.2209964812462
10713,135.7962799715264,37.57731241299215,253.71518253540094
10714,87.15028436383066,23.569991729841252,191.22260958713034
10715,136.81443927904346,38.00260075478134,252.76193661059946
10716,57.660679344162105,16.549779332779856,165.1694065411397
10717,98.75025710031919,26.244062828367476,180.36908859044593
10718,107.38723852840106,27.398356294133205,206.1578496538958
10719,67.15108298371995,15.436651270412673,157.33014459072794
10720,92.81625120563878,24.3149305148475,173.60102836710158
10721,93.9030231980763,21.495574963896914,164.4305910545523
10722,108.59013198611031,28.437315770270448,205.28810377989143
10723,58.06953702637647,16.334463535126115,148.85184270501654
10724,144.44072423684943,35.70954673531079,252.37157115958064
10725,86.8927504227076,25.911322656255287,185.84809451899764
10726,66.00003878638204,16.473373304761953,158.80305415804867
10727,61.09075915744602,15.305871042487544,144.38887654912966
10728,69.11620135805809,16.53098543866104,151.91091156457017
10729,106.96026876680394,28.891943679178514,216.65640070253437
10730,128.00242026946773,32.96399941529895,240.17744791379755
10731,63.930817909463435,15.358065654326571,136.88790785416202
10732,136.14701326266308,39.921672079618695,245.54846392862927
10733,88.3184660224544,23.51473823208683,186.29627581194214
10734,134.2786356511023,37.27542317172077,244.72236821730095
10735,68.6282873216947,15.360032287445073,158.78106900824156
10736,89.86410267023338,22.886743834111474,190.538305704789
10737,81.88021553935134,23.493375702657126,184.3191729249169
10738,65.64674056612887,19.427637448118045,147.7609264788037
10739,96.89927230275816,24.367867556244157,171.76131756066192
10740,90.1985076571497,25.07843736601961,189.19835856581184
10741,75.42185773735473,18.922833340590966,164.3548358136786
10742,78.8439448278359,22.017968709911433,158.28980447057663
10743,95.59685872196751,20.91351056163072,173.08092066597231
10744,125.21514829258122,35.64840939513879,232.93900847426303
10745,66.4018879211083,15.54255841475262,143.2993489429389
10746,129.3814306281009,36.722282613286026,239.61672840510766
10747,141.20146907184838,36.89527082682405,254.44620244864078
10748,143.19851667028325,40.629268705020515,240.2190060837619
10749,64.10448449934489,16.601041485670915,145.60395572011782
10750,66.20082881480668,15.775086957567789,155.1759193315761
10751,74.25793333273616,16.828869699407882,172.38473644312668
10752,136.27028401362884,37.712805998663505,258.92811262943457
10753,106.96709668663465,28.939562131799065,216.7398509966413
10754,123.97771048061276,32.37955756141164,235.6006617578993
10755,72.93781862317647,16.899749673851108,160.22017161379947
10756,112.5552451811739,31.171091820275223,230.36906063529946
10757,96.97599636538635,24.546431932211835,217.39057616369413
10758,90.20338195037519,24.249947949000546,182.5683878768498
10759,64.05107893544593,16.3710959378822,162.38278751039778
10760,92.48303209979404,27.38235797623068,198.69190193323735
10761,72.54254495929696,17.39031372730005,166.75153296939365
10762,64.1390670361181,16.718034228921955,143.8761559709638
10763,74.30093483888012,18.560946944755056,165.12545623757015
10764,90.85803645515868,23.344867613055882,191.52448306400814
10765,78.74475900448773,18.5029982252687,177.7184019977294
10766,124.7745274380634,33.92259291076865,230.575858825131
10767,121.92326721054441,35.84624571146446,241.7404130023139
10768,68.37388200798175,14.313039900540305,153.82245189434863
10769,64.17510627111677,15.139535206807674,158.9868194874704
10770,122.95569327060021,34.582909197737834,241.98585009771662
10771,66.10433619326601,18.36983040289388,171.57720208896833
10772,91.72685776582178,23.884497853672354,167.2197980390366
10773,57.712675243217625,16.707799814069602,157.39650237550094
10774,94.11772431094711,22.920896110386106,186.4070806792531
10775,107.76101425473355,26.74115975307336,200.57089971984044
10776,74.35499062245013,19.073881154119263,162.03983410730203
10777,90.16160209411537,20.98943785255194,194.84759113376404
10778,91.06670708389349,23.54928581012805,182.97999525954683
10779,93.67714391536371,24.198463234989276,188.41208753524003
10780,93.02954932017964,22.87408936196058,193.7990131811177
10781,140.82435847522206,35.84591765569382,264.2991309739756
10782,57.99490375210761,15.04718171046622,148.35204061872807
10783,135.577343132592,38.681161912071296,245.86883608102673
10784,71.94820454908903,18.291310542479767,174.30673236707278
10785,75.20473905581183,20.90567174422829,163.79052097411758
10786,77.24936243997526,20.11272288089874,169.57578655942208
10787,91.58952198193984,22.138376427410474,187.08918881113527
10788,63.86676970753601,15.446638647082471,148.96790129513766
10789,90.92276859727919,22.512924612816807,187.80217461248319
10790,63.450910039399666,16.2394245715937,155.71763800991684
10791,96.13800801493103,21.51413086870178,214.12072134564968
10792,66.33783611862425,17.175068558147718,157.7085840472388
10793,90.28505898657157,23.864843954093313,191.0850735681304
10794,63.75587159259494,17.005103783057596,149.23205549671516
10795,84.52768599546106,20.633652003038495,173.69342002546475
10796,62.40763971821556,13.104919955818776,143.10528834888072
10797,66.35181505183796,15.110071626964688,142.7423858645857
10798,65.92920916976881,16.824146753297487,152.85337827370532
10799,84.99375763791856,23.07653017405602,173.8141351575676
10800,71.36339022845921,16.19753226992764,160.1122675081833
10801,63.73230793724397,13.363541359275578,166.91995195891658
10802,139.91841094944888,36.17902322389461,252.67957001220546
10803,67.70888667023738,18.175349441173985,148.8695313251571
10804,140.99800691571315,38.87716846823178,249.7622009704521
10805,140.09717424088402,38.373121925659056,262.072782939045
10806,77.95402695304817,20.712415317250542,172.1936715329736
10807,87.18202026896249,21.395282022578645,176.4482612590568
10808,54.56726986301748,15.28684771076919,156.32926487552064
10809,84.98947011095706,18.360469645381194,183.10109152180237
10810,130.57636774194364,35.49708870029459,251.82030532319428
10811,124.39281289888221,29.95252745908174,198.6649748947816
10812,91.0194350658253,23.224218630580605,194.831005600942
10813,66.45051036136756,16.52793930917642,157.8284694288171
10814,135.50806517243143,37.34894084737473,258.94217909862886
10815,90.98094673898076,23.160039143069437,180.44285946740735
10816,116.23414730006485,30.733864872649576,243.13489015916159
10817,137.0423643248102,37.703878995068074,259.91454990406334
10818,70.89489431138334,20.990222627341115,169.96034892154339
10819,88.68379290028419,21.577499688745657,202.55803394107963
10820,64.38169847232939,15.390483224624566,142.18818725914136
10821,64.77481942283461,14.110374941453719,139.1326417377646
10822,70.95418736634127,17.32583456991247,142.1400457268003
10823,139.2927866433768,37.684933699190616,242.86562264958715
10824,68.04155590695737,17.701390704386213,170.85314146011515
10825,84.17583371858804,22.057427170037865,188.786569524493
10826,64.26667180999392,18.509574305062703,158.5494137962917
10827,57.663050384825745,15.958420447753364,154.26029388459594
10828,127.67554097315823,36.36888966958891,253.18283222410068
10829,141.75202912028266,38.45589465755162,266.29091588823013
10830,119.69248524785394,33.757970233055765,244.42639174174244
10831,95.29062637493578,24.43766809654306,198.79940093923787
10832,70.1337286167117,17.27281096690238,157.76048850801956
10833,62.55485660494808,15.109785201392134,149.5027792888104
10834,100.58764129977642,25.872062950050978,201.0821186335713
10835,69.71606830454722,15.837627437089466,155.4873918512266
10836,140.49043711920015,38.17242297686917,252.82156458612192
10837,129.14011143228734,35.53870522974356,220.82644975904063
10838,135.89761928658444,38.552577282549045,252.24484979908962
10839,119.6753567187252,30.367177785837345,221.47467437117368
10840,71.43187035358467,17.353759824370183,161.731261129952
10841,144.48762419956373,37.87478757642897,262.84933300705114
10842,67.37285732383326,16.774490271361763,145.2153558537728
10843,136.54872149462372,37.00712327528269,267.82470163674753
10844,94.32171512436109,27.108722946648523,209.67580935383253
10845,75.39995451749188,18.792052836292882,171.3392601107778
10846,130.12114240736042,36.135311405469544,247.84264767581
10847,116.0223887840541,30.48587940476217,205.1520622167492
10848,141.22298936910207,35.857255673126154,259.08820020351124
10849,138.55068431212158,39.958549109051155,251.49140685658568
10850,70.02354217257347,18.113302663743145,147.57727627841788
10851,66.59980721283848,16.212288833617315,152.30298952561725
10852,68.9868834181834,16.2386655300287,151.1930759341665
10853,134.1437165139743,36.453581871818315,251.1531607039166
10854,89.95527590596285,22.00218242512847,192.95053529963363
10855,92.43429901291408,26.930359652048853,199.16312781205053
10856,135.02473445680948,35.712597947051066,232.80199329397433
10857,85.10959154211142,19.87677218072,183.77759071817874
10858,77.96296201198575,17.521621760731787,174.41389183075088
10859,88.40504365676976,21.112633001532654,193.04373818053668
10860,141.13407861990507,37.71474822939232,258.5544359688634
10861,140.4132926664789,38.38755017330231,254.75862733750202
10862,60.24711014910955,14.147646106888203,155.967441196223
10863,59.684333913663316,18.504600911329963,142.89054148274155
10864,67.31682500405385,15.493550367088117,157.46646564035504
10865,72.37311342181906,15.120836429148126,167.42498143584496
10866,129.6287406817237,34.562773118112155,245.46789042503056
10867,62.141955726190844,20.094525079716444,165.76393735211653
10868,68.8505309151321,17.631921142504904,160.41725675563376
10869,131.45464175573957,37.68978788201819,237.0220773079379
10870,72.0445322278923,17.826538996102375,166.40506192642349
10871,81.25271146704183,16.775722573211617,188.10610651788295
10872,136.35245144488974,36.22182149954302,247.0055237932532
10873,121.70235566097979,36.147079350714215,242.2801336149029
10874,96.79728866181632,25.202253842541978,194.86355479981822
10875,136.3460262359986,36.003911107111186,263.7614592922948
10876,84.35406550849977,21.952041174635998,185.58015471784964
10877,56.28980811589573,13.48324000808848,142.259766934111
10878,121.53863368636394,34.16523597905259,227.98418918727484
10879,78.16511453642765,19.29501033469614,160.5965945068319
10880,146.7423706659999,37.75047671252637,248.3416189318299
10881,59.568484184420605,13.532081478609035,149.54471804994364
10882,63.869143786333915,18.32735111584386,144.16538568199377
10883,66.67850624369834,15.494238051721416,148.13552924468306
10884,125.77154272814141,33.00043728488802,228.5482806522848
10885,127.55290417570583,34.73734266690797,253.11928769792675
10886,89.71127754348929,24.268180728433233,184.27109190007857
10887,80.02525579518522,20.063373408319222,146.57412375693966
10888,81.70931032841786,22.958338231870886,191.4922520965106
10889,78.23931266013317,19.974026998316123,180.71567389759278
10890,69.67585950452387,16.546613711425337,154.81665981612227
10891,136.8946037511332,37.26620991737722,231.0138560107195
10892,72.93165778523432,17.8292356155913,162.41913225878537
10893,143.27712487309563,38.49252045016613,243.7408832290433
10894,61.785547797129986,16.087190944125293,141.9395006461995
10895,121.71063738698363,31.077933542149356,220.23217611487232
10896,70.74483345075805,18.614055781520758,168.3782391962749
10897,67.99616529733328,18.112301675460632,177.35265913150218
10898,95.8418082866746,24.820506085195984,210.07433556734318
10899,65.73896115561483,16.457497702990697,155.60076840927212
10900,88.5766907680539,23.048733672939452,184.07946952474217
10901,127.03910190488621,33.645923416595565,223.40643910558182
10902,124.2508631573727,35.48810749266672,236.23991532522328
10903,77.55036175277611,20.281236980468858,168.98795652684257
10904,107.30601376729796,27.76380381902428,220.7328869652577
10905,128.01675866320437,37.817100968063976,234.83485595671445
10906,64.99499404476114,15.953408524692842,140.1393265241393
10907,59.74353964963142,14.295654990700026,142.7392357958577
10908,67.56495271943884,17.59880583583809,156.9119003030551
10909,137.50576243581142,37.67399696134051,251.3527341554961
10910,87.0436182084548,22.714802135560927,190.36013320728946
10911,77.84309781404029,19.979085530191238,156.79725682102887
10912,116.40972891416429,33.12478990703473,225.16259838063294
10913,108.10493956028601,25.223560296173112,201.61117233607806
10914,119.63585549607316,31.861338149274605,234.90743896754213
10915,141.1645572395591,39.32271874094925,258.41278269636246
10916,83.71263403507963,19.229313003305744,186.0141359425012
10917,60.86883910311404,14.983744408497964,147.29763260526053
10918,65.3323089435224,17.40560710859755,154.3629570130287
10919,119.64593669381703,31.291735597306758,215.54106550253502
10920,96.37424382391775,23.249298145524122,179.9203122674178
10921,99.59865607056803,24.962429201491535,200.1916394899444
10922,109.8880789769255,26.97537966146368,210.69130415318966
10923,83.32817030207954,21.73739185374856,168.87015688297421
10924,84.57386977395045,22.519987664192087,174.05491666344668
10925,91.21908397794469,23.491462368899153,188.525310591279
10926,88.02759006511536,24.046007399982496,193.76480954074512
10927,139.1567798434972,37.205408692087666,250.10944573603848
10928,66.69239782068865,16.91883604690808,137.04970340345346
10929,126.03667223588104,35.01507662971124,233.35437844150263
10930,138.84286648120917,37.626183233346616,265.5133505088813
10931,127.17193330995936,36.23284898279815,262.1373340312645
10932,60.327366041961014,16.31901919288376,134.80730573591296
10933,112.8312963774473,32.501889058427075,231.50020418541735
10934,85.19931919502311,20.533095000754365,178.1783738151237
10935,60.98256207653444,14.184701200307426,139.7433975667004
10936,94.07335583410578,25.351053832311376,211.82752480441823
10937,124.60972403834732,33.41818850608724,224.12843937960386
10938,92.53217956961603,22.899804686128327,197.97094714574015
10939,69.39797420803662,16.079052771278906,153.19285616806414
10940,72.01013828578297,16.209874651398994,155.2925702693178
10941,122.21504636379649,36.054930690338416,233.37063199436122
10942,89.50895725416915,22.649279089779885,196.90208227503305
10943,87.22803737514805,21.301197980317422,180.75732880670856
10944,81.8892095430353,25.326987236586785,195.4182639444292
10945,61.68212173553256,14.288856694088475,164.47282645118034
10946,86.39862808641442,20.853457133168643,170.46081287950642
10947,62.451693718285256,15.434899887703873,149.96403633069232
10948,137.50639782497828,36.964171834766276,238.21258040042096
10949,109.20123169503059,26.113200605826666,212.77821856738356
10950,135.3553781859604,37.99035636702653,261.6339661847343
10951,96.23656822597714,22.087612555356028,172.69318911272816
10952,69.73428471286724,17.162681462788182,150.73833867714333
10953,83.27760550119176,21.406336791332865,177.30537396523826
10954,64.32214885228258,14.336519160224048,161.57576302674684
10955,139.13198746222733,37.32141794913711,256.5272619165177
10956,128.71704422132473,34.0763462499225,231.32511401177283
10957,57.57291622827583,15.322003877310495,157.31933160838636
10958,83.52775897700774,22.979125668264093,182.81624776230043
10959,119.68688255758559,30.5322230032994,218.10634457285582
10960,139.29243578721466,37.72751250106448,252.47644220704612
10961,94.45813100593163,24.06504085000407,196.1834445438912
10962,121.26053052810902,34.82982002028343,235.9167750663722
10963,66.62643015508063,16.23873339378847,157.14770008860452
10964,56.91779307124757,14.630247124185654,159.06241323103998
10965,143.9845143536028,39.36520943318568,245.58372477906855
10966,65.65224790744684,17.21215259905706,154.04739014038122
10967,61.191651479097665,17.72423470422386,143.47670851230518
10968,96.60214100912435,26.581562094488692,213.2591699703734
10969,126.9937453288756,34.109824575371285,223.94700472602847
10970,108.80365090122639,30.695188837891106,233.17948805991497
10971,61.274463460134264,14.671741691924693,137.45711654059068
10972,135.48140449729053,36.38663734271854,251.5021059711921
10973,91.8426423706474,24.189284960028736,173.00985550270585
10974,79.22448721481368,20.72557357116498,179.51728253127484
10975,91.61085425602636,22.943909520104114,181.2847500547856
10976,64.0405646385391,13.360858203663897,146.20478876301544
10977,130.6465207044582,35.82596905829923,243.5415530298432
10978,75.5553701912461,19.709331400944006,167.50337159826952
10979,63.91462838550469,16.634871545725336,165.6860444362636
10980,138.0532598483031,34.16933377302794,231.66980288954935
10981,88.72711131891641,22.635981699977858,191.3684105741424
10982,132.25069555407597,39.452266661224904,249.7837268332224
10983,134.45538130384395,39.28211226438919,266.4268719931352
10984,69.50336682202196,19.560862485083117,147.38552282874062
10985,88.06846740806564,21.794884426441275,175.31219337168434
10986,91.49885719382111,24.062304071866922,203.99742281226145
10987,70.44740869669107,15.975992304189548,162.6404117969826
10988,64.67142799284422,17.74482532864155,148.22823958718178
10989,140.0534892122421,36.36501003223609,261.2237740182936
10990,91.40339340875828,21.765360864534838,177.4831488224848
10991,95.10467244648153,28.39528046349023,208.82892278190477
10992,135.22895654154664,39.105185708041546,258.34370199703716
10993,145.61159952644692,36.86828834975984,250.12736027821828
10994,66.85151811736888,14.500272269159408,137.15537932713184
10995,137.25754787087376,37.45150734078509,259.9873862968218
10996,54.11939615544886,15.879887679377994,144.7633354697193
10997,135.5561585756822,36.76260890733118,252.31176358162944
10998,89.50799826735798,21.91453382117894,181.0183817549674
10999,101.2707949682496,25.77004090848012,198.93222512570375
11000,127.83565192815573,36.26526889001345,237.32066204302106
11001,108.55770901275172,26.047531996341448,216.62650106215509
11002,72.4278207751273,18.8089324298595,162.86809632183852
11003,125.02558235500292,32.56491380189772,225.6642858765426
11004,88.50474503304632,23.486338569094524,197.91218092637064
11005,63.72540393140104,15.572858481133858,150.0732689839103
11006,132.3179218257423,37.04202204888076,242.0444134839785
11007,130.11951597615402,36.29979336761452,230.9312235938122
11008,127.98510785966522,33.15868734306044,233.73897893491252
11009,87.36994560585565,21.774880352582894,180.42669045569372
11010,61.86644276143645,14.485009510727648,157.00316502737954
11011,133.38471253853626,36.871108317881514,242.1359863519752
11012,90.33065793667775,21.82042917933212,182.43147123939062
11013,133.6986891634203,38.921954615305964,258.2618219026797
11014,95.55043403110419,23.81012833437174,192.71624709496695
11015,141.6024950265685,36.52730171853414,257.9413242241878
11016,135.76618187390312,34.75142639281163,244.74417574320526
11017,76.82562229286643,20.684654445976705,177.14831726182993
11018,130.66314823980682,39.81140813341986,262.66560642967016
11019,70.57444115224116,18.131149912008212,155.39177888075426
11020,143.4414633103638,37.95647500101027,256.8976832926281
11021,81.49932014813616,21.048404830744925,162.68522880040305
11022,70.75701146482966,16.56448759968033,164.17268923141197
11023,142.20899327825123,37.261032342824834,241.6774564931903
11024,65.12727369377309,15.460734487670939,140.05615126300782
11025,68.10456118385112,14.27694272858564,153.6715301221346
11026,108.05574518592691,29.18480794285698,215.65378733343263
11027,71.25750867848417,18.135382514682554,169.05679065985507
11028,63.327067674858505,16.51143468671895,160.7068286055501
11029,131.21471754548054,34.70292243988258,254.56906175897367
11030,69.53177613500488,21.797235835568333,185.34074905457632
11031,93.90961694948088,21.988195786316393,192.66736545344745
11032,79.34142012294218,19.87678428070265,188.92559560739434
11033,64.3610720015,13.700364831761915,152.95118426064758
11034,79.40278064944117,21.587863548686645,175.34097888913166
11035,74.62330575286703,21.297649580413754,181.3045735560041
11036,133.08234951087817,36.60196650862122,256.8500080239084
11037,138.44952005498956,39.33356630138319,241.6671724077872
11038,89.80985786049435,25.276859925496968,183.03847480090818
11039,114.81847445328093,31.27113346072475,222.60672151338858
11040,89.58913090259229,24.725421563320122,174.41978633821472
11041,112.46255357760596,29.441421219944132,218.75997529041308
11042,85.48387620230717,23.294063910108466,193.76217182877818
11043,140.10688624653037,39.15205181488459,262.07621389907507
11044,82.508116185248,21.671751824461815,179.96029927628265
11045,62.73871894264264,16.218417225857806,152.07274472514365
11046,84.79546687795622,23.495544877344173,190.83587272710642
11047,61.43844499574522,15.996636695963986,152.0193613954364
11048,65.39068689031318,17.425689845351855,150.5976122438412
11049,63.30443184621807,15.858393730126418,154.55530122221143
11050,70.5830206168511,17.295813250981933,161.70716107910317
11051,84.65979889951326,24.23460241173262,171.42344721045177
11052,80.15468116785773,21.013625947464412,162.2046424224265
11053,133.57748488415749,36.247509367475665,243.48347891227488
11054,89.84548727366654,23.54564127006042,183.20186795932565
11055,135.47086481541479,38.86758781885226,268.8979317846332
11056,75.74176518593019,18.525238619213344,148.25742350999954
11057,132.20078537114782,37.177710141358865,242.1683159567324
11058,134.39763697810847,36.83714808296395,241.42398403652342
11059,69.77464695596838,19.328093423092678,143.9257459826762
11060,82.1701093837919,22.656171279797373,176.36437052477837
11061,89.74874529326385,21.733879467119127,175.95348468298005
11062,74.41486702298987,17.132033216273175,167.8939088160246
11063,135.58974458597962,37.23188027920897,260.01565875426206
11064,84.34572273599831,20.619481431650886,180.40732990957315
11065,75.25710705133807,19.496799737265437,154.70197172430662
11066,79.24487550840844,21.959632167820015,179.10057480337125
11067,67.31973843305784,18.23420842111016,154.87340223109632
11068,57.88472910839773,13.176347105068086,150.25938205739416
11069,61.19812215969235,15.962538606410023,148.62447014064875
11070,139.01767566653305,37.68385712592376,256.75587325527414
11071,101.960894792451,25.18608004850608,214.55525190171764
11072,138.8283254239203,39.39167457627145,248.3436509899237
11073,61.40546619179312,16.405300799178555,150.21198637797724
11074,70.66403628451185,16.45971797097273,162.92100672303408
11075,93.07656487205145,20.729718119803355,200.61834996130509
11076,132.19935830580812,36.45832728821217,246.5104913929622
11077,68.32416232034159,17.154420163653327,147.33658285613453
11078,93.8216559854654,22.026948165613508,189.7140587041469
11079,68.43420727227699,16.58661965099848,171.93049330909093
11080,85.65115949955164,22.016061994944234,170.76243721972307
11081,133.02712166963073,41.85205236682505,254.52602298487807
11082,113.11492559424424,28.75029159291518,229.76726449030735
11083,61.820238690792856,15.725432345742002,142.04370871882733
11084,125.12968346423578,32.87447924689861,227.46667992903517
11085,82.55470130650558,23.742477470869797,188.99230180236205
11086,61.61512723419161,15.704783933876838,147.82081341416168
11087,132.90349942050796,34.61888860400729,248.20041487839222
11088,104.82474558620613,28.83581605490773,209.63385621119446
11089,62.519185933665504,15.130696668208126,145.10465765517748
11090,123.8977216079908,31.117571179045502,230.98699431683784
11091,141.92299478757124,39.897200579313214,251.6154218335208
11092,69.62696332422443,16.78135285563741,162.99252514624453
11093,69.79247020041423,18.229325129274443,169.579064290054
11094,62.72848878672507,14.483599151073532,149.82267390315454
11095,58.82587228017689,15.869868127468205,139.4797875447678
11096,97.65678404001649,22.611538089058907,187.05046307359797
11097,99.34151682197586,24.748536633144465,204.6162042749235
11098,91.6280567538157,23.77878837858069,181.8023550700539
11099,88.1597082643737,22.72454527716395,184.76310965189143
11100,135.2619660394809,40.677330280676394,257.4351715915574
11101,103.41463998596048,25.26045326203103,184.85492845085892
11102,133.28014760239932,38.48248945252178,256.72023027757126
11103,90.79546894890345,23.70021109674465,187.10753151427457
11104,68.16641589034442,14.260126615391455,151.45788297968892
11105,80.62068192688416,21.110561092955336,195.82930055142148
11106,73.20005774675401,17.653876614164087,164.96114445975462
11107,74.39287429644652,18.822601365509747,163.45670878988673
11108,119.92306323472825,33.52045834552271,232.57668007004273
11109,103.54162860567216,23.970640804549166,203.36055858602035
11110,122.55208136837932,33.547690436356824,235.25058273297728
11111,107.45889782127314,26.670549985968453,219.6374748782588
11112,91.3694738958705,23.748729000636,191.00383752538713
11113,77.5374570534578,19.022682722107323,172.1267408553114
11114,57.33510670850398,16.126675153366655,137.00199772000295
11115,136.26434115833905,36.75610077318708,253.17231236694136
11116,135.7778414971245,36.997103907843346,253.52853839724096
11117,130.29790301395704,36.43624018004879,240.1526739961055
11118,122.12297098081085,31.073559102629684,224.0243489607801
11119,91.05840923981354,24.182088520570556,192.85983795815267
11120,66.64613119648176,16.263619779557594,143.78163533380302
11121,87.51339281081964,24.478730285795315,187.93362823892133
11122,102.84077465387509,29.353297196019223,211.30544255820533
11123,60.34496928192733,16.403321282516078,160.5946084506489
11124,127.48301647007888,36.34137315072598,236.3622266413953
11125,61.30419368493707,14.222392832785873,141.49951019455918
11126,87.24541533115656,25.619344068193254,184.04180139745333
11127,136.64134046113506,37.34235282136379,256.7365314944415
11128,60.71385670609473,15.396199675807367,150.73201264864517
11129,58.37610773910655,14.557731910543145,142.1282126789396
11130,139.18629030071702,38.66255595598799,261.7796956943156
11131,88.4264585144909,22.10725627165019,167.5675410033087
11132,92.4949523823408,23.245877113884333,171.21931601982064
11133,94.60133058939854,21.522021702915147,192.36162182098852
11134,90.82329662959312,22.356877811482224,195.82959408794207
11135,119.86362760021662,34.55547009271216,230.14496126105766
11136,71.24209884903892,18.579630057744073,154.33987850699765
11137,81.14539414322284,19.58128007668281,181.60290754911628
11138,134.07554647160057,36.32536635838769,249.793720793686
11139,80.07418567056546,19.39265473631765,189.43052880640798
11140,135.82409737245032,39.12941234026095,266.6398969539386
11141,94.61073278174307,24.245194559723508,197.49377992587685
11142,137.56122501684305,36.275710075362646,252.07593589553264
11143,96.73766331611053,24.633488513190574,194.864830961619
11144,80.48115257292318,20.282568471470082,153.80599076284201
11145,66.4553054251083,18.213853186687334,165.96696176555864
11146,88.41791035370686,23.337695985808633,184.1731974349131
11147,68.2679055500748,15.887746079321694,155.01929631957015
11148,50.601722737096516,13.80616747623237,155.42799395017497
11149,141.19494992430515,38.465657759147796,266.3446693842874
11150,137.6313855874978,34.31466634772227,256.77136645679394
11151,68.97272395502493,16.8471360608285,153.29791701293905
11152,105.09765309091058,26.790599975674322,232.67963629229044
11153,60.51302518364325,14.08362759340479,155.8346226119012
11154,59.037557263029434,15.224333585604224,150.27705387947987
11155,130.8325361209949,35.58324753394071,224.49311654309773
11156,103.23678003750813,24.174968720054007,209.0659081657705
11157,138.0620434316964,38.02324193348313,249.58848987013877
11158,95.73265595223351,21.719185492809313,182.19491489342707
11159,99.60178078587877,26.174669056746495,191.1535536693882
11160,74.40722149679013,20.06755562802159,177.92738669873782
11161,95.73839957382869,27.075318382143696,190.7825980760372
11162,118.0407153939519,31.539115284233763,233.2839197585318
11163,134.44136942154884,37.191092625642646,247.73848375317553
11164,81.75343134414774,19.414259424977214,174.16932106950068
11165,95.51067514047243,23.29263680298327,202.07248058874697
11166,132.45609605067597,34.68994466537767,228.39105082177716
11167,80.7799205933914,18.733204260010385,182.94875819425457
11168,98.34750777700695,25.096925550353983,190.12294251815922
11169,61.263210530849086,16.160455577342997,158.0677195673056
11170,63.93874297931399,16.767248828530256,161.03290228902662
11171,102.2333593370773,25.521875126804044,198.56878842464647
11172,72.82671424717499,19.100225967656694,166.13095107914816
11173,138.0792469692033,37.307531957087214,247.69339844989085
11174,86.71490796757254,21.942120848564574,182.95207874566958
11175,137.32520137710785,37.887746587099876,244.65529999858012
11176,138.01574817644956,39.21707286053435,258.4763425348313
11177,128.18841558450762,35.29763626094606,245.21470380022302
11178,141.45669099782052,39.51626220398483,259.65675329122104
11179,103.06128919498128,24.02443748464105,195.02377537854593
11180,64.77199855651335,16.80745434309083,151.14552393265345
11181,84.42416348606334,21.973110719532304,192.39545343905556
11182,134.3044952580548,36.565484229433295,245.08037380783375
11183,81.56586644239611,21.59088972247962,171.3299502940924
11184,133.8075664519861,37.71233863890785,240.6566214417712
11185,95.34397982077623,25.47077621912737,196.64577038021204
11186,137.05493669051444,37.404415749884855,251.2356960398394
11187,64.55581349982133,15.270854930429197,150.5519257428173
11188,79.12546267288847,19.486334815602245,174.8266053987646
11189,102.0360815246458,24.979321077886308,189.1646886547802
11190,123.44848291839989,32.47533004582662,226.50167388138837
11191,132.8640531100052,36.31485124551232,245.8847088848722
11192,82.5962302800656,20.141083717654897,180.4011333498748
11193,101.31546839246782,26.069605922710277,199.2418363864748
11194,132.6601495469058,39.21876926642047,254.54914922134802
11195,55.099917803963955,15.64921048137598,158.73719123806063
11196,90.28725455513619,22.561618626517,189.83339969479246
11197,139.6540067644025,36.577808945678264,249.36331853713295
11198,112.07169775169858,28.949808155931965,209.54818869153374
11199,62.04199237814594,16.308134532712234,161.96541044112755
11200,136.06642613338846,36.73287221085581,266.3853684627742
11201,97.09872944465438,25.24006175399676,202.4928788125242
11202,65.37181068646753,15.381724190615094,133.0285866565434
11203,122.32218578703997,31.034312044312017,221.2296703547259
11204,82.84847104205907,18.871055050644518,185.78956459318258
11205,118.91457340739943,30.498196165889443,221.1808657373503
11206,139.62920857719,37.65872633482771,271.3047954272201
11207,73.73703694887307,20.306795274384335,172.1518028597276
11208,94.55842294341996,24.227392520302974,197.75466061660563
11209,63.05430457968097,19.725521047152807,166.3681173225622
11210,63.849078524369766,14.867669201831989,153.70465283391056
11211,81.8647281320274,21.76563359680983,183.57046716901272
11212,82.23489010473448,21.517049705248464,176.30593014195668
11213,90.2897549721307,23.1212045747134,166.30117360519304
11214,67.01363975954284,17.191130868595017,155.95462737694652
11215,130.82231831000811,39.53106470483437,252.6468567106668
11216,91.93931483424196,23.00085307171989,185.03612835446404
11217,55.13499615546509,15.010274800191942,142.1485516567707
11218,82.30112741693368,21.95508523473748,180.2353164076409
11219,54.84444758478458,14.871846340389007,154.81039708070702
11220,69.52252761364748,13.709833606934623,149.34481399867298
11221,66.39980126823329,15.238340421946058,161.13099167922527
11222,60.865299306616116,14.553797410507846,133.19852873791868
11223,82.44562765625575,22.16828279081422,183.44014207378817
11224,121.69537199695415,35.67690650309739,247.27958194899574
11225,61.410381310806514,16.002999819861454,147.61424697169917
11226,63.18206399937578,15.79496422934256,152.15314357361157
11227,66.44893992389949,19.9078265320135,162.30635770451497
11228,145.0070401067342,38.796932199079926,261.17309435744835
11229,120.40259075173957,31.945874118844564,225.18024258280926
11230,59.72633617985778,14.92489260057537,135.28874109981078
11231,91.77102053181294,22.98386552284865,177.2487474379088
11232,119.9112068246313,32.807029056722065,242.737194356902
11233,72.19742480204447,18.250842372488034,171.5820186094316
11234,128.33582597794592,37.93006139685088,252.0523804705782
11235,90.38991746847562,21.39920086508992,178.80854919460967
11236,134.57422450138856,37.51309403618304,258.44045704110505
11237,110.75160785261403,31.0429778272854,220.26809814267753
11238,130.6042945743868,38.40954090551063,236.9272344774815
11239,69.90846990508253,19.86618365503355,161.11374613524913
11240,104.70365833331354,30.837690048374974,218.1131110952811
11241,109.1754498278344,29.60745461352131,220.3064197057821
11242,136.93784966224743,37.67998505338787,250.65089336657505
11243,106.80302186698938,27.738509138519582,204.07656173293194
11244,66.61491483307492,15.528464339985598,156.29355658449228
11245,95.4294327371917,25.95149579906209,203.70329481766714
11246,74.0791393225784,19.577103043240637,170.9869361853661
11247,59.73701505689305,15.679601419395981,147.9497369435303
11248,56.80135259171997,14.386393803010607,141.23279710089426
11249,59.875044423653534,16.443877347121614,141.9338376713108
11250,140.40826754591737,40.001816494388706,255.2402009924821
11251,130.41466355653375,35.57846777882698,242.06815256619254
11252,82.82735037151919,22.3158562629062,187.16496726584333
11253,145.29324465854097,39.04188732887325,235.81010816779852
11254,125.83497459257002,34.88901985021513,238.849491718653
11255,95.10935988774499,23.689575826740256,189.7196904680636
11256,142.26108851179632,41.57679687735097,252.0743991645967
11257,79.83086298815851,22.099056862800833,179.17375703894078
11258,61.8601947545941,14.23979340393319,143.24692503344062
11259,143.09691476134984,39.03619327300965,246.3730120372426
11260,90.2164050391156,24.433675524188832,192.26574335278852
11261,95.86970480624305,23.254823605765882,194.94551710241618
11262,90.32153471135854,22.372182338160595,184.98564612797188
11263,123.9718698533837,33.607357025939926,232.67265522761613
11264,57.96733544929642,13.348433197214911,140.34850920529615
11265,85.15546216377363,20.229559320343053,191.72330026744524
11266,140.59151972843384,38.899691842899635,254.6608847735083
11267,72.44842008835508,16.31389758198112,156.5298622189995
11268,123.89400752150199,32.47803927824913,235.80730796988738
11269,145.80418514495267,39.81365504585656,270.4437063655442
11270,91.27358346772816,21.952916592776628,166.225146785507
11271,85.15403405983038,22.612763978048296,175.4504778915957
11272,83.9130921685882,20.596131332476876,178.48478074453558
11273,116.69866425053122,32.32119891205978,228.23458226375575
11274,68.76082146502368,18.483696592155564,163.3339598089767
11275,68.29796346687873,17.460393926435255,159.74235387164276
11276,92.66702080589282,22.524157979191294,182.87930720546066
11277,85.66872312794835,21.49807353168405,181.44619999507592
11278,131.89027842855123,34.04516235234801,236.91637924636487
11279,85.1359171054669,20.577152491967883,186.23330966422262
11280,82.78216500238484,20.264896969469504,163.0954921314042
11281,88.01895018428719,23.340421935408038,177.7703100543545
11282,130.97343327828827,35.76850784057596,235.96612418387517
11283,139.2144200040125,40.29885349086742,248.4961756386373
11284,75.72858356389825,21.795587574696054,170.3817056454805
11285,141.4017511362992,38.59432629670165,245.64297089999204
11286,97.54318756485587,23.800747117286615,180.55497603992566
11287,142.79564927865695,37.95887159001689,280.69086226836396
11288,58.79562635209344,14.028277518273272,149.0088258750512
11289,64.95810722965857,16.299808933847082,166.80948380918565
11290,87.88523138547593,20.106434337358156,187.9747804189865
11291,122.96532383876074,32.00969461098579,234.32043511591976
11292,91.45302829400195,22.445570416047072,201.85032090075575
11293,106.81203758937527,26.032712030910087,214.05869929572023
11294,83.51923237016872,20.864681275921864,176.12011178820453
11295,71.22427923677022,18.217152679259403,168.27521619941874
11296,67.19895591350958,16.49964784100512,163.98200618730542
11297,64.55384997661069,16.34074064690616,153.21277320855822
11298,79.0869984892098,20.27253202666681,177.07971084459527
11299,92.04441271252556,23.158089489233976,186.08732364611458
11300,89.94817381214217,23.96555892227426,197.690671544514
11301,61.97194833832602,15.984556153275472,154.56198314512102
11302,86.10044812546866,21.862643695863625,161.40301579003423
11303,133.49420621289616,37.19445833133456,235.62181075220792
11304,73.84832787020916,18.016396483664682,163.3984425569543
11305,69.95915909903901,16.420349853232427,154.67834376566026
11306,66.81545492144963,15.909313260846522,167.12880609753975
11307,126.95850026514302,37.51416247126529,241.29270118156356
11308,75.07624526839653,19.916500801509645,164.66607733656875
11309,92.35378531872367,22.325443738769746,177.15419026491176
11310,70.14913569246552,19.72475551925186,159.08821379353927
11311,63.76243654515845,17.85823990237395,160.50598652635185
11312,65.56758071102432,17.500875237110424,159.26460956998412
11313,62.51119313072693,15.691138615007267,153.58148963542945
11314,135.75264515954748,35.65794739752554,250.84088210029918
11315,132.26958682885865,38.16227184557647,250.08707462056006
11316,72.77733493173322,19.35273830403548,176.41823869428046
11317,121.43983393152716,31.38527121653326,222.5566397132397
11318,58.37795794936557,15.333423179729554,151.03140486680567
11319,65.24462455622337,15.768266701931925,142.99937671412496
11320,134.15408244974182,39.52979521102161,268.5818486987908
11321,111.2286030124068,31.64251195601307,225.80304614127292
11322,124.13944326459706,34.11201233119575,224.71695341692075
11323,88.45594014235158,22.967440992717673,177.2219298509435
11324,74.06044713278675,18.497049036356767,151.48816662125412
11325,140.20929746545275,36.61217882086479,256.90081817227696
11326,92.90773141482643,24.855758870126575,205.09138377406302
11327,58.27016447008555,16.6780903600232,154.88121893715783
11328,60.00744262506043,16.205574761931686,152.15281016805608
11329,146.18925779373708,38.86906734713518,250.19884192781424
11330,71.47803863587028,16.669868090667258,179.74692165828233
11331,139.64106508277675,39.47677774598355,275.6674936624519
11332,81.37254244780537,19.824024527188183,182.24253874707088
11333,139.8360874064954,36.41035990826746,246.44577909516377
11334,93.90146972713373,22.78747098604315,185.74506607416913
11335,88.57116706498,24.65565730890843,169.55337568852383
11336,122.2864810761366,31.04944342645964,222.71831153861783
11337,95.84412616404185,22.06149333715749,174.79633071635945
11338,95.43645282129256,24.592253112588228,195.058990118132
11339,128.38860692931925,36.47400095631688,263.53972830751127
11340,71.756849206768,16.312261285874722,154.26240802163687
11341,71.69160645831123,17.815171509165364,139.63418021725272
11342,90.46266158967894,22.834008315865436,178.75519562868143
11343,62.24378474520875,17.138848541918126,160.60648654217405
11344,132.04908666870946,36.031770300883096,245.31130218562723
11345,68.00937000586498,18.700035767242948,167.632048775526
11346,128.94709327631827,35.17088587591356,242.44311491625152
11347,132.5709071285061,38.297654626833605,258.00911149089313
11348,76.49927922041694,21.194321542096663,177.12990014984496
11349,97.1444794339313,23.925201643793894,184.86015266512678
11350,134.55142873710315,36.489899890107715,252.82103463102615
11351,67.16866538954007,16.152546290087493,165.48211725520767
11352,75.11348476452834,20.889020620580727,173.54948958224716
11353,93.88284438726488,21.7301942380929,194.48074213011844
11354,142.01185802279102,34.91545555341719,238.96347352131957
11355,83.49490843358807,21.262362531727458,187.74675694547508
11356,65.59435681780734,18.005509877281728,170.33082288136302
11357,69.79719889223578,17.187240108179203,162.09151130076967
11358,131.21428541998847,37.6235500453181,248.5689569174979
11359,78.37932337316974,19.284990405309927,173.82370003345378
11360,127.97105775423731,34.1787150098968,235.5800225425293
11361,84.20918253114586,22.120222382209796,199.16196771809086
11362,57.06738635016546,13.517060147402207,133.53714762721233
11363,88.50914650566779,24.50558837943297,202.57336871817913
11364,59.05715634748699,12.099616010502194,153.14721687459704
11365,104.03258186659282,24.538820399256544,195.47082465360765
11366,86.6803301489029,23.34453872132494,194.4834185500068
11367,68.245937877711,18.12916658519268,162.32578803082237
11368,134.76928902320915,38.521818571481816,237.65706448174083
11369,64.0402362702565,15.406701419565069,150.88635221066178
11370,141.26330245192204,38.66091793413949,256.26230419709105
11371,132.80578422258242,36.99298934668242,249.42010006380943
11372,90.75967959110072,24.331096098308937,193.9171721734841
11373,79.59308561891494,19.85267982039569,180.85319638818157
11374,60.9807536537484,15.985544780108134,139.89766644106953
11375,137.55324038852874,37.07977050247657,253.39320535080944
11376,54.83458566772382,13.761839248256708,131.62532040573518
11377,76.6820004831591,20.279888796805572,175.0227368891073
11378,58.834030088456714,14.382668101683903,154.58521137448204
11379,91.85121590614948,24.25968521085616,200.70929920495104
11380,111.62432742427426,27.764553655599926,193.7363390274478
11381,63.99614438942445,16.39209032563264,155.6046359087361
11382,81.49273565553902,22.072794426729832,167.34584607686546
11383,132.39665600958008,35.99676696546907,244.96274067867816
11384,94.85896720559161,23.967897954575943,187.20911654294142
11385,94.93746847889217,24.839935534402468,178.24837924069615
11386,71.94381000454077,19.720680760728886,156.08822798972702
11387,67.65133090425138,17.798047112537656,171.75767873940728
11388,89.73120328497885,24.624318831115506,201.00429860961682
11389,133.56973975663786,36.45622181808637,262.2291919163779
11390,58.233658206949876,15.90826167066209,154.73508955097668
11391,74.60127442153068,21.707663607558832,185.05966645688062
11392,77.65829690257412,21.348107367632494,177.47557895073302
11393,124.08938796406223,34.13137833060925,224.07348290166877
11394,125.13613881479316,34.123954621902364,241.25000285070624
11395,85.8838492508893,24.092614115481954,188.7659100343731
11396,95.09749581376782,25.375696168454088,216.3187939900201
11397,81.88665146732247,18.64962483950257,187.18969083325925
11398,88.42722878546593,22.88951400411695,187.79712495772102
11399,113.03893803935112,29.174050355337638,202.416891920668
11400,126.23985897403999,34.61108514234086,247.2497043081154
11401,76.21125013034985,18.57692139095924,150.95438719526024
11402,66.5663630042248,14.561668844816452,146.65013992945487
11403,138.81875638552796,38.4532157659473,242.4709540899527
11404,56.01058171881831,14.856538646225253,138.7765054040063
11405,141.49180093498444,38.970973806009965,246.44494593134854
11406,126.87948799061108,36.787960833566494,245.72467249842146
11407,94.64132308857586,25.869550010375175,191.8356315327575
11408,131.09379766735293,34.29449502591478,239.64356278956905
11409,56.977338635219965,13.872890028064715,144.8515779864435
11410,54.422684086138794,14.626288237815771,131.97986167255985
11411,72.21876968217437,20.171010982929477,147.80160862595002
11412,57.82318721024976,14.907826719677294,165.15743942828587
11413,68.7224719268055,18.32725989235899,177.6381963327267
11414,75.16036601527016,19.247356227843863,171.2716467532355
11415,62.74473998542951,16.91126459048876,163.61580631292713
11416,105.22849619874827,24.57023356959627,201.9508700729045
11417,126.10055496236949,33.47598761216128,235.84364603575338
11418,60.84976043427442,16.11129050392825,155.26746565057553
11419,75.562808307128,21.23275608490987,181.3600437190822
11420,136.74336265713808,34.97609113185403,230.7993304326553
11421,81.25028192947559,23.117529492567133,199.20041029464247
11422,90.91799736021481,25.03020329771206,193.81772281761175
11423,139.94956927344586,36.38958760785075,249.47400720286655
11424,135.87726351845296,38.34938464419336,251.26517832721913
11425,138.8099945586185,35.361241018867794,236.18239817862633
11426,64.20985742656599,17.189675924518898,148.0608839323052
11427,66.7142621118807,17.82142925218135,159.98516939674968
11428,92.08026151558319,21.71207737796733,173.7610804427983
11429,91.65635997106024,19.544025092426008,178.97928577113504
11430,66.30915265193683,14.633761288878977,150.62596657440503
11431,106.49016375943765,28.468305437413395,229.732309785121
11432,126.63905633627293,34.117462015582795,237.50497287316577
11433,130.98449348905766,33.201543239444405,223.50736127792274
11434,56.82973681117327,15.04599525294865,149.29387086913337
11435,77.21328547279414,20.54576072149381,184.645033481525
11436,66.72442692844747,14.316059847147141,149.01632241716518
11437,60.94164094980234,15.887387344740565,145.55747414410567
11438,139.00205867885595,37.60506268834963,253.55089037793843
11439,141.94690590524533,38.27256164014065,227.44762688569907
11440,91.83484464715237,22.611138547189004,193.66897437721525
11441,89.64728564575033,21.439331707800285,180.16033271430578
11442,135.04199803018975,34.71489771607455,241.07698908676403
11443,98.11606040743608,22.259822285075817,206.73758969999707
11444,59.55172825291314,17.122015296260074,152.47800877729534
11445,61.069512536896475,15.138442780072877,131.814675223007
11446,139.16680156220136,38.39462917364647,254.96535457658774
11447,140.2560177754046,38.44449411855426,254.06212960457265
11448,60.32274954392995,15.368005947174327,151.0667056699892
11449,62.82629979831236,16.651410673420454,155.0041945140832
11450,123.17830890366724,33.70961693355035,236.41132010209523
11451,96.82104519455399,23.225423688268,195.55844702623236
11452,133.19241800149393,34.411125385101194,242.87305987908005
11453,75.63559060169909,20.688863432911308,183.22888094066994
11454,66.92294370654751,17.27189079324093,146.1963046241924
11455,128.82317000032194,35.457533844708095,235.95795686111293
11456,65.97169918372494,17.663030796052805,154.96418800585568
11457,66.6368622790837,16.523624562315536,150.08309415471658
11458,94.07065205348532,26.0862380957257,207.72920293403692
11459,140.2494466685261,36.389698112468345,253.76997468673827
11460,136.29472055787696,35.84341734246274,230.95755387548266
11461,102.46906495140153,28.254593551712464,214.8417491068241
11462,75.3627405720941,20.55874267172238,169.43050202892428
11463,127.64906943739042,36.356785381092756,249.48608508953575
11464,76.87373545227125,19.03285754964234,169.3171344592786
11465,90.98748787277079,22.02693112823286,178.84350874946793
11466,71.28549630787468,20.305581178254133,161.35775342045764
11467,70.4270407036195,17.82509771986111,168.6787537557383
11468,82.27534050034662,20.975719357937745,171.4066908634114
11469,89.5362666950425,24.76575858608655,200.40807027806588
11470,139.17138113024944,36.18661303169613,247.45588403415732
11471,66.63995288019599,15.09191814301351,146.7274252278726
11472,92.79149505438816,22.16639725734605,182.63677599922474
11473,144.66901343229685,36.556065551050104,261.0516401321046
11474,57.56797240867867,14.980559673705889,138.82103724700332
11475,88.50667990229967,20.053208228653347,179.40225395439748
11476,85.31249053091044,22.601081312589805,184.91756542433922
11477,127.70880366755016,34.93592698598656,238.40004723337316
11478,93.990461957451,23.160334449875098,183.92695775024484
11479,105.62579970052055,27.360771056761234,213.23024416863447
11480,101.23445632392712,22.121676679033808,205.15525599110927
11481,128.16008489534886,35.82368554917073,247.66926414303904
11482,63.17225818866087,17.78271547180675,160.9695826349865
11483,132.8776854400814,37.6930962749478,234.54750858862857
11484,105.3385182687061,32.06332319395585,220.43634561324032
11485,77.66515415920412,20.02978008315929,168.89464312483597
11486,67.20994767181479,15.54163151257682,165.7757883066226
11487,61.946284332765785,15.173844815468955,141.82609763875698
11488,71.17771905539776,19.375235625798098,169.4398288239049
11489,82.2020445999646,19.574609331788036,178.70855249393344
11490,67.01396571499676,17.283496560059493,148.7486068632376
11491,125.54201135234871,35.01531752450465,239.8453666451002
11492,81.43563961219944,20.90862696893713,189.71854907189206
11493,59.278263648606675,17.404326188599487,161.81017880100782
11494,88.07127761347739,21.01309674670622,184.37491285907836
11495,116.34905638536452,32.69020272806312,232.8255110404535
11496,130.383111933675,33.858805154085864,254.08813952667322
11497,66.18684877091563,18.67510657891927,170.95657759823388
11498,68.52058592279212,16.273357236406145,160.99892187040962
11499,96.02032007811225,25.08468590127219,181.97688534346923
11500,121.55016620913698,32.411597336812015,230.98661223889252
11501,112.97591012409104,32.34842802402571,205.80559479980124
11502,136.133105714687,32.93716731673299,250.15803616251017
11503,84.4144947595252,19.0614706557885,176.18957291492245
11504,60.81650429594193,16.442848020701152,154.7302386088721
11505,124.63274219904622,34.24017103816939,211.90913387996437
11506,132.5491734913752,37.119604030653285,239.43319749573666
11507,140.12858155408318,36.86628668966508,257.60285844569614
11508,68.61452879858807,15.950691582158074,163.53897069308059
11509,72.0882621318195,16.560176540493377,142.3180710342115
11510,66.00961307101484,17.78312864541711,160.89155172076923
11511,72.16564727427966,18.92598886291565,151.88530329454275
11512,133.61434875326128,35.705934934026835,235.7985247073407
11513,137.22004184010473,39.124359041265386,243.06720283033323
11514,61.410395703438546,14.632805314581397,139.67122249960167
11515,88.53417253114266,21.400889664022404,182.4576672575001
11516,133.3849891886555,36.826990714371284,231.8224586561399
11517,66.03237062618864,16.84569362998676,155.09282060476355
11518,68.20841903263012,17.493257925533428,150.34361687408907
11519,78.17352688710504,18.594017969371823,163.72053919407708
11520,145.04504338412997,38.899785146217205,275.6421273609384
11521,76.49489033793155,16.63749461273853,164.50408662655158
11522,67.92741224261847,18.795296709137595,170.6555261232701
11523,102.04551536666766,28.158609633469364,211.19609412236258
11524,81.61494434684032,17.9696848500267,157.97953532676723
11525,132.2325422117516,34.1739214222803,258.09919000075155
11526,72.24417249252406,19.357124040575712,171.86423263216022
11527,80.238348046279,18.19765859154535,176.297784797316
11528,137.06481658793717,39.95913098508352,259.0222702581058
11529,134.77959189550288,37.05829334977967,252.94152529166357
11530,85.27287142219502,24.313509932916165,188.60168410298562
11531,141.35314958962087,38.28271938784328,255.3514246985562
11532,72.59962423916117,16.854906854410093,158.42501968057715
11533,135.29420835595556,37.09325182115936,249.37436441717384
11534,72.56548003087464,20.310946683509545,164.05541311022503
11535,63.46235179572978,15.755928274986937,157.24877952163226
11536,133.14253113776456,36.15453689207725,226.3165619869416
11537,138.51025302427186,38.51188355608408,250.17708814680245
11538,69.36435511397768,13.836170378508628,158.08081355166524
11539,114.82586889850874,30.776341285935388,216.95420672568505
11540,85.33412295536401,25.185735035462542,201.59897404148393
11541,127.69931407274966,35.68912938644617,249.19789279711853
11542,66.02385498545944,19.98206435817292,169.1629634325536
11543,78.509326199732,19.956747854907437,162.48215666152288
11544,62.19628170337905,15.62252802212715,138.86115906320538
11545,64.55962048154758,18.90508641258752,147.89216386231482
11546,66.23533643046193,15.833273007017665,147.1659168173404
11547,62.46199532459371,17.73467523959659,151.17458522876098
11548,140.90783238121443,38.37279756956115,269.17904224683673
11549,129.9134556114295,36.0429163362573,243.03839914353932
11550,141.53521426693834,38.31645100962576,257.85375727129065
11551,110.4739339988951,30.127192475178504,229.13300089899315
11552,81.51061594861132,21.38447654879438,189.76587999192375
11553,81.89434106391279,22.63150820566005,179.29946471569937
11554,84.95572083070049,24.358686862224108,189.94833000843118
11555,131.67127380566845,35.57072826603922,245.3224379496264
11556,102.65302340160498,32.50352329482094,219.94110078675004
11557,132.13526225459267,36.78338629918475,257.0434201978235
11558,75.00509838319111,18.91944364291975,172.0097125703395
11559,69.98948377472115,18.577165334104006,152.56291278846209
11560,135.2232824246822,37.21731091791043,249.58369940307716
11561,61.910162817667235,14.510163459591935,143.4786547489947
11562,101.88412339614896,25.324067306901274,180.87169598495447
11563,148.46019657752808,38.41473955564931,254.70154468918795
11564,58.848176384761075,13.967565932759255,148.98829173976677
11565,90.72573660254896,20.635815157273104,179.15419166408975
11566,91.95211564604072,25.694135600492114,196.36037072619771
11567,84.42662482812133,21.007617482494727,156.39706644488027
11568,63.781451128063914,15.722141646844143,146.47580344167534
11569,69.75275078323787,17.834548653720812,170.74818413710491
11570,78.35338918897399,19.11357281006116,164.9236341490882
11571,100.08565231408619,24.876247667773043,193.643948507383
11572,74.77781250206253,18.014601987036375,150.76569373735347
11573,72.89095684708072,18.293935377881425,170.32771644083041
11574,92.40293785358661,23.74573837812821,190.63085714300914
11575,86.79030781830764,22.507919116131287,203.16393228073574
11576,66.87620994249284,18.39467977550232,175.1187941648242
11577,131.2229082727607,36.36805775426122,247.46897856085297
11578,126.73899114219431,35.58682621396476,234.39794828194263
11579,81.47521043007184,24.030157114726503,180.7789715779874
11580,80.68178408282442,23.45845655695359,171.5045502208313
11581,65.85685087064016,16.5530337551286,156.24146808840302
11582,95.35616207830894,23.109675491283866,192.48414953847018
11583,138.87047362131227,40.382792218966536,249.18757177773378
11584,81.943376069841,18.634448684857716,162.00408202811096
11585,133.9270286578485,34.10969045336436,230.2948715321443
11586,85.62754728124527,21.400075003183307,180.2348871733141
11587,53.326794695413476,14.582889975557249,154.06534447634633
11588,64.63088016887428,14.24785349403934,157.33207918415587
11589,91.91984035008713,23.776738659078546,189.21875603973004
11590,86.45084013207443,20.565469025192268,182.25124272281855
11591,62.78064790812309,15.365286727739138,163.37906884573889
11592,136.75705397825732,36.98114080493706,255.4803018957965
11593,59.36097478204051,15.900760169855712,153.55874738798278
11594,98.17824626873698,28.66346051038665,217.75521742222674
11595,138.76117735497326,39.55948502162445,248.39203910429856
11596,98.17398654671045,23.584740947537142,203.2937117540446
11597,118.39678307330418,31.802657557160938,232.08209663910728
11598,69.23801302771886,20.289531605031296,163.16218581550604
11599,116.48524488981421,31.320720923181202,224.73287399841095
11600,119.39950579334263,31.73664723532435,238.50225247192978
11601,59.80591642378631,16.138314180626406,146.34141233221388
11602,137.29748997444548,37.84407401666615,253.50539553457307
11603,130.65411001866508,35.601432288463165,241.6818680171915
11604,74.7373776511354,20.850407468453742,173.70964902908412
11605,56.33640755567388,12.636138159279474,147.79480831406292
11606,82.49926424643753,21.655502581355723,179.50454876065882
11607,59.27992865898539,15.039218518074994,148.47736908996464
11608,66.31649565246457,15.347398113519136,149.56582647896843
11609,64.5681079886958,17.36202258963668,153.4005558199236
11610,66.7592715194054,16.44888896881017,148.12040663928346
11611,140.0161978505864,38.51454540068575,242.44932580116546
11612,94.67722444819913,25.343024524872465,199.05605666384193
11613,88.34544343259432,22.497577328773758,182.89907344251228
11614,141.12572103321557,38.47867540114753,263.7963387601292
11615,63.751194933140674,15.875414938209802,151.33548564977534
11616,104.61527056839641,27.67659975340555,203.54989560719127
11617,94.42966825814409,25.56640672724153,208.25192488610278
11618,70.19178557011348,17.50816470693989,155.2286469883367
11619,135.22176710108775,36.81455924735866,239.63677444758235
11620,63.78821160164272,16.725208752657995,154.50590627551802
11621,120.30325305965306,33.03317357436594,223.76294086567063
11622,80.92820074888705,23.603045845863296,195.3848455471513
11623,71.78972582364341,18.830329651038642,173.6054165509893
11624,76.7561786598365,17.284954958312962,163.917562174986
11625,60.91476692300039,16.086893843694867,155.50828687766978
11626,59.253850443794185,14.725092374973592,138.96412431552326
11627,91.3764507460407,23.243144804191324,187.30165809209578
11628,66.48609826936536,19.368706467979578,171.16618200046642
11629,68.89075544846372,17.70961134222964,167.598974050299
11630,58.96148575807408,13.58406258300593,135.071461377577
11631,133.68012861041657,38.17380891703717,238.52983982197316
11632,136.9556270075079,35.589510223005554,245.3838590915593
11633,89.47562590322458,22.673894089613757,171.21951809959592
11634,138.7848898857231,36.199131155993946,241.07662590514636
11635,97.40715736447483,24.013634072654252,187.84056068277093
11636,60.221064986336835,16.35420347803934,148.19646573155072
11637,116.05997216761465,35.12764200567768,232.68694825427187
11638,142.1127983027993,39.28439625621211,253.61581749993044
11639,69.52089953450404,16.925361324105207,163.0748490037108
11640,65.74617972905496,15.118081147316174,162.37453003585753
11641,148.5527298182411,37.06983238418599,250.34266035180585
11642,85.4922882370122,20.094336077067176,171.1291567924914
11643,56.793678101813065,16.96739890647643,146.15972417069054
11644,77.81346953041052,19.62924588856016,170.12462397882413
11645,89.13152095846017,21.39650326395444,188.15910769813257
11646,67.78823515473186,18.613277672515192,167.7320007944171
11647,55.3841559561593,16.241105391680545,140.2568175850985
11648,64.91490618742247,16.84799418918843,157.98831771411335
11649,63.01055409094741,16.238249783219235,156.85163220965583
11650,84.69876069985348,20.29735685787063,174.31143935219382
11651,55.20460899618553,14.62021358988409,138.33706673368104
11652,111.18322286563229,29.160814576473886,218.53033725550628
11653,80.72431029432578,21.308238340116002,169.1580420379021
11654,97.91941374016132,25.845350724731063,196.17434950730157
11655,139.71157846824306,38.409719091119534,249.9914500279705
11656,131.26137203380202,34.300851511679404,248.45473447149166
11657,137.17040978021245,38.83519162770583,231.8804530148906
11658,132.77918267935172,37.932185621046294,246.93682578027756
11659,61.36185254589682,13.833308270378177,158.62300846569374
11660,107.8889410421957,30.178192151371057,205.6201265224345
11661,131.23334420201937,36.301892104562015,246.89094203990797
11662,143.156076641191,36.77540000384308,269.2112102196476
11663,137.76007334890878,37.81993843760455,256.51934468692224
11664,80.68090437151733,20.778827295627554,159.36402947632013
11665,76.00914803716235,20.453435481075182,173.18568002026944
11666,65.33570083591187,16.867689240532872,156.89622657928834
11667,132.18728138991113,35.53354369244915,246.27793432155178
11668,139.38553857620641,39.59282183088782,244.37919934513357
11669,76.9644908165874,20.865319228667698,168.80579727473224
11670,67.47404267407525,18.873240468820608,182.10037116246068
11671,53.688367280228,16.03310406450058,135.4037518780253
11672,61.08988692637342,16.5125445870833,159.88893013993825
11673,98.14744294232446,26.068328884850228,205.88803258927737
11674,150.33434072471138,39.745995845590166,258.00070017738966
11675,81.96436147373797,19.96987145901277,159.99076071926746
11676,93.74436616994562,25.220873779438158,193.45775413905238
11677,97.44694875868157,23.87967399321736,196.57562510680842
11678,120.63715754038479,32.06436720882174,238.45665605447462
11679,135.44190674514465,35.485757109304664,236.86837205919252
11680,85.1905455580047,21.902780048889472,190.45242768271723
11681,72.73415474779402,21.155336696674,166.6908991934262
11682,95.67243081309354,21.50964783048102,189.33429873000077
11683,62.17631576775098,16.456812550053893,147.92683947511117
11684,97.9933213358489,25.69787702924498,200.90177831880558
11685,133.1300763299676,38.00272726590914,239.2196044273137
11686,60.679295033316066,14.689476840041474,154.65496563332127
11687,75.18353878753747,18.21245864475237,165.15040469664305
11688,88.8922587001186,23.073080971334313,168.6857066696736
11689,101.54785438021206,24.793817365246444,207.28882909220727
11690,132.01614522830633,37.61668161332657,239.93155931836236
11691,100.63817122129153,24.24573904864438,202.1286963872237
11692,103.68378345960913,25.731405883214027,194.62135789739247
11693,78.44146929639682,19.24465065229356,183.66305741770512
11694,132.93740997779244,36.48085374313209,231.3393904282315
11695,91.79946856164302,20.35778760784228,198.9696423250274
11696,62.719760301157955,14.959799152056961,139.5033659568065
11697,64.17889015167745,15.285250515641705,147.2734796415551
11698,137.53165732597787,37.89180775379233,266.4663198856307
11699,134.832424647173,39.05956780211856,247.6862588666972
11700,78.2612221120582,21.120728140566595,163.16340395972338
11701,71.12541484644852,17.039830755638253,163.82827260209655
11702,63.56232808655667,16.31158173038467,141.63340826258485
11703,70.23133543738375,18.26407146322683,170.09864287857934
11704,66.74527185624467,16.475263651114805,168.3374219641165
11705,69.39423507962324,17.57872149130865,171.34895373996713
11706,131.56302857866123,34.32226502804382,233.2664214188375
11707,135.69089878127463,38.483034359659044,251.0060988360921
11708,135.22338911528564,34.71100021749006,226.54189832800066
11709,64.0705757170063,16.8530735827074,163.3844165423088
11710,120.22212316116072,33.378720553503584,223.8152313073288
11711,132.54917460952603,35.614368155081586,238.9873464592226
11712,82.82431718392378,21.176445237779273,182.7547311674537
11713,88.57997784069171,22.694263277371952,187.51321889037524
11714,59.287155979400744,14.039660411372152,136.52148526899683
11715,91.04880967089271,23.818675386164617,191.41284520404844
11716,58.00473481030442,15.929443989417722,157.0713116305749
11717,79.24690953724179,19.959898833569426,174.64922284945814
11718,84.16988661454975,20.639650416426843,182.67910010228556
11719,110.79977447975752,28.82656135557443,210.99786905372994
11720,98.89309576450522,28.97299847483293,218.24516495091817
11721,63.689443936753186,16.608388738386136,147.0254533977658
11722,130.99348847168426,36.16583115220711,249.2654751603769
11723,62.610904994768866,15.824370527417862,149.76761277542116
11724,141.3678243038173,36.184376210302524,244.5945809841996
11725,124.34273494185858,33.714757354392894,228.23270193767024
11726,60.52133405693825,17.25647010445607,149.94493834377477
11727,99.64141878758649,23.197439587288212,192.33838667713601
11728,92.80792871935337,19.63340225029489,186.13554496168163
11729,76.61355813996194,19.895554694160165,165.1073453162865
11730,80.39278515244986,21.475891830107084,159.961633851575
11731,89.30565653028022,21.823149436325078,181.6386496754362
11732,103.37163613595085,21.683810911998282,213.98896453892937
11733,89.57845631530412,22.92923002355617,189.36839115276192
11734,63.71830768144367,14.048157141818566,154.24218014929457
11735,72.64863012007133,18.505663971623573,161.12599678421014
11736,83.27034506114053,20.689812495406915,187.73979827451706
11737,94.255847662742,24.090099773018252,196.04487824225654
11738,130.59869077919095,34.769910078668595,238.00687771051233
11739,88.45661833303781,20.179231259561547,166.52177441155771
11740,91.82801844010676,23.263417814911286,179.7126095772517
11741,90.95263428455449,20.944471474520373,196.96380489683935
11742,52.48995450163564,14.841954421776332,142.66443675289193
11743,97.21488278812139,23.896257892938667,174.58078882806424
11744,142.1826824290752,37.39560388994013,259.95088300043506
11745,75.48447741604535,22.342993907147648,183.8563723066857
11746,69.90013745259472,18.943476207353168,173.02357855694854
11747,72.7237077932701,19.718871862907516,167.78605771402525
11748,74.98449705545228,20.151767440450538,163.69954549460581
11749,75.51700558380593,19.408585354069007,188.61048103575965
11750,76.05978429598393,19.16438675505962,165.4533480495127
11751,101.68371030296453,25.568823762313393,200.80616736725827
11752,140.8564303483283,39.07161765969244,238.38550123249487
11753,78.50384032343125,22.256273800637324,184.60955426888458
11754,95.38006188013388,21.928292393607226,196.0920936466219
11755,56.63242635237228,16.200289095109422,162.67468215792053
11756,67.90179528127483,17.897405809600254,167.54813386249478
11757,83.29509590273923,21.969164066073905,179.81693751570418
11758,129.65177281226977,36.53515925382904,248.30160807146157
11759,133.09616537520262,35.89474941348955,260.9634932923961
11760,59.09444509901518,15.930460504714658,147.77964494759541
11761,75.0299637682153,19.322563345708623,164.1961857136387
11762,62.966811907768395,17.0181430376721,152.85125632208346
11763,129.5218639417627,35.59103820116304,259.3832582083234
11764,96.5172577731699,24.955814185396168,200.2983288054338
11765,58.77946177789016,15.237064819066207,133.9528042539987
11766,131.21180722779278,32.446942830487714,219.46005324111493
11767,92.95561930347696,24.442210697064198,181.8259904318498
11768,93.35695187412415,22.172312330457213,181.28369793711903
11769,73.75403562691004,19.48122004259191,167.591107353546
11770,55.36001203994039,16.544154763927747,168.96479698996072
11771,72.60010510479937,17.56061224117323,184.24091184223656
11772,67.91695481937431,18.935428051233234,159.1160749175917
11773,105.01654879910062,26.789064152882723,209.36679940208197
11774,104.0680241256584,26.919971929880266,210.27128449945138
11775,138.3003204150439,36.43769928095364,240.7008435256669
11776,99.03483009022317,21.973769864893793,198.40904419626938
11777,65.41160592129616,14.880923925078504,146.0090193579521
11778,114.71439984408623,29.099282984756567,210.86373586090545
11779,127.72330449420572,37.68974519020163,241.301144777122
11780,86.48974413890623,22.72556293959686,186.7670115508126
11781,92.72693771455276,25.943819722303484,207.3409639676494
11782,130.66590356739792,35.51535012758945,238.6890214778388
11783,95.91321657094745,26.222556466958817,191.75477794703383
11784,90.54514166344892,24.37861842561206,177.93712965019563
11785,86.50059062047124,20.923200268482244,184.26041220761053
11786,137.8147603362324,38.34242404589995,252.6066623660382
11787,137.8659826880169,37.418878861310475,250.9045575402294
11788,133.01681501326217,34.74337962318352,254.7659501439322
11789,64.36282908567871,16.89671068659899,158.40302876357904
11790,138.66609825666424,36.49846022657953,240.70732967870114
11791,83.11830673218714,21.73785205652685,191.70654584087382
11792,63.4732917520416,16.679414692822323,138.58811430786224
11793,121.38921513164014,33.51992818716928,252.47717878957192
11794,106.93071668388602,26.429547148760314,210.22638992875667
11795,71.67371777847394,16.476515762491463,162.27571862193432
11796,142.92547131304113,39.765125754086306,264.06080910490346
11797,96.02604433679393,23.495867432719027,194.45045780487553
11798,66.42731136812726,16.02412549526265,145.78384493343984
11799,59.05417710584582,17.62949180775581,143.51320617232537
11800,71.28565972569872,17.777417831438246,164.92172952214182
11801,104.59551883667343,26.933556327885366,203.50433317676126
11802,56.01547223167197,15.430336642200741,155.10382566053963
11803,70.55653222710073,15.390094421765449,146.498855320452
11804,134.44598565246665,37.01891251586721,265.3567951317673
11805,138.1726775079874,37.06848863487351,253.29718580975543
11806,67.5969045528931,15.293884007834437,159.76308729665945
11807,83.60480143369544,22.824888475117817,185.09449689689092
11808,80.65612636604214,18.567904758719614,183.73792577491068
11809,69.34584115893178,18.439980493300254,168.8606106641877
11810,63.396423052080635,14.803437653944256,159.3188280830095
11811,134.66798892559288,36.90708631832995,263.7350012370925
11812,130.1476312062284,36.06837528460802,252.4894906687808
11813,95.17065619381177,23.663028040479542,203.85758134546361
11814,89.80630308874969,23.530357458512327,195.9760016311448
11815,120.7037842847797,30.424121903158724,236.74607257696007
11816,124.4666385128048,32.85990872614089,216.4394297043921
11817,136.8907776199374,37.30373804783197,253.33702237732004
11818,95.51635425826039,22.27665038409058,194.3489786970471
11819,91.81152065188526,24.83459159458122,189.9523946863471
11820,80.77656590189783,21.060879609132538,180.99620222389024
11821,132.8667010823723,36.75588281781837,258.25479385904606
11822,125.60664213394453,31.84755697228265,231.6766225335214
11823,66.71074630589754,16.513969814958674,153.4580533220712
11824,106.93973880348942,27.66336390539359,179.3659640405289
11825,76.60533603150084,23.309520525480966,165.83912514195194
11826,103.08891732030422,28.163144225191143,217.33598157018992
11827,66.05145001041252,16.14179637264685,150.11699172969423
11828,139.10081778186571,39.87179038095699,248.5308898298567
11829,76.77774282072586,20.663233115006985,152.64808906570337
11830,87.32370836377655,22.185203160658162,184.96472400092492
11831,74.97039612673488,21.273980515529512,166.11594189292467
11832,82.33807744657211,20.158122371455246,172.73810434421384
11833,82.74852152751201,23.01586035461944,179.2814191110369
11834,132.52782888510202,36.399603360691586,251.96756007988026
11835,136.79401430079278,38.03421917395267,249.54203458426508
11836,87.52678810222717,21.633276696337266,174.32357153223577
11837,123.73427783184162,32.63781713308688,227.3072598552575
11838,73.53777888825176,18.02306978305744,163.61654412682068
11839,68.91486084620568,18.07310593146664,160.7709429047942
11840,110.85825360391354,31.243384314185803,204.39303360976552
11841,74.80986384328646,19.529260137115813,162.73294318192256
11842,127.68858019919227,33.81828847411932,246.01204503523846
11843,138.5611379097762,38.30191067927297,246.3317229794236
11844,97.23032283506969,23.29078025456277,183.11236401731995
11845,136.29374905622788,37.6529237520283,258.43949088320784
11846,77.64841318162694,15.97054681705371,164.5706649972159
11847,135.50136801148201,37.99437273295556,249.3978982913642
11848,91.4443744352479,24.099913127214872,199.01669235975604
11849,101.88991505820454,27.723583605162418,186.6617337948712
11850,142.7675608668279,37.18172121546923,253.03892156303297
11851,93.61462310882611,22.045646121350412,203.5025327167797
